Type = Reachback Firefly,Function = Reachback Firefly (ln/e^),Refract = 0.05,Epsilon = 0.3,Start_phase = 46
Timestamp,Phase,Offset,Ping?
1596165712,46,0,0
1596165712.01,47.79978370666504,0.25555555555555554,0
1596165712.02,49.59995365142822,0.25555555555555554,0
1596165712.03,51.39896488189697,0.25555555555555554,0
1596165712.04,53.19784736633301,0.25555555555555554,0
1596165712.05,54.99771690368652,0.25555555555555554,0
1596165712.06,56.79930305480957,0.25555555555555554,0
1596165712.07,58.59977340698242,0.25555555555555554,0
1596165712.08,60.39805507659912,0.25555555555555554,0
1596165712.09,62.20011329650879,0.25555555555555554,0
1596165712.1,63.99727916717529,0.25555555555555554,0
1596165712.11,65.79985237121582,0.25555555555555554,0
1596165712.12,67.59959316253662,0.25555555555555554,0
1596165712.1299999,69.39817523956299,0.25555555555555554,0
1596165712.1399999,71.19710063934326,0.25555555555555554,0
1596165712.1499999,72.99808597564697,0.25555555555555554,0
1596165712.1599998,74.79877090454102,0.25555555555555554,0
1596165712.1699998,76.59868335723877,0.25555555555555554,0
1596165712.1799998,78.39893913269043,0.25555555555555554,0
1596165712.1899998,80.19799327850342,0.25555555555555554,0
1596165712.1999998,81.9992790222168,0.25555555555555554,0
1596165712.2099998,83.79708862304688,0.25555555555555554,0
1596165712.2199998,85.5970869064331,0.25555555555555554,0
1596165712.2299998,87.40000343322754,0.25555555555555554,0
1596165712.2399998,89.19867134094238,0.25555555555555554,0
1596165712.2499998,90.99691009521484,0.25555555555555554,0
1596165712.2599998,92.79780960083008,0.25555555555555554,0
1596165712.2699997,94.59866619110107,0.25555555555555554,0
1596165712.2799997,96.39707660675049,0.25555555555555554,0
1596165712.2899997,98.1971607208252,0.25555555555555554,0
1596165712.2999997,99.997802734375,0.25555555555555554,0
1596165712.3099997,101.7969856262207,0.25555555555555554,0
1596165712.3199997,103.59788513183594,0.25555555555555554,0
1596165712.3299997,105.39689636230469,0.25555555555555554,0
1596165712.3399997,107.1993408203125,0.25555555555555554,0
1596165712.3499997,108.99993991851807,0.25555555555555554,0
1596165712.3599997,110.79929447174072,0.25555555555555554,0
1596165712.3699996,112.59727573394775,0.25555555555555554,0
1596165712.3799996,114.39693069458008,0.25555555555555554,0
1596165712.3899996,116.1995038986206,0.25555555555555554,0
1596165712.3999996,117.99791431427002,0.25555555555555554,0
1596165712.4099996,119.79911422729492,0.25555555555555554,0
1596165712.4199996,121.59786796569824,0.25555555555555554,0
1596165712.4299996,123.39782333374023,0.25555555555555554,0
1596165712.4399996,125.1973066329956,0.25555555555555554,0
1596165712.4499996,126.9987211227417,0.25555555555555554,0
1596165712.4599996,128.79927730560303,0.25555555555555554,0
1596165712.4699996,130.5998764038086,0.25555555555555554,0
1596165712.4799995,132.39691352844238,0.25555555555555554,0
1596165712.4899995,134.19854259490967,0.25555555555555554,0
1596165712.4999995,135.999098777771,0.25555555555555554,0
1596165712.5099995,137.79853916168213,0.25555555555555554,0
1596165712.5199995,139.5966920852661,0.25555555555555554,0
1596165712.5299995,141.3979778289795,0.25555555555555554,0
1596165712.5399995,143.19956398010254,0.25555555555555554,0
1596165712.5499995,144.99784564971924,0.25555555555555554,0
1596165712.5599995,146.79702854156494,0.25555555555555554,0
1596165712.5699995,148.59904384613037,0.25555555555555554,0
1596165712.5799994,150.3972396850586,0.25555555555555554,0
1596165712.5899994,152.19783878326416,0.25555555555555554,0
1596165712.5999994,153.99702167510986,0.25555555555555554,0
1596165712.6099994,155.79676246643066,0.25555555555555554,0
1596165712.6199994,157.59920692443848,0.25555555555555554,0
1596165712.6299994,159.39899063110352,0.25555555555555554,0
1596165712.6399994,161.19761562347412,0.25555555555555554,0
1596165712.6499994,162.9977855682373,0.25555555555555554,0
1596165712.6599994,164.79992961883545,0.25555555555555554,0
1596165712.6699994,166.59924125671387,0.25555555555555554,0
1596165712.6799994,168.3993682861328,0.25555555555555554,0
1596165712.6899993,170.19799327850342,0.25555555555555554,0
1596165712.690029,170.20198440551758,0.25555555555555554,0
1596165712.690029,170.20198440551758,0.25555555555555554,0
1596165712.6999993,171.99863529205322,0.25555555555555554,0
1596165712.7099993,173.79906272888184,0.25555555555555554,0
1596165712.7199993,175.59927558898926,0.25555555555555554,0
1596165712.7299993,177.39845848083496,0.25555555555555554,0
1596165712.7399993,179.19794178009033,0.25555555555555554,0
1596165712.7499993,180.99879837036133,0.25555555555555554,0
1596165712.7599993,182.79935455322266,0.25555555555555554,0
1596165712.7699993,184.59999656677246,0.25555555555555554,0
1596165712.7799993,186.39806365966797,0.25555555555555554,0
1596165712.7899992,188.197847366333,0.25555555555555554,0
1596165712.7999992,189.99737358093262,0.25555555555555554,0
1596165712.8099992,191.79737186431885,0.25555555555555554,0
1596165712.8199992,193.5978422164917,0.25555555555555554,0
1596165712.8299992,195.3993854522705,0.25555555555555554,0
1596165712.8399992,197.19895458221436,0.25555555555555554,0
1596165712.8499992,198.99757957458496,0.25555555555555554,0
1596165712.8599992,200.7990369796753,0.25555555555555554,0
1596165712.8699992,202.5998077392578,0.25555555555555554,0
1596165712.8799992,204.39959144592285,0.25555555555555554,0
1596165712.8899992,206.199933052063,0.25555555555555554,0
1596165712.8999991,207.9967555999756,0.25555555555555554,0
1596165712.9099991,209.79911422729492,0.25555555555555554,0
1596165712.9199991,211.59889793395996,0.25555555555555554,0
1596165712.929999,213.39748001098633,0.25555555555555554,0
1596165712.939999,215.1970920562744,0.25555555555555554,0
1596165712.949999,216.99910736083984,0.25555555555555554,0
1596165712.959999,218.79850482940674,0.25555555555555554,0
1596165712.969999,220.59961891174316,0.25555555555555554,0
1596165712.979999,222.39678478240967,0.25555555555555554,0
1596165712.989999,224.1984567642212,0.25555555555555554,0
1596165712.999999,225.99918460845947,0.25555555555555554,0
1596165713.009999,227.7982816696167,0.25555555555555554,0
1596165713.019999,229.5985803604126,0.25555555555555554,0
1596165713.029999,231.39905071258545,0.25555555555555554,0
1596165713.039999,233.19849109649658,0.25555555555555554,0
1596165713.049999,234.99827480316162,0.25555555555555554,0
1596165713.059999,236.79659938812256,0.25555555555555554,0
1596165713.069999,238.59732723236084,0.25555555555555554,0
1596165713.079999,240.39990043640137,0.25555555555555554,0
1596165713.089999,242.1976671218872,0.25555555555555554,0
1596165713.099999,243.99989700317383,0.25555555555555554,0
1596165713.109999,245.79946613311768,0.25555555555555554,0
1596165713.119999,247.59667491912842,0.25555555555555554,0
1596165713.129999,249.39766025543213,0.25555555555555554,0
1596165713.139999,251.1991605758667,0.25555555555555554,0
1596165713.149999,252.99684143066406,0.25555555555555554,0
1596165713.159999,254.80001544952393,0.25555555555555554,0
1596165713.169999,256.5970525741577,0.25555555555555554,0
1596165713.1799989,258.39842414855957,0.25555555555555554,0
1596165713.1899989,260.1980791091919,0.25555555555555554,0
1596165713.1999989,261.99833488464355,0.25555555555555554,0
1596165713.2099988,263.79760360717773,0.25555555555555554,0
1596165713.2199988,265.599404335022,0.25555555555555554,0
1596165713.2299988,267.39742851257324,0.25555555555555554,0
1596165713.2399988,269.1997871398926,0.25555555555555554,0
1596165713.2499988,270.9996566772461,0.25555555555555554,0
1596165713.2599988,272.7989683151245,0.25555555555555554,0
1596165713.2699988,274.59999656677246,0.25555555555555554,0
1596165713.2799988,276.39960861206055,0.25555555555555554,0
1596165713.2899988,278.1968173980713,0.25555555555555554,0
1596165713.2999988,279.9987897872925,0.25555555555555554,0
1596165713.3099988,281.7983160018921,0.25555555555555554,0
1596165713.3199987,283.5985288619995,0.25555555555555554,0
1596165713.3299987,285.39809799194336,0.25555555555555554,0
1596165713.3399987,287.19715213775635,0.25555555555555554,0
1596165713.3499987,288.9982662200928,0.25555555555555554,0
1596165713.3599987,290.7995090484619,0.25555555555555554,0
1596165713.3699987,292.5981340408325,0.25555555555555554,0
1596165713.3799987,294.3967161178589,0.25555555555555554,0
1596165713.3899987,296.19718647003174,0.25555555555555554,0
1596165713.3999987,297.998815536499,0.25555555555555554,0
1596165713.4099987,299.79937171936035,0.25555555555555554,0
1596165713.4199986,301.5976963043213,0.25555555555555554,0
1596165713.4299986,303.3981237411499,0.25555555555555554,0
1596165713.4399986,305.19657707214355,0.25555555555555554,0
1596165713.4499986,306.99820613861084,0.25555555555555554,0
1596165713.4599986,308.79897689819336,0.25555555555555554,0
1596165713.4699986,310.59734439849854,0.25555555555555554,0
1596165713.4799986,312.40000343322754,0.25555555555555554,0
1596165713.4899986,314.1997871398926,0.25555555555555554,0
1596165713.4999986,315.99836921691895,0.25555555555555554,0
1596165713.5099986,317.7989683151245,0.25555555555555554,0
1596165713.5199986,319.5985803604126,0.25555555555555554,0
1596165713.5299985,321.39737701416016,0.25555555555555554,0
1596165713.5399985,323.19776153564453,0.25555555555555554,0
1596165713.5499985,324.99951934814453,0.25555555555555554,0
1596165713.5599985,326.7978868484497,0.25555555555555554,0
1596165713.5699985,328.59878635406494,0.25555555555555554,0
1596165713.5799985,330.399471282959,0.25555555555555554,0
1596165713.5899985,332.19908332824707,0.25555555555555554,0
1596165713.5999985,333.9979658126831,0.25555555555555554,0
1596165713.6099985,335.7987365722656,0.25555555555555554,0
1596165713.6199985,337.5966749191284,0.25555555555555554,0
1596165713.6299984,339.3965873718262,0.25555555555555554,0
1596165713.6399984,341.19877433776855,0.25555555555555554,0
1596165713.6499984,342.9996738433838,0.25555555555555554,0
1596165713.6599984,344.79804134368896,0.25555555555555554,0
1596165713.6699984,346.5975675582886,0.25555555555555554,0
1596165713.6799984,348.3967504501343,0.25555555555555554,0
1596165713.6899984,350.19958114624023,0.25555555555555554,0
1596165713.6999984,351.99923610687256,0.25555555555555554,0
1596165713.7099984,353.79717445373535,0.25555555555555554,0
1596165713.7199984,355.59700107574463,0.25555555555555554,0
1596165713.7299984,357.39832973480225,0.25555555555555554,0
1596165713.7399983,359.1966543197632,0.25555555555555554,0
1596165713.7444723,360,0.25555555555555554,1
1596165713.7444723,0,0,0
1596165713.7544723,61.34726240938944,0.3308147961732437,0
1596165713.7644722,63.15000727480692,0.3308147961732437,0
1596165713.7744722,64.94841769045632,0.3308147961732437,0
1596165713.7844722,66.7467851907615,0.3308147961732437,0
1596165713.7944722,68.54699805086892,0.3308147961732437,0
1596165713.8044722,70.3477258951072,0.3308147961732437,0
1596165713.8144722,72.14708044832986,0.3308147961732437,0
1596165713.8244722,73.94961073702615,0.3308147961732437,0
1596165713.8344722,75.74905112093728,0.3308147961732437,0
1596165713.8444722,77.5472469598655,0.3308147961732437,0
1596165713.8544722,79.3484468728904,0.3308147961732437,0
1596165713.8644722,81.14810183352273,0.3308147961732437,0
1596165713.8744721,82.94754221743386,0.3308147961732437,0
1596165713.8844721,84.74762633150857,0.3308147961732437,0
1596165713.8944721,86.54788210696023,0.3308147961732437,0
1596165713.904472,88.3473654062156,0.3308147961732437,0
1596165713.914472,90.14959528750222,0.3308147961732437,0
1596165713.924472,91.95002272433084,0.3308147961732437,0
1596165713.934472,93.74671652621072,0.3308147961732437,0
1596165713.944472,95.54825976198953,0.3308147961732437,0
1596165713.954472,97.34744265383523,0.3308147961732437,0
1596165713.964472,99.14997294253152,0.3308147961732437,0
1596165713.974472,100.9483404428367,0.3308147961732437,0
1596165713.984472,102.74675085848611,0.3308147961732437,0
1596165713.994472,104.54975321596902,0.3308147961732437,0
1596165714.004472,106.34799197024148,0.3308147961732437,0
1596165714.014472,108.14829066103738,0.3308147961732437,0
1596165714.024472,109.9470443994407,0.3308147961732437,0
1596165714.034472,111.74875929659646,0.3308147961732437,0
1596165714.044472,113.54897215670388,0.3308147961732437,0
1596165714.054472,115.34746840304177,0.3308147961732437,0
1596165714.064472,117.1489258081321,0.3308147961732437,0
1596165714.074472,118.94909575289529,0.3308147961732437,0
1596165714.084472,120.7489652902488,0.3308147961732437,0
1596165714.094472,122.54862025088113,0.3308147961732437,0
1596165714.104472,124.34857561892312,0.3308147961732437,0
1596165714.114472,126.1467285425071,0.3308147961732437,0
1596165714.124472,127.9487009317283,0.3308147961732437,0
1596165714.134472,129.74779799288552,0.3308147961732437,0
1596165714.144472,131.54702380007546,0.3308147961732437,0
1596165714.1544719,133.3465929300193,0.3308147961732437,0
1596165714.1644719,135.14865114992898,0.3308147961732437,0
1596165714.1744719,136.94723322695535,0.3308147961732437,0
1596165714.1844718,138.74907687014382,0.3308147961732437,0
1596165714.1944718,140.54838850802224,0.3308147961732437,0
1596165714.2044718,142.3485155374412,0.3308147961732437,0
1596165714.2144718,144.1488142282371,0.3308147961732437,0
1596165714.2244718,145.9488983423118,0.3308147961732437,0
1596165714.2344718,147.7486391336326,0.3308147961732437,0
1596165714.2444718,149.547950771511,0.3308147961732437,0
1596165714.2544718,151.3473482400779,0.3308147961732437,0
1596165714.2644718,153.14691737002175,0.3308147961732437,0
1596165714.2744718,154.94747355288308,0.3308147961732437,0
1596165714.2844718,156.7482443124656,0.3308147961732437,0
1596165714.2944717,158.54695513552468,0.3308147961732437,0
1596165714.3044717,160.3496141702537,0.3308147961732437,0
1596165714.3144717,162.14815333193582,0.3308147961732437,0
1596165714.3244717,163.94733622378152,0.3308147961732437,0
1596165714.3344717,165.7484073907737,0.3308147961732437,0
1596165714.3444717,167.54831984347146,0.3308147961732437,0
1596165714.3544717,169.3490047723655,0.3308147961732437,0
1596165714.3644717,171.1477155954246,0.3308147961732437,0
1596165714.3744717,172.94887259310525,0.3308147961732437,0
1596165714.3844717,174.74869921511453,0.3308147961732437,0
1596165714.3944716,176.54981329745095,0.3308147961732437,0
1596165714.4044716,178.34775164431375,0.3308147961732437,0
1596165714.4144716,180.14757826632302,0.3308147961732437,0
1596165714.4244716,181.94972231692117,0.3308147961732437,0
1596165714.4344716,183.74821856325906,0.3308147961732437,0
1596165714.4444716,185.54928973025125,0.3308147961732437,0
1596165714.4544716,187.34804346865457,0.3308147961732437,0
1596165714.4644716,189.1467972070579,0.3308147961732437,0
1596165714.4744716,190.9493704110984,0.3308147961732437,0
1596165714.4844716,192.74726584261697,0.3308147961732437,0
1596165714.4944715,194.54833700960916,0.3308147961732437,0
1596165714.5044715,196.347004917324,0.3308147961732437,0
1596165714.5144715,198.14713194674295,0.3308147961732437,0
1596165714.5244715,199.94730189150613,0.3308147961732437,0
1596165714.5344715,201.7475576669578,0.3308147961732437,0
1596165714.5444715,203.54811384981912,0.3308147961732437,0
1596165714.5544715,205.3491850168113,0.3308147961732437,0
1596165714.5644715,207.1476812631492,0.3308147961732437,0
1596165714.5744715,208.94682123965066,0.3308147961732437,0
1596165714.5844715,210.7487507135276,0.3308147961732437,0
1596165714.5944715,212.54986479586404,0.3308147961732437,0
1596165714.6044714,214.34823229616921,0.3308147961732437,0
1596165714.6144714,216.14823057955545,0.3308147961732437,0
1596165714.6244714,217.9498167306785,0.3308147961732437,0
1596165714.6344714,219.74947169131082,0.3308147961732437,0
1596165714.6444714,221.546937969387,0.3308147961732437,0
1596165714.6544714,223.3472366601829,0.3308147961732437,0
1596165714.6644714,225.1493377954368,0.3308147961732437,0
1596165714.6744714,226.94787695711892,0.3308147961732437,0
1596165714.6844714,228.74663069552224,0.3308147961732437,0
1596165714.690129,229.76488306826394,0.3308147961732437,0
1596165714.690129,229.76488306826394,0.3308147961732437,0
1596165714.6944714,230.54838850802224,0.3308147961732437,0
1596165714.7044713,232.34924509829324,0.3308147961732437,0
1596165714.7144713,234.14653971499246,0.3308147961732437,0
1596165714.7244713,235.94949915713113,0.3308147961732437,0
1596165714.7344713,237.7469654352073,0.3308147961732437,0
1596165714.7444713,239.54855158633035,0.3308147961732437,0
1596165714.7544713,241.347906139553,0.3308147961732437,0
1596165714.7644713,243.14790442293923,0.3308147961732437,0
1596165714.7744713,244.9476022989158,0.3308147961732437,0
1596165714.7844713,246.74652769869607,0.3308147961732437,0
1596165714.7944713,248.54678347414773,0.3308147961732437,0
1596165714.8044713,250.34656718081277,0.3308147961732437,0
1596165714.8144712,252.14944079226296,0.3308147961732437,0
1596165714.8244712,253.94918158358377,0.3308147961732437,0
1596165714.8344712,255.74810698336404,0.3308147961732437,0
1596165714.8444712,257.5465603143577,0.3308147961732437,0
1596165714.8544712,259.34883311098855,0.3308147961732437,0
1596165714.8644712,261.1464710504417,0.3308147961732437,0
1596165714.8744712,262.9475851327781,0.3308147961732437,0
1596165714.8844712,264.74693968600076,0.3308147961732437,0
1596165714.8944712,266.54646590060037,0.3308147961732437,0
1596165714.9044712,268.3480520517234,0.3308147961732437,0
1596165714.9144711,270.1493377954368,0.3308147961732437,0
1596165714.9244711,271.94980814760964,0.3308147961732437,0
1596165714.9344711,273.74830439394754,0.3308147961732437,0
1596165714.9444711,275.54941847628396,0.3308147961732437,0
1596165714.954471,277.34830096072,0.3308147961732437,0
1596165714.964471,279.1481275827293,0.3308147961732437,0
1596165714.974471,280.9494562417869,0.3308147961732437,0
1596165714.984471,282.7483387262229,0.3308147961732437,0
1596165714.994471,284.5465774804954,0.3308147961732437,0
1596165715.004471,286.3492365152244,0.3308147961732437,0
1596165715.014471,288.14734652346414,0.3308147961732437,0
1596165715.024471,289.94734480685037,0.3308147961732437,0
1596165715.034471,291.74875929659646,0.3308147961732437,0
1596165715.044471,293.54824259585183,0.3308147961732437,0
1596165715.054471,295.3479404718284,0.3308147961732437,0
1596165715.064471,297.14742377108377,0.3308147961732437,0
1596165715.074471,298.94772246187966,0.3308147961732437,0
1596165715.084471,300.7487077981834,0.3308147961732437,0
1596165715.094471,302.5490494043235,0.3308147961732437,0
1596165715.104471,304.3495626718406,0.3308147961732437,0
1596165715.114471,306.1472006112937,0.3308147961732437,0
1596165715.124471,307.9475851327781,0.3308147961732437,0
1596165715.134471,309.7488708764915,0.3308147961732437,0
1596165715.144471,311.54848292177957,0.3308147961732437,0
1596165715.154471,313.3490391046409,0.3308147961732437,0
1596165715.164471,315.14985277956765,0.3308147961732437,0
1596165715.174471,316.9490785867576,0.3308147961732437,0
1596165715.184471,318.7470598489646,0.3308147961732437,0
1596165715.194471,320.5494613916282,0.3308147961732437,0
1596165715.2044709,322.34744265383523,0.3308147961732437,0
1596165715.2144709,324.1467972070579,0.3308147961732437,0
1596165715.2244709,325.94739630526345,0.3308147961732437,0
1596165715.2344708,327.74902537173074,0.3308147961732437,0
1596165715.2444708,329.5494957239036,0.3308147961732437,0
1596165715.2544708,331.34640410250466,0.3308147961732437,0
1596165715.2644708,333.1480760843162,0.3308147961732437,0
1596165715.2744708,334.9494905740623,0.3308147961732437,0
1596165715.2844708,336.74708559817117,0.3308147961732437,0
1596165715.2944708,338.54656889742654,0.3308147961732437,0
1596165715.3044708,340.34733965700906,0.3308147961732437,0
1596165715.3144708,342.1472521097068,0.3308147961732437,0
1596165715.3244708,343.94828036135476,0.3308147961732437,0
1596165715.3344707,345.74935152834695,0.3308147961732437,0
1596165715.3444707,347.5485773355369,0.3308147961732437,0
1596165715.3544707,349.3488760263328,0.3308147961732437,0
1596165715.3644707,351.1482734948997,0.3308147961732437,0
1596165715.3744707,352.9482288629417,0.3308147961732437,0
1596165715.3844707,354.74951460665505,0.3308147961732437,0
1596165715.3944707,356.5477533609275,0.3308147961732437,0
1596165715.4044707,358.34663584536355,0.3308147961732437,0
1596165715.4136631,360,0.3308147961732437,1
1596165715.4136631,0,0,0
1596165715.4236631,82.18638209543901,0.4465848222950144,0
1596165715.4336631,83.9874532624312,0.4465848222950144,0
1596165715.4436631,85.78526286326128,0.4465848222950144,0
1596165715.453663,87.58646277628618,0.4465848222950144,0
1596165715.463663,89.38766268931109,0.4465848222950144,0
1596165715.473663,91.18654517374712,0.4465848222950144,0
1596165715.483663,92.98804549418169,0.4465848222950144,0
1596165715.493663,94.78551177225786,0.4465848222950144,0
1596165715.503663,96.5882137223311,0.4465848222950144,0
1596165715.513663,98.38713912211138,0.4465848222950144,0
1596165715.523663,100.18563536844927,0.4465848222950144,0
1596165715.533663,101.98576239786821,0.4465848222950144,0
1596165715.543663,103.78623275004107,0.4465848222950144,0
1596165715.553663,105.5862310334273,0.4465848222950144,0
1596165715.563663,107.38601474009234,0.4465848222950144,0
1596165715.573663,109.1886308594771,0.4465848222950144,0
1596165715.583663,110.98845748148638,0.4465848222950144,0
1596165715.593663,112.78828410349566,0.4465848222950144,0
1596165715.603663,114.58759574137407,0.4465848222950144,0
1596165715.613663,116.38527659617144,0.4465848222950144,0
1596165715.623663,118.18840769968706,0.4465848222950144,0
1596165715.633663,119.98634604654985,0.4465848222950144,0
1596165715.643663,121.78561476908403,0.4465848222950144,0
1596165715.653663,123.58870295725542,0.4465848222950144,0
1596165715.663663,125.38677005015093,0.4465848222950144,0
1596165715.673663,127.18629626475054,0.4465848222950144,0
1596165715.683663,128.98723868571003,0.4465848222950144,0
1596165715.693663,130.78556327067096,0.4465848222950144,0
1596165715.7036629,132.58740691385944,0.4465848222950144,0
1596165715.7136629,134.38796309672077,0.4465848222950144,0
1596165715.7236629,136.18843344889362,0.4465848222950144,0
1596165715.7336628,137.98753051005085,0.4465848222950144,0
1596165715.7436628,139.78752879343708,0.4465848222950144,0
1596165715.7536628,141.58611087046344,0.4465848222950144,0
1596165715.7636628,143.38649539194782,0.4465848222950144,0
1596165715.7736628,145.18567828379352,0.4465848222950144,0
1596165715.7836628,146.9860628052779,0.4465848222950144,0
1596165715.7936628,148.7854602738448,0.4465848222950144,0
1596165715.8036628,150.5875614090987,0.4465848222950144,0
1596165715.8136628,152.38803176127155,0.4465848222950144,0
1596165715.8236628,154.18618468485553,0.4465848222950144,0
1596165715.8336627,155.98635462961872,0.4465848222950144,0
1596165715.8436627,157.78549460612018,0.4465848222950144,0
1596165715.8536627,159.58540705881794,0.4465848222950144,0
1596165715.8636627,161.38609198771198,0.4465848222950144,0
1596165715.8736627,163.18626193247516,0.4465848222950144,0
1596165715.8836627,164.98793391428669,0.4465848222950144,0
1596165715.8936627,166.78840426645954,0.4465848222950144,0
1596165715.9036627,168.5874154969283,0.4465848222950144,0
1596165715.9136627,170.38608340464313,0.4465848222950144,0
1596165715.9236627,172.18766955576618,0.4465848222950144,0
1596165715.9336627,173.98556498728473,0.4465848222950144,0
1596165715.9436626,175.7867219849654,0.4465848222950144,0
1596165715.9536626,177.58732108317096,0.4465848222950144,0
1596165715.9636626,179.3865468903609,0.4465848222950144,0
1596165715.9736626,181.1851718827315,0.4465848222950144,0
1596165715.9836626,182.98843173227985,0.4465848222950144,0
1596165715.9936626,184.7868850632735,0.4465848222950144,0
1596165716.0036626,186.5878703995772,0.4465848222950144,0
1596165716.0136626,188.3869245453902,0.4465848222950144,0
1596165716.0236626,190.18760947428424,0.4465848222950144,0
1596165716.0336626,191.98812274180133,0.4465848222950144,0
1596165716.0436625,193.78584651194294,0.4465848222950144,0
1596165716.0536625,195.5877759858199,0.4465848222950144,0
1596165716.0636625,197.38725928507526,0.4465848222950144,0
1596165716.0736625,199.186270515544,0.4465848222950144,0
1596165716.0836625,200.9875562592574,0.4465848222950144,0
1596165716.0936625,202.78635291300495,0.4465848222950144,0
1596165716.1036625,204.58802489481647,0.4465848222950144,0
1596165716.1136625,206.38810900889118,0.4465848222950144,0
1596165716.1236625,208.1863048478194,0.4465848222950144,0
1596165716.1336625,209.98720435343463,0.4465848222950144,0
1596165716.1436625,211.78831843577106,0.4465848222950144,0
1596165716.1536624,213.58771590433795,0.4465848222950144,0
1596165716.1636624,215.38531092844684,0.4465848222950144,0
1596165716.1736624,217.1877983017989,0.4465848222950144,0
1596165716.1836624,218.98595122538288,0.4465848222950144,0
1596165716.1936624,220.7876232071944,0.4465848222950144,0
1596165716.2036624,222.5882652207442,0.4465848222950144,0
1596165716.2136624,224.38783435068805,0.4465848222950144,0
1596165716.2236624,226.18624476633747,0.4465848222950144,0
1596165716.2336624,227.98628596506794,0.4465848222950144,0
1596165716.2436624,229.78727130137165,0.4465848222950144,0
1596165716.2536623,231.58563880167682,0.4465848222950144,0
1596165716.2636623,233.38653830729206,0.4465848222950144,0
1596165716.2736623,235.18537787638385,0.4465848222950144,0
1596165716.2836623,236.98632029734333,0.4465848222950144,0
1596165716.2936623,238.78618983469684,0.4465848222950144,0
1596165716.3036623,240.58635977946003,0.4465848222950144,0
1596165716.3136623,242.38575724802692,0.4465848222950144,0
1596165716.3164935,242.89473323069294,0.4465848222950144,0
1596165716.3164935,242.89473323069294,0.4465848222950144,0
1596165716.3236623,244.18575553141315,0.4465848222950144,0
1596165716.3336623,245.98519591532428,0.4465848222950144,0
1596165716.3436623,247.7878549500533,0.4465848222950144,0
1596165716.3536623,249.58845404825885,0.4465848222950144,0
1596165716.3636622,251.38720778666217,0.4465848222950144,0
1596165716.3736622,253.18536071024616,0.4465848222950144,0
1596165716.3836622,254.98849181376178,0.4465848222950144,0
1596165716.3936622,256.7870738907881,0.4465848222950144,0
1596165716.4036622,258.587372581584,0.4465848222950144,0
1596165716.4136622,260.3885295792647,0.4465848222950144,0
1596165716.4236622,262.1859529419966,0.4465848222950144,0
1596165716.4336622,263.9874532624312,0.4465848222950144,0
1596165716.4436622,265.78646449289994,0.4465848222950144,0
1596165716.4536622,267.5874069138594,0.4465848222950144,0
1596165716.4636621,269.38706187449174,0.4465848222950144,0
1596165716.4736621,271.1861160203047,0.4465848222950144,0
1596165716.4836621,272.9881742402144,0.4465848222950144,0
1596165716.493662,274.7863271637984,0.4465848222950144,0
1596165716.503662,276.5875699921675,0.4465848222950144,0
1596165716.513662,278.38568000040726,0.4465848222950144,0
1596165716.523662,280.1870086594649,0.4465848222950144,0
1596165716.533662,281.9877794190474,0.4465848222950144,0
1596165716.543662,283.78657607279496,0.4465848222950144,0
1596165716.553662,285.5862310334273,0.4465848222950144,0
1596165716.563662,287.38704470835404,0.4465848222950144,0
1596165716.573662,289.1878583832808,0.4465848222950144,0
1596165716.583662,290.98506716929154,0.4465848222950144,0
1596165716.593662,292.78785495005326,0.4465848222950144,0
1596165716.603662,294.5875528260298,0.4465848222950144,0
1596165716.613662,296.38609198771195,0.4465848222950144,0
1596165716.623662,298.1879356309004,0.4465848222950144,0
1596165716.633662,299.98711852274613,0.4465848222950144,0
1596165716.643662,301.7872884675093,0.4465848222950144,0
1596165716.653662,303.588273803813,0.4465848222950144,0
1596165716.663662,305.3878858491011,0.4465848222950144,0
1596165716.673662,307.18621043406205,0.4465848222950144,0
1596165716.683662,308.98560790262894,0.4465848222950144,0
1596165716.693662,310.78805236063675,0.4465848222950144,0
1596165716.703662,312.5873639985152,0.4465848222950144,0
1596165716.713662,314.38822058878617,0.4465848222950144,0
1596165716.723662,316.1880901261397,0.4465848222950144,0
1596165716.733662,317.985041420085,0.4465848222950144,0
1596165716.7436619,319.78516844950394,0.4465848222950144,0
1596165716.7536619,321.5855100556441,0.4465848222950144,0
1596165716.7636619,323.38778285227494,0.4465848222950144,0
1596165716.7736619,325.18632201395707,0.4465848222950144,0
1596165716.7836618,326.98524741373734,0.4465848222950144,0
1596165716.7936618,328.78837851725297,0.4465848222950144,0
1596165716.8036618,330.5871751710005,0.4465848222950144,0
1596165716.8136618,332.3874738617964,0.4465848222950144,0
1596165716.8236618,334.18815879069047,0.4465848222950144,0
1596165716.8336618,335.98515299998,0.4465848222950144,0
1596165716.8436618,337.7865674897261,0.4465848222950144,0
1596165716.8536618,339.58746699534134,0.4465848222950144,0
1596165716.8636618,341.3866069718428,0.4465848222950144,0
1596165716.8736618,343.18763522349076,0.4465848222950144,0
1596165716.8836617,344.98780516825394,0.4465848222950144,0
1596165716.8936617,346.78600100718216,0.4465848222950144,0
1596165716.9036617,348.5860851212569,0.4465848222950144,0
1596165716.9136617,350.3862979813643,0.4465848222950144,0
1596165716.9236617,352.1853521271773,0.4465848222950144,0
1596165716.9336617,353.98629454813675,0.4465848222950144,0
1596165716.9436617,355.7862070008345,0.4465848222950144,0
1596165716.9536617,357.58599070749955,0.4465848222950144,0
1596165716.9636617,359.38822058878617,0.4465848222950144,0
1596165716.96708,360,0.4465848222950144,1
1596165716.96708,0,0,0
1596165716.97708,86.77886001796783,0.47210478741434225,0
1596165716.98708,88.58010284633697,0.47210478741434225,0
1596165716.99708,90.3815602514273,0.47210478741434225,0
1596165717.00708,92.1813010427481,0.47210478741434225,0
1596165717.01708,93.98108474941314,0.47210478741434225,0
1596165717.02708,95.78073971004547,0.47210478741434225,0
1596165717.03708,97.58013717861236,0.47210478741434225,0
1596165717.04708,99.3808221075064,0.47210478741434225,0
1596165717.05708,101.1802195760733,0.47210478741434225,0
1596165717.06708,102.98214904995025,0.47210478741434225,0
1596165717.07708,104.78038780422271,0.47210478741434225,0
1596165717.08708,106.58133022518219,0.47210478741434225,0
1596165717.09708,108.38004104824127,0.47210478741434225,0
1596165717.10708,110.17905227871002,0.47210478741434225,0
1596165717.11708,111.98003761501373,0.47210478741434225,0
1596165717.12708,113.77960674495758,0.47210478741434225,0
1596165717.13708,115.57947628231109,0.47210478741434225,0
1596165717.14708,117.38028995723785,0.47210478741434225,0
1596165717.15708,119.18114654750885,0.47210478741434225,0
1596165717.16708,120.97977153987945,0.47210478741434225,0
1596165717.17708,122.78161518306793,0.47210478741434225,0
1596165717.18708,124.57882396907867,0.47210478741434225,0
1596165717.19708,126.38191215725006,0.47210478741434225,0
1596165717.20708,128.18049423427644,0.47210478741434225,0
1596165717.2170799,129.98190872402253,0.47210478741434225,0
1596165717.2270799,131.77950374813142,0.47210478741434225,0
1596165717.2370799,133.57975952358308,0.47210478741434225,0
1596165717.2470798,135.37881366939607,0.47210478741434225,0
1596165717.2570798,137.18147270412507,0.47210478741434225,0
1596165717.2670798,138.9816855642325,0.47210478741434225,0
1596165717.2770798,140.7808684560782,0.47210478741434225,0
1596165717.2870798,142.57910721035066,0.47210478741434225,0
1596165717.2970798,144.38138000698152,0.47210478741434225,0
1596165717.3070798,146.18172161312165,0.47210478741434225,0
1596165717.3170798,147.98180572719636,0.47210478741434225,0
1596165717.3270798,149.77931492061677,0.47210478741434225,0
1596165717.3370798,151.58115856380525,0.47210478741434225,0
1596165717.3470798,153.3817576620108,0.47210478741434225,0
1596165717.3570797,155.1806830617911,0.47210478741434225,0
1596165717.3670797,156.98008053035798,0.47210478741434225,0
1596165717.3770797,158.78213875026765,0.47210478741434225,0
1596165717.3870797,160.5794762823111,0.47210478741434225,0
1596165717.3970797,162.38084785671296,0.47210478741434225,0
1596165717.4070797,164.18003074855866,0.47210478741434225,0
1596165717.4170797,165.98088733882966,0.47210478741434225,0
1596165717.4270797,167.78092853756013,0.47210478741434225,0
1596165717.4370797,169.58144180507722,0.47210478741434225,0
1596165717.4470797,171.38178341121736,0.47210478741434225,0
1596165717.4570796,173.17916385860505,0.47210478741434225,0
1596165717.4670796,174.9807500097281,0.47210478741434225,0
1596165717.4770796,176.78019039363923,0.47210478741434225,0
1596165717.4870796,178.5807894918448,0.47210478741434225,0
1596165717.4970796,180.38027279110017,0.47210478741434225,0
1596165717.5070796,182.18091480464997,0.47210478741434225,0
1596165717.5170796,183.9812564107901,0.47210478741434225,0
1596165717.5270796,185.77988140316072,0.47210478741434225,0
1596165717.5370796,187.58103840084138,0.47210478741434225,0
1596165717.5470796,189.37983505458894,0.47210478741434225,0
1596165717.5570796,191.1793183538443,0.47210478741434225,0
1596165717.5670795,192.9820632192618,0.47210478741434225,0
1596165717.5770795,194.7799157354361,0.47210478741434225,0
1596165717.5870795,196.5790986272818,0.47210478741434225,0
1596165717.5970795,198.37931148738923,0.47210478741434225,0
1596165717.6070795,200.17973892421784,0.47210478741434225,0
1596165717.6170795,201.9804238531119,0.47210478741434225,0
1596165717.6270795,203.7811946126944,0.47210478741434225,0
1596165717.6370795,205.57994835109773,0.47210478741434225,0
1596165717.6470795,207.38131992549958,0.47210478741434225,0
1596165717.6570795,209.18003074855866,0.47210478741434225,0
1596165717.6670794,210.98020069332185,0.47210478741434225,0
1596165717.6770794,212.78208725185456,0.47210478741434225,0
1596165717.6870794,214.5791672918326,0.47210478741434225,0
1596165717.6970794,216.3789080831534,0.47210478741434225,0
1596165717.7070794,218.17942135067048,0.47210478741434225,0
1596165717.7170794,219.97911922664704,0.47210478741434225,0
1596165717.7270794,221.78186409206452,0.47210478741434225,0
1596165717.7370794,223.58014576168122,0.47210478741434225,0
1596165717.7470794,225.38083069057527,0.47210478741434225,0
1596165717.7570794,227.18009941310945,0.47210478741434225,0
1596165717.7670794,228.980698511315,0.47210478741434225,0
1596165717.7770793,230.77949516506257,0.47210478741434225,0
1596165717.7870793,232.57979385585847,0.47210478741434225,0
1596165717.7970793,234.37897674770417,0.47210478741434225,0
1596165717.8070793,236.17914669246736,0.47210478741434225,0
1596165717.8170793,237.9789303991324,0.47210478741434225,0
1596165717.8270793,239.77897159786286,0.47210478741434225,0
1596165717.8370793,241.58158771724763,0.47210478741434225,0
1596165717.8470793,243.37965481014314,0.47210478741434225,0
1596165717.8570793,245.18209926815095,0.47210478741434225,0
1596165717.8670793,246.9807671758658,0.47210478741434225,0
1596165717.8770792,248.7802933904654,0.47210478741434225,0
1596165717.8870792,250.58110706539216,0.47210478741434225,0
1596165717.8970792,252.38140575618806,0.47210478741434225,0
1596165717.9070792,254.18136112423005,0.47210478741434225,0
1596165717.9170792,255.9791278097159,0.47210478741434225,0
1596165717.9270792,257.7790402624136,0.47210478741434225,0
1596165717.929103,258.14296238155424,0.47210478741434225,0
1596165717.929103,258.14296238155424,0.47210478741434225,0
1596165717.9370792,259.58092682094633,0.47210478741434225,0
1596165717.9470792,261.38113968105375,0.47210478741434225,0
1596165717.9570792,263.18032257289946,0.47210478741434225,0
1596165717.9670792,264.98096458644926,0.47210478741434225,0
1596165717.9770792,266.7815207693106,0.47210478741434225,0
1596165717.9870791,268.5810469839102,0.47210478741434225,0
1596165717.9970791,270.3797578069693,0.47210478741434225,0
1596165718.0070791,272.1806573125845,0.47210478741434225,0
1596165718.017079,273.98211471767485,0.47210478741434225,0
1596165718.027079,275.77915184230864,0.47210478741434225,0
1596165718.037079,277.5801800939566,0.47210478741434225,0
1596165718.047079,279.37876217098295,0.47210478741434225,0
1596165718.057079,281.18176452846586,0.47210478741434225,0
1596165718.067079,282.9795312139517,0.47210478741434225,0
1596165718.077079,284.7818469259268,0.47210478741434225,0
1596165718.087079,286.5788840505606,0.47210478741434225,0
1596165718.097079,288.3813285085684,0.47210478741434225,0
1596165718.107079,290.17956726284086,0.47210478741434225,0
1596165718.117079,291.98020927639067,0.47210478741434225,0
1596165718.127079,293.7786626073843,0.47210478741434225,0
1596165718.137079,295.580720827294,0.47210478741434225,0
1596165718.147079,297.38084785671293,0.47210478741434225,0
1596165718.157079,299.1809748861319,0.47210478741434225,0
1596165718.167079,300.98135940761625,0.47210478741434225,0
1596165718.177079,302.78208725185453,0.47210478741434225,0
1596165718.187079,304.58182804317534,0.47210478741434225,0
1596165718.197079,306.3792943212515,0.47210478741434225,0
1596165718.207079,308.1819104406363,0.47210478741434225,0
1596165718.217079,309.9796342107779,0.47210478741434225,0
1596165718.227079,311.7813920232779,0.47210478741434225,0
1596165718.237079,313.580832407189,0.47210478741434225,0
1596165718.247079,315.38018696041166,0.47210478741434225,0
1596165718.257079,317.1798848363882,0.47210478741434225,0
1596165718.2670789,318.98099891872465,0.47210478741434225,0
1596165718.2770789,320.7803534719473,0.47210478741434225,0
1596165718.2870789,322.5791930410391,0.47210478741434225,0
1596165718.2970788,324.3807362768179,0.47210478741434225,0
1596165718.3070788,326.17918960781157,0.47210478741434225,0
1596165718.3170788,327.98081867427885,0.47210478741434225,0
1596165718.3270788,329.78025905819,0.47210478741434225,0
1596165718.3370788,331.5806864950186,0.47210478741434225,0
1596165718.3470788,333.3806418630606,0.47210478741434225,0
1596165718.3570788,335.1814126226431,0.47210478741434225,0
1596165718.3670788,336.9789218160635,0.47210478741434225,0
1596165718.3770788,338.78093712062895,0.47210478741434225,0
1596165718.3870788,340.5787038061148,0.47210478741434225,0
1596165718.3970788,342.3803328725821,0.47210478741434225,0
1596165718.4070787,344.17973034114897,0.47210478741434225,0
1596165718.4170787,345.97899906368315,0.47210478741434225,0
1596165718.4270787,347.7810143682486,0.47210478741434225,0
1596165718.4370787,349.5790814611441,0.47210478741434225,0
1596165718.4470787,351.3817834112173,0.47210478741434225,0
1596165718.4570787,353.18045131893217,0.47210478741434225,0
1596165718.4670787,354.9793338033682,0.47210478741434225,0
1596165718.4770787,356.7803191396719,0.47210478741434225,0
1596165718.4870787,358.58177654476225,0.47210478741434225,0
1596165718.4949944,360,0.47210478741434225,1
1596165718.4949944,0,0,0
1596165718.5049944,92.11440267787435,0.5017421611274866,0
1596165718.5149944,93.91551676021078,0.5017421611274866,0
1596165718.5249944,95.71409883723715,0.5017421611274866,0
1596165718.5349944,97.51474085078695,0.5017421611274866,0
1596165718.5449944,99.31473913417318,0.5017421611274866,0
1596165718.5549943,101.11589613185384,0.5017421611274866,0
1596165718.5649943,102.91555109248617,0.5017421611274866,0
1596165718.5749943,104.71533479915121,0.5017421611274866,0
1596165718.5849943,106.51468935237386,0.5017421611274866,0
1596165718.5949943,108.31387224421957,0.5017421611274866,0
1596165718.6049943,110.11545839534261,0.5017421611274866,0
1596165718.6149943,111.91567125545004,0.5017421611274866,0
1596165718.6249943,113.71609869227865,0.5017421611274866,0
1596165718.6349943,115.51592531428793,0.5017421611274866,0
1596165718.6449943,117.31480779872396,0.5017421611274866,0
1596165718.6549942,119.11476316676595,0.5017421611274866,0
1596165718.6649942,120.91471853480795,0.5017421611274866,0
1596165718.6749942,122.7166480086849,0.5017421611274866,0
1596165718.6849942,124.51411428676107,0.5017421611274866,0
1596165718.6949942,126.31415548549154,0.5017421611274866,0
1596165718.7049942,128.11535539851644,0.5017421611274866,0
1596165718.7149942,129.9156111739681,0.5017421611274866,0
1596165718.7249942,131.71633901820638,0.5017421611274866,0
1596165718.7349942,133.51607980952718,0.5017421611274866,0
1596165718.7449942,135.31582060084799,0.5017421611274866,0
1596165718.7549942,137.11654844508627,0.5017421611274866,0
1596165718.7649941,138.91538801417806,0.5017421611274866,0
1596165718.7749941,140.71521463618734,0.5017421611274866,0
1596165718.7849941,142.51559915767172,0.5017421611274866,0
1596165718.794994,144.31632700191,0.5017421611274866,0
1596165718.804994,146.11366453395345,0.5017421611274866,0
1596165718.814994,147.91640939937093,0.5017421611274866,0
1596165718.824994,149.7153347991512,0.5017421611274866,0
1596165718.834994,151.51666345820882,0.5017421611274866,0
1596165718.844994,153.31395807490804,0.5017421611274866,0
1596165718.854994,155.11395635829427,0.5017421611274866,0
1596165718.864994,156.91545667872884,0.5017421611274866,0
1596165718.874994,158.71360960231283,0.5017421611274866,0
1596165718.884994,160.51519575343588,0.5017421611274866,0
1596165718.894994,162.31635275111654,0.5017421611274866,0
1596165718.904994,164.11429109797933,0.5017421611274866,0
1596165718.914994,165.9157914184139,0.5017421611274866,0
1596165718.924994,167.71411600337484,0.5017421611274866,0
1596165718.934994,169.51608839259603,0.5017421611274866,0
1596165718.944994,171.3147992156551,0.5017421611274866,0
1596165718.954994,173.11415376887777,0.5017421611274866,0
1596165718.964994,174.914152052264,0.5017421611274866,0
1596165718.974994,176.71470823512533,0.5017421611274866,0
1596165718.984994,178.51582231746175,0.5017421611274866,0
1596165718.994994,180.31603517756918,0.5017421611274866,0
1596165719.004994,182.11607637629965,0.5017421611274866,0
1596165719.014994,183.9159888289974,0.5017421611274866,0
1596165719.024994,185.7157296203182,0.5017421611274866,0
1596165719.034994,187.5158137343929,0.5017421611274866,0
1596165719.0449939,189.31482496486166,0.5017421611274866,0
1596165719.0549939,191.11598196254232,0.5017421611274866,0
1596165719.0649939,192.9161519073055,0.5017421611274866,0
1596165719.0749938,194.71378984675863,0.5017421611274866,0
1596165719.0849938,196.51614847407797,0.5017421611274866,0
1596165719.0949938,198.31588926539877,0.5017421611274866,0
1596165719.1049938,200.11429968104818,0.5017421611274866,0
1596165719.1149938,201.91567125545004,0.5017421611274866,0
1596165719.1249938,203.7153691314266,0.5017421611274866,0
1596165719.1349938,205.5169123672054,0.5017421611274866,0
1596165719.1449938,207.31592359767416,0.5017421611274866,0
1596165719.1549938,209.11557855830648,0.5017421611274866,0
1596165719.1649938,210.91561975703695,0.5017421611274866,0
1596165719.1749938,212.71634760127523,0.5017421611274866,0
1596165719.1849937,214.51643171534994,0.5017421611274866,0
1596165719.1949937,216.3161295913265,0.5017421611274866,0
1596165719.2049937,218.11346712336996,0.5017421611274866,0
1596165719.2149937,219.914152052264,0.5017421611274866,0
1596165719.2249937,221.7155665420101,0.5017421611274866,0
1596165719.2349937,223.5153073333309,0.5017421611274866,0
1596165719.2449937,225.31607809291341,0.5017421611274866,0
1596165719.2549937,227.11672010646322,0.5017421611274866,0
1596165719.2649937,228.91624632106283,0.5017421611274866,0
1596165719.2749937,230.7157296203182,0.5017421611274866,0
1596165719.2849936,232.51667204127767,0.5017421611274866,0
1596165719.2949936,234.31615534053304,0.5017421611274866,0
1596165719.3049936,236.11353578792074,0.5017421611274866,0
1596165719.3149936,237.9163664840267,0.5017421611274866,0
1596165719.3249936,239.71378984675863,0.5017421611274866,0
1596165719.3349936,241.5165347121761,0.5017421611274866,0
1596165719.3449936,243.31365766749838,0.5017421611274866,0
1596165719.3549936,245.11485758052328,0.5017421611274866,0
1596165719.3649936,246.91519918666341,0.5017421611274866,0
1596165719.3749936,248.71442499385336,0.5017421611274866,0
1596165719.3849936,250.51609697566488,0.5017421611274866,0
1596165719.3949935,252.3161810897396,0.5017421611274866,0
1596165719.4049935,254.11630811915853,0.5017421611274866,0
1596165719.4149935,255.9165638946102,0.5017421611274866,0
1596165719.4249935,257.7149743102596,0.5017421611274866,0
1596165719.4349935,259.51462927089193,0.5017421611274866,0
1596165719.4449935,261.31359758601644,0.5017421611274866,0
1596165719.4549935,263.1153983138607,0.5017421611274866,0
1596165719.4649935,264.9156111739681,0.5017421611274866,0
1596165719.4749935,266.7143649123714,0.5017421611274866,0
1596165719.4849935,268.51346197352865,0.5017421611274866,0
1596165719.4949934,270.31431856379965,0.5017421611274866,0
1596165719.5049934,272.1146601699398,0.5017421611274866,0
1596165719.5149934,273.9154309295223,0.5017421611274866,0
1596165719.5249934,275.7157296203182,0.5017421611274866,0
1596165719.5349934,277.5156849883602,0.5017421611274866,0
1596165719.5449934,279.3139666579769,0.5017421611274866,0
1596165719.5549934,281.1139649413631,0.5017421611274866,0
1596165719.5604854,282.10196199641683,0.5017421611274866,0
1596165719.5604854,282.10196199641683,0.5017421611274866,0
1596165719.5649934,282.9151219390438,0.5017421611274866,0
1596165719.5749934,284.7144335769222,0.5017421611274866,0
1596165719.5849934,286.5145176909969,0.5017421611274866,0
1596165719.5949934,288.31408682094076,0.5017421611274866,0
1596165719.6049933,290.1137417815731,0.5017421611274866,0
1596165719.6149933,291.9163149856136,0.5017421611274866,0
1596165719.6249933,293.71554079280355,0.5017421611274866,0
1596165719.6349933,295.5160969756649,0.5017421611274866,0
1596165719.6449933,297.31455030665853,0.5017421611274866,0
1596165719.6549933,299.1149348281429,0.5017421611274866,0
1596165719.6649933,300.91609182582357,0.5017421611274866,0
1596165719.6749933,302.71570387111166,0.5017421611274866,0
1596165719.6849933,304.5167321227596,0.5017421611274866,0
1596165719.6949933,306.3154858611629,0.5017421611274866,0
1596165719.7049932,308.1153983138607,0.5017421611274866,0
1596165719.7149932,309.9166411422298,0.5017421611274866,0
1596165719.7249932,311.7140215896175,0.5017421611274866,0
1596165719.7349932,313.5152215026424,0.5017421611274866,0
1596165719.7449932,315.313846495013,0.5017421611274866,0
1596165719.7549932,317.11663427577474,0.5017421611274866,0
1596165719.7649932,318.9141863845394,0.5017421611274866,0
1596165719.7749932,320.71542921290853,0.5017421611274866,0
1596165719.7849932,322.5143546126888,0.5017421611274866,0
1596165719.7949932,324.3135375045345,0.5017421611274866,0
1596165719.8049932,326.1160677932308,0.5017421611274866,0
1596165719.8149931,327.9140061400936,0.5017421611274866,0
1596165719.8249931,329.71357527003744,0.5017421611274866,0
1596165719.8349931,331.5151614211605,0.5017421611274866,0
1596165719.844993,333.3142155669735,0.5017421611274866,0
1596165719.854993,335.11382761226156,0.5017421611274866,0
1596165719.864993,336.9158858321712,0.5017421611274866,0
1596165719.874993,338.71678533778646,0.5017421611274866,0
1596165719.884993,340.51438036189535,0.5017421611274866,0
1596165719.894993,342.3149365447567,0.5017421611274866,0
1596165719.904993,344.11484899745443,0.5017421611274866,0
1596165719.914993,345.91360273585775,0.5017421611274866,0
1596165719.924993,347.7155322097347,0.5017421611274866,0
1596165719.934993,349.5150584243343,0.5017421611274866,0
1596165719.944993,351.3159150146053,0.5017421611274866,0
1596165719.954993,353.11389627681234,0.5017421611274866,0
1596165719.964993,354.9133366607235,0.5017421611274866,0
1596165719.974993,356.7135495208309,0.5017421611274866,0
1596165719.984993,358.51359071956136,0.5017421611274866,0
1596165719.993268,360,0.5017421611274866,1
1596165719.993268,0,0,0
1596165720.003268,100.49615472971323,0.5483103113273184,0
1596165720.013268,102.29593843637826,0.5483103113273184,0
1596165720.023268,104.09761041818979,0.5483103113273184,0
1596165720.033268,105.89881033121469,0.5483103113273184,0
1596165720.043268,107.69769281565073,0.5483103113273184,0
1596165720.053268,109.49867815195444,0.5483103113273184,0
1596165720.063268,111.29644483744028,0.5483103113273184,0
1596165720.073268,113.09597105203989,0.5483103113273184,0
1596165720.083268,114.8975142878187,0.5483103113273184,0
1596165720.093268,116.69922918497446,0.5483103113273184,0
1596165720.103268,118.49665254770639,0.5483103113273184,0
1596165720.113268,120.29733747660043,0.5483103113273184,0
1596165720.123268,122.09652036844614,0.5483103113273184,0
1596165720.1332679,123.89596075235727,0.5483103113273184,0
1596165720.1432679,125.69728941141489,0.5483103113273184,0
1596165720.1532679,127.4966010492933,0.5483103113273184,0
1596165720.1632679,129.29737180887582,0.5483103113273184,0
1596165720.1732678,131.09767049967172,0.5483103113273184,0
1596165720.1832678,132.8963813227308,0.5483103113273184,0
1596165720.1932678,134.697452489723,0.5483103113273184,0
1596165720.2032678,136.49723619638803,0.5483103113273184,0
1596165720.2132678,138.2990798395765,0.5483103113273184,0
1596165720.2232678,140.09804815470102,0.5483103113273184,0
1596165720.2332678,141.89890474497201,0.5483103113273184,0
1596165720.2432678,143.69911760507944,0.5483103113273184,0
1596165720.2532678,145.49619764505746,0.5483103113273184,0
1596165720.2632678,147.29606718241098,0.5483103113273184,0
1596165720.2732677,149.09855455576303,0.5483103113273184,0
1596165720.2832677,150.8980378550184,0.5483103113273184,0
1596165720.2932677,152.69593328653696,0.5483103113273184,0
1596165720.3032677,154.49653238474252,0.5483103113273184,0
1596165720.3132677,156.29790395914438,0.5483103113273184,0
1596165720.3232677,158.09884638010385,0.5483103113273184,0
1596165720.3332677,159.89579767404916,0.5483103113273184,0
1596165720.3432677,161.69798463999155,0.5483103113273184,0
1596165720.3532677,163.49673837839487,0.5483103113273184,0
1596165720.3632677,165.297981206764,0.5483103113273184,0
1596165720.3732677,167.0959195536268,0.5483103113273184,0
1596165720.3832676,168.89793485819223,0.5483103113273184,0
1596165720.3932676,170.6970748346937,0.5483103113273184,0
1596165720.4032676,172.49741644083383,0.5483103113273184,0
1596165720.4132676,174.29883093057992,0.5483103113273184,0
1596165720.4232676,176.09646887003305,0.5483103113273184,0
1596165720.4332676,177.89702505289438,0.5483103113273184,0
1596165720.4432676,179.69886869608285,0.5483103113273184,0
1596165720.4532676,181.49616331278207,0.5483103113273184,0
1596165720.4632676,183.29800695597055,0.5483103113273184,0
1596165720.4732676,185.09761900125864,0.5483103113273184,0
1596165720.4832675,186.89735979257944,0.5483103113273184,0
1596165720.4932675,188.69855970560434,0.5483103113273184,0
1596165720.5032675,190.49885839640024,0.5483103113273184,0
1596165720.5132675,192.29829878031137,0.5483103113273184,0
1596165720.5232675,194.09610838114145,0.5483103113273184,0
1596165720.5332675,195.8974799555433,0.5483103113273184,0
1596165720.5432675,197.69683450876596,0.5483103113273184,0
1596165720.5532675,199.49580282389047,0.5483103113273184,0
1596165720.5632675,201.29807562052133,0.5483103113273184,0
1596165720.5732675,203.09781641184213,0.5483103113273184,0
1596165720.5832675,204.8963984888685,0.5483103113273184,0
1596165720.5932674,206.69802755533578,0.5483103113273184,0
1596165720.6032674,208.49763960062387,0.5483103113273184,0
1596165720.6132674,210.29750913797739,0.5483103113273184,0
1596165720.6232674,212.09763616739633,0.5483103113273184,0
1596165720.6332674,213.89729112802866,0.5483103113273184,0
1596165720.6432674,215.6985339563978,0.5483103113273184,0
1596165720.6532674,217.4969443720472,0.5483103113273184,0
1596165720.6632674,219.29707140146616,0.5483103113273184,0
1596165720.6732674,221.09848589121225,0.5483103113273184,0
1596165720.6832674,222.89702505289438,0.5483103113273184,0
1596165720.6932673,224.6963366907728,0.5483103113273184,0
1596165720.7032673,226.4977511805189,0.5483103113273184,0
1596165720.7132673,228.29860777078989,0.5483103113273184,0
1596165720.7232673,230.09607404886606,0.5483103113273184,0
1596165720.7332673,231.89907640634897,0.5483103113273184,0
1596165720.7432673,233.69710058390024,0.5483103113273184,0
1596165720.7532673,235.49675554453256,0.5483103113273184,0
1596165720.7632673,237.2973117273939,0.5483103113273184,0
1596165720.7732673,239.09881204782846,0.5483103113273184,0
1596165720.7832673,240.89653581797006,0.5483103113273184,0
1596165720.7932673,242.69571870981576,0.5483103113273184,0
1596165720.8032672,244.49623197733285,0.5483103113273184,0
1596165720.8132672,246.29644483744028,0.5483103113273184,0
1596165720.8232672,248.09876054941537,0.5483103113273184,0
1596165720.8332672,249.89622682749155,0.5483103113273184,0
1596165720.8432672,251.69888586222055,0.5483103113273184,0
1596165720.8532672,253.49836916147592,0.5483103113273184,0
1596165720.8632672,255.29656500040414,0.5483103113273184,0
1596165720.8732672,257.0971211832655,0.5483103113273184,0
1596165720.8832672,258.8987073343885,0.5483103113273184,0
1596165720.8932672,260.6990060251844,0.5483103113273184,0
1596165720.9032671,262.4973735254896,0.5483103113273184,0
1596165720.9132671,264.2962130945814,0.5483103113273184,0
1596165720.9232671,266.0970696848524,0.5483103113273184,0
1596165720.933267,267.89865583597543,0.5483103113273184,0
1596165720.943267,269.6979245585096,0.5483103113273184,0
1596165720.953267,271.4965495508802,0.5483103113273184,0
1596165720.963267,273.29847902475717,0.5483103113273184,0
1596165720.973267,275.09830564676645,0.5483103113273184,0
1596165720.983267,276.8973168772352,0.5483103113273184,0
1596165720.993267,278.69701475321176,0.5483103113273184,0
1596165721.003267,280.49851507364633,0.5483103113273184,0
1596165721.013267,282.29649633585336,0.5483103113273184,0
1596165721.023267,284.0957221430433,0.5483103113273184,0
1596165721.033267,285.897780362953,0.5483103113273184,0
1596165721.043267,287.6964053553236,0.5483103113273184,0
1596165721.053267,289.4961890619886,0.5483103113273184,0
1596165721.063267,291.29618734537485,0.5483103113273184,0
1596165721.073267,293.096528951515,0.5483103113273184,0
1596165721.083267,294.8961839121473,0.5483103113273184,0
1596165721.093267,296.697169248451,0.5483103113273184,0
1596165721.103267,298.4983691614759,0.5483103113273184,0
1596165721.113267,300.29579252420785,0.5483103113273184,0
1596165721.123267,302.096134130348,0.5483103113273184,0
1596165721.133267,303.8985785883558,0.5483103113273184,0
1596165721.143267,305.6975469034803,0.5483103113273184,0
1596165721.153267,307.49857515512826,0.5483103113273184,0
1596165721.163267,309.2979297083509,0.5483103113273184,0
1596165721.173267,311.09668344675424,0.5483103113273184,0
1596165721.1832669,312.89745420633676,0.5483103113273184,0
1596165721.1932669,314.696551267494,0.5483103113273184,0
1596165721.2032669,316.49672121225717,0.5483103113273184,0
1596165721.2132668,318.2956895273817,0.5483103113273184,0
1596165721.2232668,320.0989064615858,0.5483103113273184,0
1596165721.2280989,320.9654101771009,0.5483103113273184,0
1596165721.2280989,320.9654101771009,0.5483103113273184,0
1596165721.2332668,321.89847559152963,0.5483103113273184,0
1596165721.2432668,323.6986455362928,0.5483103113273184,0
1596165721.2532668,325.497914258827,0.5483103113273184,0
1596165721.2632668,327.29649633585336,0.5483103113273184,0
1596165721.2732668,329.09576505838754,0.5483103113273184,0
1596165721.2832668,330.898681585182,0.5483103113273184,0
1596165721.2932668,332.6958903711927,0.5483103113273184,0
1596165721.3032668,334.49657530008676,0.5483103113273184,0
1596165721.3132668,336.297474805702,0.5483103113273184,0
1596165721.3232667,338.0977734964979,0.5483103113273184,0
1596165721.3332667,339.89811510263803,0.5483103113273184,0
1596165721.3432667,341.69875711618783,0.5483103113273184,0
1596165721.3532667,343.4964379709852,0.5483103113273184,0
1596165721.3632667,345.2986249369276,0.5483103113273184,0
1596165721.3732667,347.09664911447885,0.5483103113273184,0
1596165721.3832667,348.89604658304575,0.5483103113273184,0
1596165721.3932667,350.6957444590223,0.5483103113273184,0
1596165721.4032667,352.4972876948011,0.5483103113273184,0
1596165721.4132667,354.29685682474496,0.5483103113273184,0
1596165721.4232666,356.0963830393446,0.5483103113273184,0
1596165721.4332666,357.8967246454847,0.5483103113273184,0
1596165721.4432666,359.6957787912977,0.5483103113273184,0
1596165721.4449606,360,0.5483103113273184,1
1596165721.4449606,0,0,0
1596165721.4549606,114.0925739610895,0.623847642653907,0
1596165721.4649606,115.89501841909731,0.623847642653907,0
1596165721.4749606,117.69445880300844,0.623847642653907,0
1596165721.4849606,119.49540122396792,0.623847642653907,0
1596165721.4949605,121.2952278459772,0.623847642653907,0
1596165721.5049605,123.09548362142885,0.623847642653907,0
1596165721.5149605,124.89363654501284,0.623847642653907,0
1596165721.5249605,126.69560893423403,0.623847642653907,0
1596165721.5349605,128.49333270437563,0.623847642653907,0
1596165721.5449605,130.29474719412173,0.623847642653907,0
1596165721.5549605,132.09551795370425,0.623847642653907,0
1596165721.5649605,133.89457209951723,0.623847642653907,0
1596165721.5749605,135.69298251516665,0.623847642653907,0
1596165721.5849605,137.4934528673395,0.623847642653907,0
1596165721.5949605,139.29323657400454,0.623847642653907,0
1596165721.6049604,141.09366401083315,0.623847642653907,0
1596165721.6149604,142.89585097677553,0.623847642653907,0
1596165721.6249604,144.69537719137514,0.623847642653907,0
1596165721.6349604,146.4925859773859,0.623847642653907,0
1596165721.6449604,148.2955883348688,0.623847642653907,0
1596165721.6549604,150.09326918966616,0.623847642653907,0
1596165721.6649604,151.89403994924868,0.623847642653907,0
1596165721.6749604,153.69506820089663,0.623847642653907,0
1596165721.6849604,155.49382193929995,0.623847642653907,0
1596165721.6949604,157.29510768301333,0.623847642653907,0
1596165721.7049603,159.0939043367609,0.623847642653907,0
1596165721.7149603,160.8941171968683,0.623847642653907,0
1596165721.7249603,162.6951883638605,0.623847642653907,0
1596165721.7349603,164.4930408800348,0.623847642653907,0
1596165721.7449603,166.29505618460024,0.623847642653907,0
1596165721.7549603,168.0925224626764,0.623847642653907,0
1596165721.7649603,169.89496692068423,0.623847642653907,0
1596165721.7749603,171.6951368654474,0.623847642653907,0
1596165721.7849603,173.49560721762026,0.623847642653907,0
1596165721.7949603,175.29363139517153,0.623847642653907,0
1596165721.8049603,177.09453090078676,0.623847642653907,0
1596165721.8149602,178.89354213125551,0.623847642653907,0
1596165721.8249602,180.69358332998598,0.623847642653907,0
1596165721.8349602,182.49259456045473,0.623847642653907,0
1596165721.8449602,184.29323657400454,0.623847642653907,0
1596165721.8549602,186.0934923494562,0.623847642653907,0
1596165721.8649602,187.895936807464,0.623847642653907,0
1596165721.8749602,189.6938751543268,0.623847642653907,0
1596165721.8849602,191.49353011495913,0.623847642653907,0
1596165721.8949602,193.29262717611635,0.623847642653907,0
1596165721.9049602,195.09305461294497,0.623847642653907,0
1596165721.9149601,196.89464076406801,0.623847642653907,0
1596165721.9249601,198.695497354339,0.623847642653907,0
1596165721.9349601,200.4933069551691,0.623847642653907,0
1596165721.94496,202.29403479940737,0.623847642653907,0
1596165721.95496,204.0927885378107,0.623847642653907,0
1596165721.96496,205.89274390585268,0.623847642653907,0
1596165721.97496,207.69471629507387,0.623847642653907,0
1596165721.98496,209.49278338796938,0.623847642653907,0
1596165721.99496,211.295013269256,0.623847642653907,0
1596165722.00496,213.0956552828058,0.623847642653907,0
1596165722.01496,214.89445193655337,0.623847642653907,0
1596165722.02496,216.6936777437433,0.623847642653907,0
1596165722.03496,218.49324687368716,0.623847642653907,0
1596165722.04496,220.2948330248102,0.623847642653907,0
1596165722.05496,222.09294303304995,0.623847642653907,0
1596165722.06496,223.8939712846979,0.623847642653907,0
1596165722.07496,225.6930254305109,0.623847642653907,0
1596165722.08496,227.4954698885187,0.623847642653907,0
1596165722.09496,229.29310782797182,0.623847642653907,0
1596165722.10496,231.094178994964,0.623847642653907,0
1596165722.11496,232.8926752413019,0.623847642653907,0
1596165722.12496,234.69280227072085,0.623847642653907,0
1596165722.13496,236.49314387686098,0.623847642653907,0
1596165722.14496,238.29365714437807,0.623847642653907,0
1596165722.15496,240.09464248068178,0.623847642653907,0
1596165722.16496,241.8924949968561,0.623847642653907,0
1596165722.17496,243.69322284109438,0.623847642653907,0
1596165722.18496,245.49528106100405,0.623847642653907,0
1596165722.1949599,247.29266150839175,0.623847642653907,0
1596165722.2049599,249.09544928915346,0.623847642653907,0
1596165722.2149599,250.89317305929507,0.623847642653907,0
1596165722.2249599,252.69557460195864,0.623847642653907,0
1596165722.2349598,254.4925688112482,0.623847642653907,0
1596165722.2449598,256.29441245443667,0.623847642653907,0
1596165722.2549598,258.09471114523257,0.623847642653907,0
1596165722.2649598,259.89385112173403,0.623847642653907,0
1596165722.2749598,261.6954801882013,0.623847642653907,0
1596165722.2849598,263.49256022817934,0.623847642653907,0
1596165722.2949598,265.2926014269098,0.623847642653907,0
1596165722.3049598,267.09564669973696,0.623847642653907,0
1596165722.3149598,268.895430406402,0.623847642653907,0
1596165722.3249598,270.69499953634585,0.623847642653907,0
1596165722.3349597,272.49474032766665,0.623847642653907,0
1596165722.3449597,274.2956398332819,0.623847642653907,0
1596165722.3549597,276.09332068807925,0.623847642653907,0
1596165722.3649597,277.8953789079889,0.623847642653907,0
1596165722.3749597,279.6936605776056,0.623847642653907,0
1596165722.3849597,281.4938305223688,0.623847642653907,0
1596165722.3949597,283.2955025041803,0.623847642653907,0
1596165722.4049597,285.0930975282892,0.623847642653907,0
1596165722.4149597,286.89567073232973,0.623847642653907,0
1596165722.4249597,288.69455321676577,0.623847642653907,0
1596165722.4349597,290.4937790239557,0.623847642653907,0
1596165722.4449596,292.2938202226862,0.623847642653907,0
1596165722.4549596,294.0954922044977,0.623847642653907,0
1596165722.4649596,295.893516382049,0.623847642653907,0
1596165722.4749596,297.693300088714,0.623847642653907,0
1596165722.4849596,299.4928263033136,0.623847642653907,0
1596165722.4949596,301.2950990999445,0.623847642653907,0
1596165722.5049596,303.09514029867495,0.623847642653907,0
1596165722.5149596,304.8955248201593,0.623847642653907,0
1596165722.5249596,306.69329150564516,0.623847642653907,0
1596165722.5349596,308.49449141867007,0.623847642653907,0
1596165722.5449595,310.2939318025812,0.623847642653907,0
1596165722.5549595,312.09272845632876,0.623847642653907,0
1596165722.5649595,313.8952158296808,0.623847642653907,0
1596165722.5749595,315.69457038290346,0.623847642653907,0
1596165722.5849595,317.49306662924135,0.623847642653907,0
1596165722.5949595,319.2937515581354,0.623847642653907,0
1596165722.6049595,321.0928486192926,0.623847642653907,0
1596165722.6149595,322.89555056936587,0.623847642653907,0
1596165722.6249595,324.6939609850153,0.623847642653907,0
1596165722.6349595,326.49533255941714,0.623847642653907,0
1596165722.6449594,328.2943437898859,0.623847642653907,0
1596165722.6549594,330.0938700044855,0.623847642653907,0
1596165722.6649594,331.89524157888735,0.623847642653907,0
1596165722.6749594,333.6934803331598,0.623847642653907,0
1596165722.6849594,335.4935644472345,0.623847642653907,0
1596165722.6949594,337.29480727560366,0.623847642653907,0
1596165722.7049594,339.09330352194155,0.623847642653907,0
1596165722.7149594,340.8942030275568,0.623847642653907,0
1596165722.7249594,342.6954029405817,0.623847642653907,0
1596165722.7349594,344.49475749380434,0.623847642653907,0
1596165722.7449594,346.2942407930597,0.623847642653907,0
1596165722.7549593,348.0932091081842,0.623847642653907,0
1596165722.7649593,349.89432319052065,0.623847642653907,0
1596165722.7749593,351.6942356432184,0.623847642653907,0
1596165722.7849593,353.4950064028009,0.623847642653907,0
1596165722.7949593,355.29298766500796,0.623847642653907,0
1596165722.8049593,357.0935867632135,0.623847642653907,0
1596165722.8149593,358.89281257040346,0.623847642653907,0
1596165722.8211188,360,0.623847642653907,1
1596165722.8211188,0,0,0
1596165722.8311188,1.7999982833862305,0,0
1596165722.8411188,3.602142333984375,0,0
1596165722.8511188,5.401411056518555,0,0
1596165722.8611188,7.201237678527832,0,0
1596165722.8711188,9.002223014831543,0,0
1596165722.8811188,10.801191329956055,0,0
1596165722.8911188,12.60033130645752,0,0
1596165722.9011188,14.399986267089844,0,0
1596165722.9111187,16.20058536529541,0,0
1596165722.9211187,18.00333023071289,0,0
1596165722.9311187,19.8008394241333,0,0
1596165722.9411187,21.600794792175293,0,0
1596165722.9511187,23.40040683746338,0,0
1596165722.955699,24.224424362182617,0,0
1596165722.955699,24.224424362182617,0,0
1596165722.9611187,25.200963020324707,0,0
1596165722.9711187,27.002248764038086,0,0
1596165722.9811187,28.800959587097168,0,0
1596165722.9911187,30.601515769958496,0,0
1596165723.0011187,32.400312423706055,0,0
1596165723.0111187,34.20172691345215,0,0
1596165723.0211186,36.00339889526367,0,0
1596165723.0311186,37.8024959564209,0,0
1596165723.0411186,39.600348472595215,0,0
1596165723.0511186,41.40322208404541,0,0
1596165723.0611186,43.20231914520264,0,0
1596165723.0711186,45.00094413757324,0,0
1596165723.0811186,46.801629066467285,0,0
1596165723.0911186,48.60282897949219,0,0
1596165723.1011186,50.40149688720703,0,0
1596165723.1111186,52.20170974731445,0,0
1596165723.1211185,54.002394676208496,0,0
1596165723.1311185,55.80333709716797,0,0
1596165723.1411185,57.60110378265381,0,0
1596165723.1511185,59.40135955810547,0,0
1596165723.1611185,61.201958656311035,0,0
1596165723.1711185,63.00208568572998,0,0
1596165723.1811185,64.80225563049316,0,0
1596165723.1911185,66.60195350646973,0,0
1596165723.2011185,68.401780128479,0,0
1596165723.2111185,70.20070552825928,0,0
1596165723.2211185,72.00259208679199,0,0
1596165723.2311184,73.80070209503174,0,0
1596165723.2411184,75.60125827789307,0,0
1596165723.2511184,77.40241527557373,0,0
1596165723.2611184,79.20207023620605,0,0
1596165723.2711184,81.00189685821533,0,0
1596165723.2811184,82.80180931091309,0,0
1596165723.2911184,84.60090637207031,0,0
1596165723.3011184,86.40060424804688,0,0
1596165723.3111184,88.20253372192383,0,0
1596165723.3211184,90.00193119049072,0,0
1596165723.3311183,91.80145740509033,0,0
1596165723.3411183,93.60192775726318,0,0
1596165723.3511183,95.4032564163208,0,0
1596165723.3611183,97.20252513885498,0,0
1596165723.3711183,99.00042057037354,0,0
1596165723.3811183,100.7999038696289,0,0
1596165723.3911183,102.6009750366211,0,0
1596165723.4011183,104.40333366394043,0,0
1596165723.4111183,106.20118618011475,0,0
1596165723.4211183,108.00045490264893,0,0
1596165723.4311182,109.80088233947754,0,0
1596165723.4411182,111.60272598266602,0,0
1596165723.4511182,113.4012222290039,0,0
1596165723.4611182,115.2009630203247,0,0
1596165723.4711182,117.00010299682617,0,0
1596165723.4811182,118.79992961883545,0,0
1596165723.4911182,120.6018590927124,0,0
1596165723.5011182,122.40151405334473,0,0
1596165723.5111182,124.20249938964844,0,0
1596165723.5211182,126.00266933441162,0,0
1596165723.5311182,127.80198097229004,0,0
1596165723.5411181,129.60120677947998,0,0
1596165723.5511181,131.40279293060303,0,0
1596165723.5611181,133.20030212402344,0,0
1596165723.571118,135.00227451324463,0,0
1596165723.581118,136.8021011352539,0,0
1596165723.591118,138.6001682281494,0,0
1596165723.601118,140.40059566497803,0,0
1596165723.611118,142.20037937164307,0,0
1596165723.621118,144.00033473968506,0,0
1596165723.631118,145.80265045166016,0,0
1596165723.641118,147.60174751281738,0,0
1596165723.651118,149.40226078033447,0,0
1596165723.661118,151.20251655578613,0,0
1596165723.671118,153.00122737884521,0,0
1596165723.681118,154.8020839691162,0,0
1596165723.691118,156.60242557525635,0,0
1596165723.701118,158.40044975280762,0,0
1596165723.711118,160.20246505737305,0,0
1596165723.721118,162.00053215026855,0,0
1596165723.731118,163.8028907775879,0,0
1596165723.741118,165.60168743133545,0,0
1596165723.751118,167.40224361419678,0,0
1596165723.761118,169.20331478118896,0,0
1596165723.771118,171.00065231323242,0,0
1596165723.781118,172.80039310455322,0,0
1596165723.791118,174.6025800704956,0,0
1596165723.801118,176.4033079147339,0,0
1596165723.811118,178.200044631958,0,0
1596165723.8211179,180.00188827514648,0,0
1596165723.8311179,181.80094242095947,0,0
1596165723.8411179,183.6003828048706,0,0
1596165723.8511178,185.39995193481445,0,0
1596165723.8611178,187.2015380859375,0,0
1596165723.8711178,189.00243759155273,0,0
1596165723.8811178,190.80153465270996,0,0
1596165723.8911178,192.60140419006348,0,0
1596165723.9011178,194.40011501312256,0,0
1596165723.9111178,196.20152950286865,0,0
1596165723.9211178,198.00011157989502,0,0
1596165723.9311178,199.80234146118164,0,0
1596165723.9411178,201.6028118133545,0,0
1596165723.9511178,203.40195178985596,0,0
1596165723.9611177,205.20074844360352,0,0
1596165723.9711177,207.0020341873169,0,0
1596165723.9811177,208.80005836486816,0,0
1596165723.9911177,210.6007432937622,0,0
1596165724.0011177,212.40177154541016,0,0
1596165724.0111177,214.20129776000977,0,0
1596165724.0211177,216.0027551651001,0,0
1596165724.0311177,217.8026247024536,0,0
1596165724.0411177,219.60039138793945,0,0
1596165724.0511177,221.40111923217773,0,0
1596165724.0611176,223.1999158859253,0,0
1596165724.0711176,225.00218868255615,0,0
1596165724.0811176,226.80274486541748,0,0
1596165724.0911176,228.60051155090332,0,0
1596165724.1011176,230.40063858032227,0,0
1596165724.1111176,232.2000789642334,0,0
1596165724.1208117,233.94471645355225,0,0
1596165724.1208117,233.94471645355225,0,0
1596165724.1211176,234.00007724761963,0,0
1596165724.1311176,235.80183506011963,0,0
1596165724.1411176,237.60282039642334,0,0
1596165724.1511176,239.4008445739746,0,0
1596165724.1611176,241.2031602859497,0,0
1596165724.1711175,243.0005407333374,0,0
1596165724.1811175,244.80135440826416,0,0
1596165724.1911175,246.60152435302734,0,0
1596165724.2011175,248.40250968933105,0,0
1596165724.2111175,250.20001888275146,0,0
1596165724.2211175,252.00031757354736,0,0
1596165724.2311175,253.79980087280273,0,0
1596165724.2411175,255.60190200805664,0,0
1596165724.2511175,257.4009132385254,0,0
1596165724.2611175,259.2015552520752,0,0
1596165724.2711174,261.00305557250977,0,0
1596165724.2811174,262.8020238876343,0,0
1596165724.2911174,264.5998764038086,0,0
1596165724.3011174,266.4010763168335,0,0
1596165724.3111174,268.20111751556396,0,0
1596165724.3211174,270.0026607513428,0,0
1596165724.3311174,271.80124282836914,0,0
1596165724.3411174,273.60175609588623,0,0
1596165724.3511174,275.40231227874756,0,0
1596165724.3611174,277.2002077102661,0,0
1596165724.3711174,279.00222301483154,0,0
1596165724.3811173,280.8031225204468,0,0
1596165724.3911173,282.6008892059326,0,0
1596165724.4011173,284.40032958984375,0,0
1596165724.4111173,286.2008857727051,0,0
1596165724.4211173,288.0014419555664,0,0
1596165724.4311173,289.80010986328125,0,0
1596165724.4411173,291.60088062286377,0,0
1596165724.4511173,293.3998489379883,0,0
1596165724.4611173,295.20134925842285,0,0
1596165724.4711173,297.00199127197266,0,0
1596165724.4811172,298.799843788147,0,0
1596165724.4911172,300.60125827789307,0,0
1596165724.5011172,302.4022436141968,0,0
1596165724.5111172,304.20138359069824,0,0
1596165724.5211172,306.00000858306885,0,0
1596165724.5311172,307.8017234802246,0,0
1596165724.5411172,309.60249423980713,0,0
1596165724.5511172,311.40047550201416,0,0
1596165724.5611172,313.2013750076294,0,0
1596165724.5711172,315.0008153915405,0,0
1596165724.5811172,316.8024015426636,0,0
1596165724.5911171,318.5996961593628,0,0
1596165724.6011171,320.4018831253052,0,0
1596165724.6111171,322.20304012298584,0,0
1596165724.621117,324.00222301483154,0,0
1596165724.631117,325.80016136169434,0,0
1596165724.641117,327.60247707366943,0,0
1596165724.651117,329.4010591506958,0,0
1596165724.661117,331.1996841430664,0,0
1596165724.671117,333.00114154815674,0,0
1596165724.681117,334.7999382019043,0,0
1596165724.691117,336.60075187683105,0,0
1596165724.701117,338.39972019195557,0,0
1596165724.711117,340.2007055282593,0,0
1596165724.721117,342.0010042190552,0,0
1596165724.731117,343.800745010376,0,0
1596165724.741117,345.6016445159912,0,0
1596165724.751117,347.40267276763916,0,0
1596165724.761117,349.20095443725586,0,0
1596165724.771117,351.00202560424805,0,0
1596165724.781117,352.7999210357666,0,0
1596165724.791117,354.6008634567261,0,0
1596165724.801117,356.39970302581787,0,0
1596165724.811117,358.20300579071045,0,0
1596165724.821117,359.99969959259033,0,0
1596165724.8211396,360,0,1
1596165724.8211396,0,0,0
1596165724.8311396,92.12459140190269,0.5017930431039679,0
1596165724.8411396,93.9235597170272,0.5017930431039679,0
1596165724.8511395,95.72467379936363,0.5017930431039679,0
1596165724.8611395,97.5230412996688,0.5017930431039679,0
1596165724.8711395,99.32295375236656,0.5017930431039679,0
1596165724.8811395,101.12423949607994,0.5017930431039679,0
1596165724.8911395,102.92492442497398,0.5017930431039679,0
1596165724.9011395,104.72505145439293,0.5017930431039679,0
1596165724.9111395,106.52436309227134,0.5017930431039679,0
1596165724.9211395,108.32552008995201,0.5017930431039679,0
1596165724.9311395,110.12440257438804,0.5017930431039679,0
1596165724.9411395,111.92478709587242,0.5017930431039679,0
1596165724.9511395,113.72572951683189,0.5017930431039679,0
1596165724.9611394,115.5261569536605,0.5017930431039679,0
1596165724.9711394,117.32345157035972,0.5017930431039679,0
1596165724.9811394,119.12284903892662,0.5017930431039679,0
1596165724.9911394,120.92306189903404,0.5017930431039679,0
1596165725.0011394,122.72494845756675,0.5017930431039679,0
1596165725.0111394,124.52292971977378,0.5017930431039679,0
1596165725.0211394,126.32400088676597,0.5017930431039679,0
1596165725.0311394,128.12472873100427,0.5017930431039679,0
1596165725.0411394,129.92455535301355,0.5017930431039679,0
1596165725.0511394,131.72395282158044,0.5017930431039679,0
1596165725.0611393,133.52270655998376,0.5017930431039679,0
1596165725.0711393,135.32352023491052,0.5017930431039679,0
1596165725.0811393,137.12364726432946,0.5017930431039679,0
1596165725.0911393,138.92574839958337,0.5017930431039679,0
1596165725.1011393,140.7257466829696,0.5017930431039679,0
1596165725.1111393,142.5243716753402,0.5017930431039679,0
1596165725.1211393,144.3254428423324,0.5017930431039679,0
1596165725.1311393,146.123166612474,0.5017930431039679,0
1596165725.1411393,147.92591147789147,0.5017930431039679,0
1596165725.1511393,149.7238927400985,0.5017930431039679,0
1596165725.1611392,151.52582221397546,0.5017930431039679,0
1596165725.1711392,153.32474761375573,0.5017930431039679,0
1596165725.1811392,155.12315802940515,0.5017930431039679,0
1596165725.1911392,156.9253020800033,0.5017930431039679,0
1596165725.2011392,158.72444205650476,0.5017930431039679,0
1596165725.2111392,160.52285247215417,0.5017930431039679,0
1596165725.2211392,162.32594066032556,0.5017930431039679,0
1596165725.2311392,164.12469439872888,0.5017930431039679,0
1596165725.2411392,165.92396312126306,0.5017930431039679,0
1596165725.2511392,167.72404723533776,0.5017930431039679,0
1596165725.2611392,169.52434592613366,0.5017930431039679,0
1596165725.2711391,171.32292800316003,0.5017930431039679,0
1596165725.2811391,173.12571578392175,0.5017930431039679,0
1596165725.2911391,174.9254994905868,0.5017930431039679,0
1596165725.301139,176.72532611259606,0.5017930431039679,0
1596165725.311139,178.52322154411462,0.5017930431039679,0
1596165725.321139,180.32579474815515,0.5017930431039679,0
1596165725.331139,182.12283187278894,0.5017930431039679,0
1596165725.341139,183.92587714561608,0.5017930431039679,0
1596165725.351139,185.7259612596908,0.5017930431039679,0
1596165725.361139,187.52595954307702,0.5017930431039679,0
1596165725.371139,189.32505660423425,0.5017930431039679,0
1596165725.381139,191.12471156486657,0.5017930431039679,0
1596165725.391139,192.92355113395837,0.5017930431039679,0
1596165725.401139,194.72453647026208,0.5017930431039679,0
1596165725.411139,196.52590804466394,0.5017930431039679,0
1596165725.421139,198.32333140739587,0.5017930431039679,0
1596165725.431139,200.12594752678064,0.5017930431039679,0
1596165725.441139,201.9234138048568,0.5017930431039679,0
1596165725.451139,203.7248282946029,0.5017930431039679,0
1596165725.461139,205.52280955680993,0.5017930431039679,0
1596165725.471139,207.32439570793298,0.5017930431039679,0
1596165725.481139,209.1228061235824,0.5017930431039679,0
1596165725.491139,210.92486434349206,0.5017930431039679,0
1596165725.501139,212.72400431999353,0.5017930431039679,0
1596165725.511139,214.5251613176742,0.5017930431039679,0
1596165725.521139,216.32365756401208,0.5017930431039679,0
1596165725.531139,218.1251149691024,0.5017930431039679,0
1596165725.541139,219.92399745353845,0.5017930431039679,0
1596165725.5511389,221.72472529777673,0.5017930431039679,0
1596165725.5611389,223.52438025840905,0.5017930431039679,0
1596165725.5711389,225.3238206423202,0.5017930431039679,0
1596165725.5811388,227.12321811088708,0.5017930431039679,0
1596165725.5911388,228.92497592338708,0.5017930431039679,0
1596165725.6011388,230.72583251365808,0.5017930431039679,0
1596165725.6111388,232.52265506157067,0.5017930431039679,0
1596165725.6211388,234.3246703661361,0.5017930431039679,0
1596165725.6311388,236.12368159660485,0.5017930431039679,0
1596165725.6411388,237.92295031913903,0.5017930431039679,0
1596165725.6511388,239.72492270836022,0.5017930431039679,0
1596165725.6611388,241.5226035631576,0.5017930431039679,0
1596165725.6711388,243.32423262962487,0.5017930431039679,0
1596165725.6811388,245.12414508232263,0.5017930431039679,0
1596165725.6911387,246.92457251915124,0.5017930431039679,0
1596165725.7011387,248.72495704063562,0.5017930431039679,0
1596165725.7111387,250.52508407005456,0.5017930431039679,0
1596165725.7211387,252.32293658622888,0.5017930431039679,0
1596165725.7311387,254.12413649925378,0.5017930431039679,0
1596165725.7411387,255.92486434349206,0.5017930431039679,0
1596165725.7511387,257.7243047274032,0.5017930431039679,0
1596165725.7611387,259.52511840232995,0.5017930431039679,0
1596165725.7711387,261.3247733629623,0.5017930431039679,0
1596165725.7811387,263.1256728685775,0.5017930431039679,0
1596165725.7911386,264.9248557604232,0.5017930431039679,0
1596165725.8011386,266.7244678057113,0.5017930431039679,0
1596165725.8111386,268.52347903618005,0.5017930431039679,0
1596165725.8211386,270.3238206423202,0.5017930431039679,0
1596165725.8311386,272.12454848655847,0.5017930431039679,0
1596165725.8411386,273.9230018175521,0.5017930431039679,0
1596165725.8511386,275.72300010093835,0.5017930431039679,0
1596165725.8611386,277.5246720827499,0.5017930431039679,0
1596165725.8711386,279.32548575767663,0.5017930431039679,0
1596165725.8811386,281.1241965807357,0.5017930431039679,0
1596165725.8911386,282.9256969011703,0.5017930431039679,0
1596165725.9011385,284.72281985649255,0.5017930431039679,0
1596165725.9111385,286.52256064781335,0.5017930431039679,0
1596165725.9211385,288.32543425926355,0.5017930431039679,0
1596165725.9311385,290.12315802940515,0.5017930431039679,0
1596165725.9411385,291.9234996355453,0.5017930431039679,0
1596165725.9511385,293.72319751152185,0.5017930431039679,0
1596165725.9611385,295.52336745628503,0.5017930431039679,0
1596165725.9711385,297.32461028465417,0.5017930431039679,0
1596165725.9811385,299.12486606010583,0.5017930431039679,0
1596165725.9911385,300.92585139640954,0.5017930431039679,0
1596165726.0011384,302.72494845756677,0.5017930431039679,0
1596165726.0111384,304.5228438890853,0.5017930431039679,0
1596165726.0211384,306.323099664537,0.5017930431039679,0
1596165726.0311384,308.12571578392175,0.5017930431039679,0
1596165726.0411384,309.9249415911117,0.5017930431039679,0
1596165726.0511384,311.7245536363998,0.5017930431039679,0
1596165726.0611384,313.5228782213607,0.5017930431039679,0
1596165726.0711384,315.32412104972985,0.5017930431039679,0
1596165726.0811384,317.1229177034774,0.5017930431039679,0
1596165726.0911384,318.9232163942733,0.5017930431039679,0
1596165726.1011384,320.72252803215173,0.5017930431039679,0
1596165726.1111383,322.52518706688073,0.5017930431039679,0
1596165726.1209397,324.2867761171737,0.5017930431039679,0
1596165726.1209397,324.2867761171737,0.5017930431039679,0
1596165726.1211383,324.3246703661361,0.5017930431039679,0
1596165726.1311383,326.12522654899743,0.5017930431039679,0
1596165726.1411383,327.9254823244491,0.5017930431039679,0
1596165726.1511383,329.7256951845565,0.5017930431039679,0
1596165726.1611383,331.524663499681,0.5017930431039679,0
1596165726.1711383,333.324618867723,0.5017930431039679,0
1596165726.1811383,335.12551837333825,0.5017930431039679,0
1596165726.1911383,336.92594581016687,0.5017930431039679,0
1596165726.2011383,338.72542910942224,0.5017930431039679,0
1596165726.2111382,340.52280955680993,0.5017930431039679,0
1596165726.2211382,342.3243098772445,0.5017930431039679,0
1596165726.2311382,344.1237931764999,0.5017930431039679,0
1596165726.2411382,345.92460685142663,0.5017930431039679,0
1596165726.2511382,347.72589259514,0.5017930431039679,0
1596165726.2611382,349.52477507957605,0.5017930431039679,0
1596165726.2711382,351.324902108995,0.5017930431039679,0
1596165726.2811382,353.1258016146102,0.5017930431039679,0
1596165726.2911382,354.92502742180017,0.5017930431039679,0
1596165726.3011382,356.72386699089196,0.5017930431039679,0
1596165726.3111382,358.52425151237634,0.5017930431039679,0
1596165726.3193629,360,0.5017930431039679,1
1596165726.3193629,0,0,0
1596165726.3293629,115.25702926302851,0.6303032489167817,0
1596165726.3393629,117.05471011782588,0.6303032489167817,0
1596165726.3493629,118.85616752291621,0.6303032489167817,0
1596165726.3593628,120.6552216687292,0.6303032489167817,0
1596165726.3693628,122.45715114260615,0.6303032489167817,0
1596165726.3793628,124.25620528841914,0.6303032489167817,0
1596165726.3893628,126.05800601626338,0.6303032489167817,0
1596165726.3993628,127.85495731020869,0.6303032489167817,0
1596165726.4093628,129.65478393221798,0.6303032489167817,0
1596165726.4193628,131.45705672884884,0.6303032489167817,0
1596165726.4293628,133.25602504397335,0.6303032489167817,0
1596165726.4393628,135.05778285647335,0.6303032489167817,0
1596165726.4493628,136.85722324038449,0.6303032489167817,0
1596165726.4593627,138.6569640317053,0.6303032489167817,0
1596165726.4693627,140.45713397646847,0.6303032489167817,0
1596165726.4793627,142.2551152386755,0.6303032489167817,0
1596165726.4893627,144.0576455273718,0.6303032489167817,0
1596165726.4993627,145.85597011233273,0.6303032489167817,0
1596165726.5093627,147.6555821576208,0.6303032489167817,0
1596165726.5193627,149.4553229489416,0.6303032489167817,0
1596165726.5293627,151.25553580904904,0.6303032489167817,0
1596165726.5393627,153.05720779086056,0.6303032489167817,0
1596165726.5493627,154.85639068270626,0.6303032489167817,0
1596165726.5593626,156.6574189343542,0.6303032489167817,0
1596165726.5693626,158.4577176251501,0.6303032489167817,0
1596165726.5793626,160.25458308840695,0.6303032489167817,0
1596165726.5893626,162.057971683988,0.6303032489167817,0
1596165726.5993626,163.8555667080969,0.6303032489167817,0
1596165726.6093626,165.65659495974484,0.6303032489167817,0
1596165726.6193626,167.45727988863888,0.6303032489167817,0
1596165726.6293626,169.25500365878048,0.6303032489167817,0
1596165726.6393626,171.05680438662472,0.6303032489167817,0
1596165726.6493626,172.85654517794552,0.6303032489167817,0
1596165726.6593626,174.6561572232336,0.6303032489167817,0
1596165726.6693625,176.4547822156042,0.6303032489167817,0
1596165726.6793625,178.25465175295773,0.6303032489167817,0
1596165726.6893625,180.05679580355587,0.6303032489167817,0
1596165726.6993625,181.8552062192053,0.6303032489167817,0
1596165726.7093625,183.6548611798376,0.6303032489167817,0
1596165726.7193625,185.45464488650265,0.6303032489167817,0
1596165726.7293625,187.25481483126583,0.6303032489167817,0
1596165726.7393625,189.05683013583126,0.6303032489167817,0
1596165726.7493625,190.85669967318478,0.6303032489167817,0
1596165726.7593625,192.65618297244015,0.6303032489167817,0
1596165726.7693624,194.45622417117062,0.6303032489167817,0
1596165726.7793624,196.2562653699011,0.6303032489167817,0
1596165726.7893624,198.05626365328732,0.6303032489167817,0
1596165726.7993624,199.85591861391964,0.6303032489167817,0
1596165726.8093624,201.65711852694454,0.6303032489167817,0
1596165726.8193624,203.4557006039709,0.6303032489167817,0
1596165726.8293624,205.25668594027462,0.6303032489167817,0
1596165726.8393624,207.05608340884152,0.6303032489167817,0
1596165726.8493624,208.85633918429318,0.6303032489167817,0
1596165726.8593624,210.65659495974484,0.6303032489167817,0
1596165726.8693624,212.45745155001583,0.6303032489167817,0
1596165726.8793623,214.25732108736935,0.6303032489167817,0
1596165726.8893623,216.056675640592,0.6303032489167817,0
1596165726.8993623,217.8577468075842,0.6303032489167817,0
1596165726.9093623,219.65654346133175,0.6303032489167817,0
1596165726.9193623,221.45752879763546,0.6303032489167817,0
1596165726.9293623,223.25589629794064,0.6303032489167817,0
1596165726.9393623,225.05696746493282,0.6303032489167817,0
1596165726.9493623,226.856236187467,0.6303032489167817,0
1596165726.9593623,228.65700694704952,0.6303032489167817,0
1596165726.9693623,230.4566189923376,0.6303032489167817,0
1596165726.9793622,232.25494357729855,0.6303032489167817,0
1596165726.9893622,234.0548560299963,0.6303032489167817,0
1596165726.9993622,235.8548113980383,0.6303032489167817,0
