Type = Reachback Firefly,Function = Reachback Firefly (ln/e^),Refract = 0.1,Epsilon = 0.005,Start_phase = 0
Timestamp,Phase,Offset,Ping?
1595822382.0000148,0,0,0
1595822382.010039,1.8033456802368164,0.0,0
1595822382.0200305,3.6017990112304688,0.0,0
1595822382.0300224,5.400338172912598,0.0,0
1595822382.0400293,7.201581001281738,0.0,0
1595822382.0500283,9.001407623291016,0.0,0
1595822382.0600393,10.803380012512207,0.0,0
1595822382.070026,12.600975036621094,0.0,0
1595822382.0800385,14.403247833251953,0.0,0
1595822382.0900357,16.202731132507324,0.0,0
1595822382.1000323,18.00212860107422,0.0,0
1595822382.1100292,19.80156898498535,0.0,0
1595822382.120027,21.601181030273438,0.0,0
1595822382.1300366,23.4028959274292,0.0,0
1595822382.1400359,25.202765464782715,0.0,0
1595822382.1500304,27.001776695251465,0.0,0
1595822382.160029,28.801517486572266,0.0,0
1595822382.1700213,30.60014247894287,0.0,0
1595822382.1800213,32.4001407623291,0.0,0
1595822382.1900268,34.20112609863281,0.0,0
1595822382.2000375,36.003055572509766,0.0,0
1595822382.2100344,37.8024959564209,0.0,0
1595822382.22003,39.60172176361084,0.0,0
1595822382.2300272,41.40120506286621,0.0,0
1595822382.2400367,43.20291996002197,0.0,0
1595822382.2500293,45.001587867736816,0.0,0
1595822382.2600303,46.8017578125,0.0,0
1595822382.2700322,48.60209941864014,0.0,0
1595822382.280022,50.40025234222412,0.0,0
1595822382.2900336,52.20235347747803,0.0,0
1595822382.3000314,54.00196552276611,0.0,0
1595822382.3100312,55.801920890808105,0.0,0
1595822382.3200252,57.60084629058838,0.0,0
1595822382.3300226,59.40037250518799,0.0,0
1595822382.3400307,61.20182991027832,0.0,0
1595822382.3500383,63.003201484680176,0.0,0
1595822382.3600297,64.80165481567383,0.0,0
1595822382.370024,66.60062313079834,0.0,0
1595822382.3800268,68.40113639831543,0.0,0
1595822382.390022,70.2002763748169,0.0,0
1595822382.400039,72.00332164764404,0.0,0
1595822382.410028,73.80134582519531,0.0,0
1595822382.4200344,75.60250282287598,0.0,0
1595822382.4300282,77.40138530731201,0.0,0
1595822382.4400313,79.20194149017334,0.0,0
1595822382.450024,81.00060939788818,0.0,0
1595822382.4600203,82.79996395111084,0.0,0
1595822382.4700274,84.60124969482422,0.0,0
1595822382.4800236,86.40056133270264,0.0,0
1595822382.4900339,88.20240497589111,0.0,0
1595822382.500022,90.00025749206543,0.0,0
1595822382.5100203,91.79995536804199,0.0,0
1595822382.5200381,93.6031723022461,0.0,0
1595822382.530024,95.40063858032227,0.0,0
1595822382.5400348,97.20256805419922,0.0,0
1595822382.5500336,99.00235176086426,0.0,0
1595822382.5600238,100.80059051513672,0.0,0
1595822382.5700226,102.60037422180176,0.0,0
1595822382.5800297,104.40165996551514,0.0,0
1595822382.5900378,106.20311737060547,0.0,0
1595822382.6000237,108.00058364868164,0.0,0
1595822382.610024,109.80062484741211,0.0,0
1595822382.6200266,111.60109519958496,0.0,0
1595822382.6300275,113.40126514434814,0.0,0
1595822382.64002,115.19989013671875,0.0,0
1595822382.650023,117.00044631958008,0.0,0
1595822382.6600227,118.80040168762207,0.0,0
1595822382.6700242,120.60065746307373,0.0,0
1595822382.6800296,122.40164279937744,0.0,0
1595822382.6900342,124.2024564743042,0.0,0
1595822382.700021,126.00009441375732,0.0,0
1595822382.7100368,127.80292510986328,0.0,0
1595822382.7200277,129.60129261016846,0.0,0
1595822382.7300277,131.4012908935547,0.0,0
1595822382.7400374,133.2030487060547,0.0,0
1595822382.7500339,135.00240325927734,0.0,0
1595822382.7600267,136.80111408233643,0.0,0
1595822382.770036,138.60278606414795,0.0,0
1595822382.780037,140.40295600891113,0.0,0
1595822382.7900324,142.20213890075684,0.0,0
1595822382.8000243,144.00067806243896,0.0,0
1595822382.810026,145.80097675323486,0.0,0
1595822382.8200324,147.60213375091553,0.0,0
1595822382.830027,149.40118789672852,0.0,0
1595822382.8400276,151.20127201080322,0.0,0
1595822382.850024,153.00062656402588,0.0,0
1595822382.8600204,154.79998111724854,0.0,0
1595822382.8700306,156.601824760437,0.0,0
1595822382.8800213,158.40014934539795,0.0,0
1595822382.8900375,160.20306587219238,0.0,0
1595822382.9000218,162.0002317428589,0.0,0
1595822382.9100199,163.7998867034912,0.0,0
1595822382.9200351,165.6026315689087,0.0,0
1595822382.930037,167.40297317504883,0.0,0
1595822382.9400277,169.20129776000977,0.0,0
1595822382.950029,171.0015106201172,0.0,0
1595822382.9600313,172.8019380569458,0.0,0
1595822382.970034,174.60240840911865,0.0,0
1595822382.9800348,176.40257835388184,0.0,0
1595822382.9900236,178.20055961608887,0.0,0
1595822383.0000312,180.00193119049072,0.0,0
1595822383.0087368,181.56894207000732,0.0,0
1595822383.0087368,181.56894207000732,0.0,0
1595822383.010022,181.80025577545166,0.0,0
1595822383.020025,183.600811958313,0.0,0
1595822383.0300295,185.40162563323975,0.0,0
1595822383.0400279,187.2013235092163,0.0,0
1595822383.0500274,189.00123596191406,0.0,0
1595822383.060033,190.802264213562,0.0,0
1595822383.0700316,192.6020050048828,0.0,0
1595822383.0800338,194.4023895263672,0.0,0
1595822383.0900333,196.20230197906494,0.0,0
1595822383.100029,198.00152778625488,0.0,0
1595822383.1100364,199.8028564453125,0.0,0
1595822383.1200273,201.60122394561768,0.0,0
1595822383.1300373,203.4030246734619,0.0,0
1595822383.1400313,205.2019500732422,0.0,0
1595822383.1500244,207.0007038116455,0.0,0
1595822383.1600292,208.8015604019165,0.0,0
1595822383.1700203,210.59997081756592,0.0,0
1595822383.1800318,212.4020290374756,0.0,0
1595822383.1900291,214.2015552520752,0.0,0
1595822383.2000313,216.00193977355957,0.0,0
1595822383.2100337,217.80236721038818,0.0,0
1595822383.2200224,219.60034847259521,0.0,0
1595822383.230028,221.40133380889893,0.0,0
1595822383.2400208,223.200044631958,0.0,0
1595822383.2500257,225.00094413757324,0.0,0
1595822383.2600384,226.8032169342041,0.0,0
1595822383.2700326,228.6021852493286,0.0,0
1595822383.2800202,230.39995193481445,0.0,0
1595822383.2900221,232.2002935409546,0.0,0
1595822383.3000205,233.99999141693115,0.0,0
1595822383.3100371,235.80299377441406,0.0,0
1595822383.3200336,237.60234832763672,0.0,0
1595822383.3300235,239.40054416656494,0.0,0
1595822383.3400192,241.19976997375488,0.0,0
1595822383.3500235,243.0005407333374,0.0,0
1595822383.3600297,244.80165481567383,0.0,0
1595822383.370027,246.60118103027344,0.0,0
1595822383.3800218,248.40023517608643,0.0,0
1595822383.3900192,250.19976139068604,0.0,0
1595822383.4000318,252.0020341873169,0.0,0
1595822383.4100332,253.80228996276855,0.0,0
1595822383.4200222,255.60031414031982,0.0,0
1595822383.4300346,257.40254402160645,0.0,0
1595822383.4400225,259.2003536224365,0.0,0
1595822383.4500213,261.00013732910156,0.0,0
1595822383.460023,262.80043601989746,0.0,0
1595822383.4700375,264.6030521392822,0.0,0
1595822383.4800377,266.4030933380127,0.0,0
1595822383.4900317,268.20201873779297,0.0,0
1595822383.5000265,270.00107288360596,0.0,0
1595822383.5100334,271.8023157119751,0.0,0
1595822383.520037,273.6029577255249,0.0,0
1595822383.530026,275.4009819030762,0.0,0
1595822383.5400274,277.20123767852783,0.0,0
1595822383.5500367,279.00290966033936,0.0,0
1595822383.5600286,280.8014488220215,0.0,0
1595822383.570021,282.6000738143921,0.0,0
1595822383.5800226,284.400372505188,0.0,0
1595822383.590024,286.20062828063965,0.0,0
1595822383.6000333,288.0023002624512,0.0,0
1595822383.6100295,289.8016119003296,0.0,0
1595822383.6200364,291.60285472869873,0.0,0
1595822383.630026,293.4010076522827,0.0,0
1595822383.6400247,295.2007484436035,0.0,0
1595822383.6500294,297.0016050338745,0.0,0
1595822383.6600335,298.8023328781128,0.0,0
1595822383.6700282,300.6013870239258,0.0,0
1595822383.6800356,302.4027156829834,0.0,0
1595822383.6900263,304.20104026794434,0.0,0
1595822383.7000377,306.003098487854,0.0,0
1595822383.7100198,307.79987812042236,0.0,0
1595822383.7200377,309.60309505462646,0.0,0
1595822383.7300334,311.4023208618164,0.0,0
1595822383.7400322,313.20210456848145,0.0,0
1595822383.750023,315.0004291534424,0.0,0
1595822383.7600205,316.79999828338623,0.0,0
1595822383.7700255,318.60089778900146,0.0,0
1595822383.7800255,320.4008960723877,0.0,0
1595822383.7900217,322.2002077102661,0.0,0
1595822383.8000247,324.00076389312744,0.0,0
1595822383.8100293,325.8015775680542,0.0,0
1595822383.820034,327.6024341583252,0.0,0
1595822383.8300285,329.40144538879395,0.0,0
1595822383.8400292,331.2015724182129,0.0,0
1595822383.8500245,333.00071239471436,0.0,0
1595822383.8600292,334.80156898498535,0.0,0
1595822383.8700323,336.6021251678467,0.0,0
1595822383.8800254,338.40087890625,0.0,0
1595822383.890027,340.2011775970459,0.0,0
1595822383.900036,342.0028066635132,0.0,0
1595822383.910021,343.8001012802124,0.0,0
1595822383.920035,345.60258865356445,0.0,0
1595822383.9300246,347.40074157714844,0.0,0
1595822383.9400346,349.2025423049927,0.0,0
1595822383.9500344,351.00249767303467,0.0,0
1595822383.9600365,352.80288219451904,0.0,0
1595822383.9700189,354.59970474243164,0.0,0
1595822383.9800303,356.4017629623413,0.0,0
1595822383.9900186,358.19965839385986,0.0,0
1595822384.0000327,360,0.0,1
1595822384.0000327,0,0,0
1595822384.010034,2.7103738849969705,0.005056211719696169,0
1595822384.0200448,4.512303358873924,0.005056211719696169,0
1595822384.0300508,6.313374525866111,0.005056211719696169,0
1595822384.0400383,8.111141211351951,0.005056211719696169,0
1595822384.050045,9.912341124376853,0.005056211719696169,0
1595822384.060036,11.710708624682029,0.005056211719696169,0
1595822384.0700357,13.510663992724021,0.005056211719696169,0
1595822384.080036,15.31070519145449,0.005056211719696169,0
1595822384.0900445,17.112248427233297,0.005056211719696169,0
1595822384.1000407,18.911560065111715,0.005056211719696169,0
1595822384.1100407,20.711558348497945,0.005056211719696169,0
1595822384.1200445,22.51224327739199,0.005056211719696169,0
1595822384.1300442,24.31219864543398,0.005056211719696169,0
1595822384.1400461,26.112540251574117,0.005056211719696169,0
1595822384.1500404,27.91150856669863,0.005056211719696169,0
1595822384.1600459,29.71249390300234,0.005056211719696169,0
1595822384.170038,31.511075980028707,0.005056211719696169,0
1595822384.1800373,33.31094551738222,0.005056211719696169,0
1595822384.1900408,35.11158753093203,0.005056211719696169,0
1595822384.2000415,36.91171456035097,0.005056211719696169,0
1595822384.2100337,38.71029663737734,0.005056211719696169,0
1595822384.2200413,40.511668211779195,0.005056211719696169,0
1595822384.230037,42.31089401896914,0.005056211719696169,0
1595822384.2400336,44.11029148753603,0.005056211719696169,0
1595822384.250043,45.911963469347555,0.005056211719696169,0
1595822384.260046,47.71251965220888,0.005056211719696169,0
1595822384.2700355,49.51062966044863,0.005056211719696169,0
1595822384.2800348,51.310499197802145,0.005056211719696169,0
1595822384.2900417,53.111742026171285,0.005056211719696169,0
1595822384.3000464,54.91259861644228,0.005056211719696169,0
1595822384.310051,56.71341229136904,0.005056211719696169,0
1595822384.3200366,58.51083565410097,0.005056211719696169,0
1595822384.3300421,60.311820990404684,0.005056211719696169,0
1595822384.3400486,62.11297798808535,0.005056211719696169,0
1595822384.350048,63.9128904407831,0.005056211719696169,0
1595822384.3600402,65.71147251780947,0.005056211719696169,0
1595822384.370051,67.51340199168642,0.005056211719696169,0
1595822384.3800414,69.31168366130312,0.005056211719696169,0
1595822384.3900442,71.11219692882021,0.005056211719696169,0
1595822384.4000375,72.91099358256777,0.005056211719696169,0
1595822384.410042,74.71180725749453,0.005056211719696169,0
1595822384.4200408,76.51159096415957,0.005056211719696169,0
1595822384.4300478,78.3128337925287,0.005056211719696169,0
1595822384.4400334,80.11025715526064,0.005056211719696169,0
1595822384.4500334,81.91025543864687,0.005056211719696169,0
1595822384.4600346,83.7104682987543,0.005056211719696169,0
1595822384.4700372,85.51093865092714,0.005056211719696169,0
1595822384.480046,87.31252480205019,0.005056211719696169,0
1595822384.4900506,89.11333847697695,0.005056211719696169,0
1595822384.5000489,90.91303635295351,0.005056211719696169,0
1595822384.5100396,92.71136093791445,0.005056211719696169,0
1595822384.5200434,94.51204586680849,0.005056211719696169,0
1595822384.530034,96.31037045176943,0.005056211719696169,0
1595822384.5400326,98.11011124309023,0.005056211719696169,0
1595822384.550039,99.9112682407709,0.005056211719696169,0
1595822384.5600362,101.71075154002627,0.005056211719696169,0
1595822384.5700452,103.51238060649355,0.005056211719696169,0
1595822384.5800343,105.31040478404482,0.005056211719696169,0
1595822384.590046,107.11250591929873,0.005056211719696169,0
1595822384.600044,108.91216087993105,0.005056211719696169,0
1595822384.6100438,110.71211624797304,0.005056211719696169,0
1595822384.6200378,112.51104164775332,0.005056211719696169,0
1595822384.6300387,114.3112115925165,0.005056211719696169,0
1595822384.6400387,116.11120987590273,0.005056211719696169,0
1595822384.6500454,117.91240978892763,0.005056211719696169,0
1595822384.6600504,119.71330929454287,0.005056211719696169,0
1595822384.670039,121.51124764140566,0.005056211719696169,0
1595822384.6800334,123.31025887187441,0.005056211719696169,0
1595822384.6900501,125.11326122935732,0.005056211719696169,0
1595822384.7000332,126.91021252330263,0.005056211719696169,0
1595822384.7100382,128.71111202891788,0.005056211719696169,0
1595822384.7200415,130.51171112712345,0.005056211719696169,0
1595822384.7300394,132.31132317241153,0.005056211719696169,0
1595822384.7400405,134.11153603251896,0.005056211719696169,0
1595822384.7500365,135.91080475505314,0.005056211719696169,0
1595822384.7600408,137.71157551463565,0.005056211719696169,0
1595822384.7700405,139.51153088267765,0.005056211719696169,0
1595822384.7800438,141.3121299808832,0.005056211719696169,0
1595822384.7900367,143.1108408039423,0.005056211719696169,0
1595822384.800048,144.91289902385196,0.005056211719696169,0
1595822384.8100505,146.71332646068058,0.005056211719696169,0
1595822384.8200383,148.51113606151065,0.005056211719696169,0
1595822384.8300498,150.31319428142032,0.005056211719696169,0
1595822384.8400328,152.11014557536564,0.005056211719696169,0
1595822384.850037,153.91091633494815,0.005056211719696169,0
1595822384.8600428,155.7119445865961,0.005056211719696169,0
1595822384.870032,157.5100116794916,0.005056211719696169,0
1595822384.8800383,159.31112576182804,0.005056211719696169,0
1595822384.890037,161.11090946849308,0.005056211719696169,0
1595822384.9000409,162.91159439738712,0.005056211719696169,0
1595822384.910032,164.71000481303653,0.005056211719696169,0
1595822384.920037,166.51090431865177,0.005056211719696169,0
1595822384.930038,168.31107426341495,0.005056211719696169,0
1595822384.9400356,170.1106433933588,0.005056211719696169,0
1595822384.9500325,171.91008377726993,0.005056211719696169,0
1595822384.9600434,173.71205616649112,0.005056211719696169,0
1595822384.9700391,175.51128197368106,0.005056211719696169,0
1595822384.980036,177.3107223575922,0.005056211719696169,0
1595822384.9900355,179.11063481028995,0.005056211719696169,0
1595822385.0000498,180.91320801433048,0.005056211719696169,0
1595822385.0088258,182.49287892039737,0.005056211719696169,0
1595822385.0088258,182.49287892039737,0.005056211719696169,0
1595822385.010046,182.7125196522089,0.005056211719696169,0
1595822385.0200343,184.51041508372745,0.005056211719696169,0
1595822385.0300376,186.31101418193302,0.005056211719696169,0
1595822385.040043,188.11199951823673,0.005056211719696169,0
1595822385.050046,189.91251278575382,0.005056211719696169,0
1595822385.0600324,191.71006489451847,0.005056211719696169,0
1595822385.0700433,193.51203728373966,0.005056211719696169,0
1595822385.080043,195.31199265178165,0.005056211719696169,0
1595822385.0900428,197.11194801982364,0.005056211719696169,0
1595822385.1000423,198.9118604725214,0.005056211719696169,0
1595822385.110035,200.71052838023624,0.005056211719696169,0
1595822385.120046,202.51250076945743,0.005056211719696169,0
1595822385.1300492,204.313099867663,0.005056211719696169,0
1595822385.140047,206.11271191295108,0.005056211719696169,0
1595822385.1500494,207.9131393497797,0.005056211719696169,0
1595822385.160037,209.71090603526554,0.005056211719696169,0
1595822385.1700456,211.51244927104435,0.005056211719696169,0
1595822385.180035,213.3105592792841,0.005056211719696169,0
1595822385.1900473,215.11274624522648,0.005056211719696169,0
1595822385.200039,216.91124249156437,0.005056211719696169,0
1595822385.2100382,218.71111202891788,0.005056211719696169,0
1595822385.2200408,220.51158238109073,0.005056211719696169,0
1595822385.2300386,222.31119442637882,0.005056211719696169,0
1595822385.240036,224.11072064097843,0.005056211719696169,0
1595822385.250034,225.91037560161075,0.005056211719696169,0
1595822385.260048,227.7128629749628,0.005056211719696169,0
1595822385.2700438,229.51213169749698,0.005056211719696169,0
1595822385.2800403,231.31148625071964,0.005056211719696169,0
1595822385.2900472,233.11272907908878,0.005056211719696169,0
1595822385.3000333,234.9102382725092,0.005056211719696169,0
1595822385.3100421,236.71182442363224,0.005056211719696169,0
1595822385.3200357,238.51066399272403,0.005056211719696169,0
1595822385.3300438,240.31212139781437,0.005056211719696169,0
1595822385.3400435,242.11207676585636,0.005056211719696169,0
1595822385.3500335,243.91027260478458,0.005056211719696169,0
1595822385.3600507,245.71336079295597,0.005056211719696169,0
1595822385.3700426,247.5118999546381,0.005056211719696169,0
1595822385.3800344,249.31043911632023,0.005056211719696169,0
1595822385.3900447,251.1122827595087,0.005056211719696169,0
1595822385.4000435,252.91206646617374,0.005056211719696169,0
1595822385.410044,254.71215058024845,0.005056211719696169,0
1595822385.4200354,256.5106039112421,0.005056211719696169,0
1595822385.43004,258.31141758616883,0.005056211719696169,0
1595822385.440038,260.11107254680115,0.005056211719696169,0
1595822385.4500473,261.9127445286127,0.005056211719696169,0
1595822385.4600348,263.7105112140985,0.005056211719696169,0
1595822385.4700315,265.5099086826654,0.005056211719696169,0
1595822385.4800453,267.31239605601746,0.005056211719696169,0
1595822385.490042,269.11179352458436,0.005056211719696169,0
1595822385.500046,270.91252136882264,0.005056211719696169,0
1595822385.5100486,272.7129917209955,0.005056211719696169,0
1595822385.5200338,274.51032925303895,0.005056211719696169,0
1595822385.530038,276.31110001262147,0.005056211719696169,0
1595822385.540033,278.1101970737787,0.005056211719696169,0
1595822385.550044,279.9121694629999,0.005056211719696169,0
1595822385.5600352,281.7105798786493,0.005056211719696169,0
1595822385.5700333,283.5102348392816,0.005056211719696169,0
1595822385.5800433,285.31203556712586,0.005056211719696169,0
1595822385.590049,287.1130638187738,0.005056211719696169,0
1595822385.6000383,288.9111309116693,0.005056211719696169,0
1595822385.610043,290.7119875019403,0.005056211719696169,0
1595822385.620041,292.5115995472284,0.005056211719696169,0
1595822385.6300473,294.31275654490906,0.005056211719696169,0
1595822385.6400332,296.11022282298524,0.005056211719696169,0
1595822385.650038,297.91107941325623,0.005056211719696169,0
1595822385.660037,299.7109060352655,0.005056211719696169,0
1595822385.6700325,301.5100889271112,0.005056211719696169,0
1595822385.6800387,303.31120300944764,0.005056211719696169,0
1595822385.690041,305.11163044627625,0.005056211719696169,0
1595822385.7000465,306.91261578257996,0.005056211719696169,0
1595822385.7100482,308.71291447337586,0.005056211719696169,0
1595822385.7200341,310.51038075145203,0.005056211719696169,0
1595822385.7300353,312.31059361155945,0.005056211719696169,0
1595822385.7400377,314.11102104838807,0.005056211719696169,0
1595822385.750046,315.91252136882264,0.005056211719696169,0
1595822385.7600496,317.71316338237244,0.005056211719696169,0
1595822385.7700458,319.51247502025086,0.005056211719696169,0
1595822385.7800364,321.3107996052118,0.005056211719696169,0
1595822385.7900348,323.11049748118836,0.005056211719696169,0
1595822385.800037,324.91088200267274,0.005056211719696169,0
1595822385.8100328,326.7101507252069,0.005056211719696169,0
1595822385.8200502,328.51328182872254,0.005056211719696169,0
1595822385.8300354,330.310619360766,0.005056211719696169,0
1595822385.8400416,332.1117334431024,0.005056211719696169,0
1595822385.8500404,333.91151714976746,0.005056211719696169,0
1595822385.8600323,335.7100563114496,0.005056211719696169,0
1595822385.8700404,337.5115137165399,0.005056211719696169,0
1595822385.8800483,339.312928206286,0.005056211719696169,0
1595822385.8900456,341.1124544208856,0.005056211719696169,0
1595822385.900032,342.9100065296503,0.005056211719696169,0
1595822385.9100316,344.70991898234803,0.005056211719696169,0
1595822385.9200425,346.5118913715692,0.005056211719696169,0
1595822385.9300437,348.31210423167664,0.005056211719696169,0
1595822385.940033,350.11017132457215,0.005056211719696169,0
1595822385.9500463,351.9125728672357,0.005056211719696169,0
1595822385.9600463,353.71257115062195,0.005056211719696169,0
1595822385.9700341,355.51038075145203,0.005056211719696169,0
1595822385.9800477,357.31282520945985,0.005056211719696169,0
1595822385.990048,359.1128664081903,0.005056211719696169,0
1595822385.9949918,360,0.005056211719696169,1
1595822385.9949918,0,0,0
1595822386.0049946,2.71526262979775,0.005081940901559223,0
1595822386.0150087,4.517792918494039,0.005081940901559223,0
1595822386.024993,6.314958789160543,0.005081940901559223,0
1595822386.0350027,8.116716601660542,0.005081940901559223,0
1595822386.0450032,9.91680071573525,0.005081940901559223,0
1595822386.0550096,11.717957713415913,0.005081940901559223,0
1595822386.0650074,13.517569758704,0.005081940901559223,0
1595822386.0749934,15.315036036780171,0.005081940901559223,0
1595822386.0850012,17.116450526526265,0.005081940901559223,0
1595822386.095008,18.917650439551167,0.005081940901559223,0
1595822386.104992,20.714773394873433,0.005081940901559223,0
1595822386.1150043,22.517003276160054,0.005081940901559223,0
1595822386.125007,24.317473628332905,0.005081940901559223,0
1595822386.1349998,26.116184451391987,0.005081940901559223,0
1595822386.144995,27.915324427893452,0.005081940901559223,0
1595822386.1549919,29.714764811804585,0.005081940901559223,0
1595822386.1650057,31.517252185156636,0.005081940901559223,0
1595822386.1750097,33.31798002939492,0.005081940901559223,0
1595822386.1849928,35.11493132334023,0.005081940901559223,0
1595822386.1949947,36.915272929480366,0.005081940901559223,0
1595822386.205006,38.717288234045796,0.005081940901559223,0
1595822386.2149956,40.51544115762978,0.005081940901559223,0
1595822386.2249997,42.31616900186806,0.005081940901559223,0
1595822386.2350068,44.11745474558144,0.005081940901559223,0
1595822386.2450006,45.916337230017476,0.005081940901559223,0
1595822386.2550092,47.717880465796284,0.005081940901559223,0
1595822386.2649949,49.51530382852822,0.005081940901559223,0
1595822386.2750082,51.31770537119179,0.005081940901559223,0
1595822386.285005,53.117145755102925,0.005081940901559223,0
1595822386.2950077,54.91761610727578,0.005081940901559223,0
1595822386.3049943,56.71521113138466,0.005081940901559223,0
1595822386.3150058,58.51726935129433,0.005081940901559223,0
1595822386.3249989,60.31602308969765,0.005081940901559223,0
1595822386.3350024,62.116665103247456,0.005081940901559223,0
1595822386.3449936,63.91507551889687,0.005081940901559223,0
1595822386.3550098,65.7179920456913,0.005081940901559223,0
1595822386.365009,67.51786158304482,0.005081940901559223,0
1595822386.374997,69.3156711838749,0.005081940901559223,0
1595822386.3850102,71.11807272653847,0.005081940901559223,0
1595822386.3949919,72.91476652841835,0.005081940901559223,0
1595822386.404999,74.71605227213173,0.005081940901559223,0
1595822386.4149928,76.51493475656777,0.005081940901559223,0
1595822386.4250035,78.31686423044472,0.005081940901559223,0
1595822386.4349997,80.11617586832314,0.005081940901559223,0
1595822386.4450066,81.91741869669228,0.005081940901559223,0
1595822386.455,83.71621535043984,0.005081940901559223,0
1595822386.4650097,85.51797316293984,0.005081940901559223,0
1595822386.475001,87.31642649393349,0.005081940901559223,0
1595822386.485007,89.11749766092568,0.005081940901559223,0
1595822386.4949949,90.91530726175576,0.005081940901559223,0
1595822386.5049984,92.71594927530556,0.005081940901559223,0
1595822386.5150006,94.51633379678994,0.005081940901559223,0
1595822386.5250065,96.31740496378212,0.005081940901559223,0
1595822386.5350032,98.11680243234902,0.005081940901559223,0
1595822386.5450034,99.91684363107949,0.005081940901559223,0
1595822386.555006,101.71731398325234,0.005081940901559223,0
1595822386.5649958,103.51546690683632,0.005081940901559223,0
1595822386.5750027,105.31670973520546,0.005081940901559223,0
1595822386.5849912,107.11464808206826,0.005081940901559223,0
1595822386.5949972,108.91571924906044,0.005081940901559223,0
1595822386.605002,110.71657583933144,0.005081940901559223,0
1595822386.614999,112.51605913858681,0.005081940901559223,0
1595822386.6249928,114.31494162302285,0.005081940901559223,0
1595822386.6350038,116.11691401224404,0.005081940901559223,0
1595822386.6450038,117.91691229563027,0.005081940901559223,0
1595822386.655003,119.71678183298378,0.005081940901559223,0
1595822386.6650045,121.51703760843544,0.005081940901559223,0
1595822386.6749923,123.31484720926552,0.005081940901559223,0
1595822386.6849918,125.11475966196328,0.005081940901559223,0
1595822386.6949914,126.91467211466103,0.005081940901559223,0
1595822386.705002,128.716601588538,0.005081940901559223,0
1595822386.7149947,130.51526949625284,0.005081940901559223,0
1595822386.7249956,132.31543944101603,0.005081940901559223,0
1595822386.7349932,134.11500857095987,0.005081940901559223,0
1595822386.7449992,135.91607973795206,0.005081940901559223,0
1595822386.755002,137.71659300546915,0.005081940901559223,0
1595822386.7650027,139.5167200348881,0.005081940901559223,0
1595822386.775003,141.31676123361856,0.005081940901559223,0
1595822386.7850044,143.11701700907022,0.005081940901559223,0
1595822386.7950082,144.91770193796427,0.005081940901559223,0
1595822386.8050091,146.71787188272745,0.005081940901559223,0
1595822386.8149927,148.51490900736124,0.005081940901559223,0
1595822386.825003,150.31675265054972,0.005081940901559223,0
1595822386.8350055,152.11722300272257,0.005081940901559223,0
1595822386.8449972,153.91571924906046,0.005081940901559223,0
1595822386.8549979,155.7158462784794,0.005081940901559223,0
1595822386.8649912,157.51464293222696,0.005081940901559223,0
1595822386.874996,159.31549952249796,0.005081940901559223,0
1595822386.8850062,161.11734316568644,0.005081940901559223,0
1595822386.8949993,162.91609690408976,0.005081940901559223,0
1595822386.9050033,164.71682474832804,0.005081940901559223,0
1595822386.9149964,166.51557848673136,0.005081940901559223,0
1595822386.9249978,168.31583426218302,0.005081940901559223,0
1595822386.934998,170.1158754609135,0.005081940901559223,0
1595822386.944993,171.9149725220707,0.005081940901559223,0
1595822386.955008,173.71767447214395,0.005081940901559223,0
1595822386.9650056,175.5172436020878,0.005081940901559223,0
1595822386.9749923,177.3148386261967,0.005081940901559223,0
1595822386.984998,179.11586687784464,0.005081940901559223,0
1595822386.9949987,180.91599390726358,0.005081940901559223,0
1595822387.0039394,182.52531931619913,0.005081940901559223,0
1595822387.0039394,182.52531931619913,0.005081940901559223,0
1595822387.005004,182.71693632822306,0.005081940901559223,0
1595822387.014998,184.51586172800333,0.005081940901559223,0
1595822387.025003,186.31676123361856,0.005081940901559223,0
1595822387.0349977,188.11581537943155,0.005081940901559223,0
1595822387.0449948,189.91529867868692,0.005081940901559223,0
1595822387.0550084,191.71774313669474,0.005081940901559223,0
1595822387.065005,193.51714060526163,0.005081940901559223,0
1595822387.0749974,195.31576559763224,0.005081940901559223,0
1595822387.0849912,197.11464808206827,0.005081940901559223,0
1595822387.094995,198.9153330109623,0.005081940901559223,0
1595822387.1050096,200.71794913034708,0.005081940901559223,0
1595822387.1149943,202.51520083170206,0.005081940901559223,0
1595822387.1249928,204.31494162302286,0.005081940901559223,0
1595822387.135009,206.1178581498173,0.005081940901559223,0
1595822387.1449945,207.915238597205,0.005081940901559223,0
1595822387.1549938,209.7151081345585,0.005081940901559223,0
1595822387.164994,211.51514933328897,0.005081940901559223,0
1595822387.174997,213.3157055161503,0.005081940901559223,0
1595822387.1849961,215.11553213815958,0.005081940901559223,0
1595822387.1949966,216.9156162522343,0.005081940901559223,0
1595822387.2050073,218.71754572611124,0.005081940901559223,0
1595822387.2150083,220.51771567087442,0.005081940901559223,0
1595822387.2249992,222.3160831711796,0.005081940901559223,0
1595822387.2349916,224.1147081635502,0.005081940901559223,0
1595822387.2450075,225.9175817750004,0.005081940901559223,0
1595822387.2549999,227.716206767371,0.005081940901559223,0
1595822387.2650073,229.51753542642862,0.005081940901559223,0
1595822387.2750072,231.31753370981485,0.005081940901559223,0
1595822387.2849987,233.1159870408085,0.005081940901559223,0
1595822387.295003,234.91675780039103,0.005081940901559223,0
1595822387.3049943,236.71521113138468,0.005081940901559223,0
1595822387.3149953,238.51538107614786,0.005081940901559223,0
1595822387.3249907,240.31456396799356,0.005081940901559223,0
1595822387.3349915,242.1146909974125,0.005081940901559223,0
1595822387.3450058,243.91726420145304,0.005081940901559223,0
1595822387.3550065,245.71739123087198,0.005081940901559223,0
1595822387.3649976,247.5158016465214,0.005081940901559223,0
1595822387.3750024,249.3166582367924,0.005081940901559223,0
1595822387.3850045,251.11704275827677,0.005081940901559223,0
1595822387.3949995,252.916139819434,0.005081940901559223,0
1595822387.4050002,254.71626684885294,0.005081940901559223,0
1595822387.4150023,256.5166513703373,0.005081940901559223,0
1595822387.4250052,258.3171646378544,0.005081940901559223,0
1595822387.4349928,260.1149313233402,0.005081940901559223,0
1595822387.4450026,261.9166891358402,0.005081940901559223,0
1595822387.4550052,263.71715948801307,0.005081940901559223,0
1595822387.4650002,265.5162565491703,0.005081940901559223,0
1595822387.4749937,267.3150961182621,0.005081940901559223,0
1595822387.4850059,269.1172830842045,0.005081940901559223,0
1595822387.4950066,270.9174101136234,0.005081940901559223,0
1595822387.505009,272.71783755045203,0.005081940901559223,0
1595822387.515004,274.51693461160926,0.005081940901559223,0
1595822387.524992,276.3147871277836,0.005081940901559223,0
1595822387.535008,278.11766073923377,0.005081940901559223,0
1595822387.545008,279.91765902262,0.005081940901559223,0
1595822387.5550075,281.71757147531775,0.005081940901559223,0
1595822387.5649903,283.51447985391883,0.005081940901559223,0
1595822387.574998,285.3158514283207,0.005081940901559223,0
1595822387.5850008,287.1163646958378,0.005081940901559223,0
1595822387.5949907,288.914560534766,0.005081940901559223,0
1595822387.6050038,290.71691916208533,0.005081940901559223,0
1595822387.6149936,292.5150720856693,0.005081940901559223,0
1595822387.6250074,294.31755945902137,0.005081940901559223,0
1595822387.6349921,296.11481116037635,0.005081940901559223,0
1595822387.6449947,297.9152815125492,0.005081940901559223,0
1595822387.6549966,299.71562311868934,0.005081940901559223,0
1595822387.665004,301.51695177774695,0.005081940901559223,0
1595822387.6749997,303.3161775849369,0.005081940901559223,0
1595822387.6850047,305.11707709055213,0.005081940901559223,0
1595822387.695007,306.91750452738074,0.005081940901559223,0
1595822387.704997,308.71570036630897,0.005081940901559223,0
1595822387.7149975,310.5157844803837,0.005081940901559223,0
1595822387.7250085,312.31775686960486,0.005081940901559223,0
1595822387.734998,314.1158668778446,0.005081940901559223,0
1595822387.744991,315.91462061624793,0.005081940901559223,0
1595822387.7549918,317.7147476456669,0.005081940901559223,0
1595822387.7650025,319.51667711954383,0.005081940901559223,0
1595822387.7750056,321.31723330240516,0.005081940901559223,0
1595822387.7849913,323.1146566651371,0.005081940901559223,0
1595822387.7949958,324.91547034006385,0.005081940901559223,0
1595822387.8049958,326.7154686234501,0.005081940901559223,0
1595822387.815002,328.5165827057865,0.005081940901559223,0
1595822387.8250008,330.31636641245154,0.005081940901559223,0
1595822387.8350024,332.11666510324744,0.005081940901559223,0
1595822387.844999,333.91606257181434,0.005081940901559223,0
1595822387.8550022,335.71661875467566,0.005081940901559223,0
1595822387.8649983,337.5159303925541,0.005081940901559223,0
1595822387.8749926,339.3148987076786,0.005081940901559223,0
1595822387.8849998,341.116184451392,0.005081940901559223,0
1595822387.895006,342.9172985337284,0.005081940901559223,0
1595822387.9049935,344.71506521921424,0.005081940901559223,0
1595822387.9149942,346.5151922486332,0.005081940901559223,0
1595822387.9249902,348.31446097116736,0.005081940901559223,0
1595822387.9350076,350.117592074683,0.005081940901559223,0
1595822387.9450035,351.91686079721717,0.005081940901559223,0
1595822387.9549901,353.71445582132606,0.005081940901559223,0
1595822387.9650054,355.51720068674354,0.005081940901559223,0
1595822387.9750006,357.316340663245,0.005081940901559223,0
1595822387.9849918,359.1147510788944,0.005081940901559223,0
1595822387.9899166,360,0.005081940901559223,1
1595822387.9899166,0,0,0
1595822387.9999335,2.717957243268425,0.005082844280229315,0
1595822388.009919,4.5153376906561205,0.005082844280229315,0
1595822388.0199332,6.317910894696648,0.005082844280229315,0
1595822388.0299175,8.115076765363153,0.005082844280229315,0
1595822388.0399196,9.915461286847528,0.005082844280229315,0
1595822388.0499165,11.71490167075866,0.005082844280229315,0
1595822388.0599306,13.51743195945495,0.005082844280229315,0
1595822388.069917,15.314984068219598,0.005082844280229315,0
1595822388.0799232,17.116098150556024,0.005082844280229315,0
1595822388.08992,18.915538534467156,0.005082844280229315,0
1595822388.0999236,20.71618054801696,0.005082844280229315,0
1595822388.1099184,22.51523469382995,0.005082844280229315,0
1595822388.1199348,24.31819413596862,0.005082844280229315,0
1595822388.129923,26.116089567487176,0.005082844280229315,0
1595822388.1399324,27.9177615492987,0.005082844280229315,0
1595822388.1499233,29.716129049603875,0.005082844280229315,0
1595822388.1599164,31.514882788007196,0.005082844280229315,0
1595822388.1699245,33.316340193097524,0.005082844280229315,0
1595822388.1799276,35.11689637595885,0.005082844280229315,0
1595822388.1899276,36.91689465934508,0.005082844280229315,0
1595822388.1999316,38.717622503583364,0.005082844280229315,0
1595822388.2099257,40.51654790336364,0.005082844280229315,0
1595822388.2199283,42.31701825553649,0.005082844280229315,0
1595822388.2299337,44.1180035918402,0.005082844280229315,0
1595822388.2399275,45.916886076276235,0.005082844280229315,0
1595822388.2499256,47.71654103690856,0.005082844280229315,0
1595822388.2599285,49.51705430442565,0.005082844280229315,0
1595822388.2699256,51.31653760368102,0.005082844280229315,0
1595822388.2799282,53.11700795585387,0.005082844280229315,0
1595822388.2899203,54.91559003288024,0.005082844280229315,0
1595822388.2999237,56.716189131085805,0.005082844280229315,0
1595822388.309918,58.51515744621032,0.005082844280229315,0
1595822388.3199172,60.31502698356383,0.005082844280229315,0
1595822388.3299205,62.1156260817694,0.005082844280229315,0
1595822388.339927,63.91678307945006,0.005082844280229315,0
1595822388.3499207,65.7156655638861,0.005082844280229315,0
1595822388.3599222,67.51592133933777,0.005082844280229315,0
1595822388.3699164,69.31488965446228,0.005082844280229315,0
1595822388.3799186,71.11527417594665,0.005082844280229315,0
1595822388.3899205,72.91561578208679,0.005082844280229315,0
1595822388.3999288,74.71711610252136,0.005082844280229315,0
1595822388.409917,76.51501153403991,0.005082844280229315,0
1595822388.4199321,78.31771348411316,0.005082844280229315,0
1595822388.4299278,80.1169392913031,0.005082844280229315,0
1595822388.4399266,81.91672299796814,0.005082844280229315,0
1595822388.4499266,83.71672128135437,0.005082844280229315,0
1595822388.4599214,85.51577542716736,0.005082844280229315,0
1595822388.4699328,87.31783364707702,0.005082844280229315,0
1595822388.4799318,89.1176602690863,0.005082844280229315,0
1595822388.4899218,90.91585610801452,0.005082844280229315,0
1595822388.4999223,92.71594022208923,0.005082844280229315,0
1595822388.5099285,94.51705430442566,0.005082844280229315,0
1595822388.519922,96.31589387351745,0.005082844280229315,0
1595822388.5299313,98.11756585532898,0.005082844280229315,0
1595822388.539926,99.91662000114196,0.005082844280229315,0
1595822388.549934,101.71803449088806,0.005082844280229315,0
1595822388.5599203,103.5155865996527,0.005082844280229315,0
1595822388.56993,105.3173444121527,0.005082844280229315,0
1595822388.5799315,107.11760018760437,0.005082844280229315,0
1595822388.5899196,108.91545270377868,0.005082844280229315,0
1595822388.5999277,110.71691010886902,0.005082844280229315,0
1595822388.6099327,112.51780961448425,0.005082844280229315,0
1595822388.6199186,114.31527589256042,0.005082844280229315,0
1595822388.6299276,116.1169049590277,0.005082844280229315,0
1595822388.639921,117.91570161277527,0.005082844280229315,0
1595822388.6499326,119.71780274802917,0.005082844280229315,0
1595822388.6599252,121.51647065574402,0.005082844280229315,0
1595822388.669916,123.31479524070495,0.005082844280229315,0
1595822388.6799219,125.11586640769714,0.005082844280229315,0
1595822388.6899247,126.91637967521423,0.005082844280229315,0
1595822388.6999266,128.71672128135435,0.005082844280229315,0
1595822388.709917,130.51500295097105,0.005082844280229315,0
1595822388.7199316,132.31761907035582,0.005082844280229315,0
1595822388.7299345,134.1181323378729,0.005082844280229315,0
1595822388.7399166,135.91491197044127,0.005082844280229315,0
1595822388.7499294,137.71722768241636,0.005082844280229315,0
1595822388.7599258,139.51658223563902,0.005082844280229315,0
1595822388.7699265,141.31670926505797,0.005082844280229315,0
1595822388.7799277,143.1169221251654,0.005082844280229315,0
1595822388.7899227,144.91601918632261,0.005082844280229315,0
1595822388.7999187,146.7152879088568,0.005082844280229315,0
1595822388.809928,148.51695989066832,0.005082844280229315,0
1595822388.8199296,150.31725858146422,0.005082844280229315,0
1595822388.829916,152.11481069022886,0.005082844280229315,0
1595822388.8399298,153.91729806358092,0.005082844280229315,0
1595822388.8499267,155.71673844749205,0.005082844280229315,0
1595822388.8599193,157.5154063552069,0.005082844280229315,0
1595822388.8699274,159.31686376029722,0.005082844280229315,0
1595822388.8799274,161.11686204368345,0.005082844280229315,0
1595822388.8899233,162.91613076621763,0.005082844280229315,0
1595822388.8999248,164.7163865416693,0.005082844280229315,0
1595822388.909923,166.51608441764586,0.005082844280229315,0
1595822388.919933,168.3178851454901,0.005082844280229315,0
1595822388.9299269,170.11676762992613,0.005082844280229315,0
1595822388.9399238,171.91620801383726,0.005082844280229315,0
1595822388.9499207,173.7156483977484,0.005082844280229315,0
1595822388.959931,175.51749204093687,0.005082844280229315,0
1595822388.96993,177.31731866294615,0.005082844280229315,0
1595822388.9799333,179.11791776115172,0.005082844280229315,0
1595822388.989934,180.91804479057066,0.005082844280229315,0
1595822388.9990418,182.55745385581724,0.005082844280229315,0
1595822388.9990418,182.55745385581724,0.005082844280229315,0
1595822388.999917,182.71499608451597,0.005082844280229315,0
1595822389.0099325,184.5177838652777,0.005082844280229315,0
1595822389.0199165,186.31490682059996,0.005082844280229315,0
1595822389.0299273,188.1168362944769,0.005082844280229315,0
1595822389.0399299,189.91730664664976,0.005082844280229315,0
1595822389.049917,191.71498750144713,0.005082844280229315,0
1595822389.0599298,193.51730321342222,0.005082844280229315,0
1595822389.0699275,195.31687234336607,0.005082844280229315,0
1595822389.0799258,197.11657021934263,0.005082844280229315,0
1595822389.089921,198.9157101958441,0.005082844280229315,0
1595822389.0999281,200.71699593955748,0.005082844280229315,0
1595822389.1099234,202.51613591605894,0.005082844280229315,0
1595822389.1199193,204.31540463859312,0.005082844280229315,0
1595822389.1299329,206.11784909660093,0.005082844280229315,0
1595822389.1399221,207.91591618949644,0.005082844280229315,0
1595822389.1499255,209.716515287702,0.005082844280229315,0
1595822389.159932,211.51767228538267,0.005082844280229315,0
1595822389.1699293,213.31719849998228,0.005082844280229315,0
1595822389.1799276,215.11689637595885,0.005082844280229315,0
1595822389.1899338,216.91801045829527,0.005082844280229315,0
1595822389.1999223,218.71594880515806,0.005082844280229315,0
1595822389.209916,220.5148312895941,0.005082844280229315,0
1595822389.2199183,222.31521581107847,0.005082844280229315,0
1595822389.229929,224.11714528495543,0.005082844280229315,0
1595822389.2399278,225.91692899162047,0.005082844280229315,0
1595822389.24993,227.71731351310484,0.005082844280229315,0
1595822389.259925,229.51641057426207,0.005082844280229315,0
1595822389.2699249,231.3164088576483,0.005082844280229315,0
1595822389.279933,233.11786626273863,0.005082844280229315,0
1595822389.2899342,234.91807912284605,0.005082844280229315,0
1595822389.2999308,236.71747659141295,0.005082844280229315,0
1595822389.3099225,238.51597283775084,0.005082844280229315,0
1595822389.3199267,240.31674359733336,0.005082844280229315,0
1595822389.329918,242.11515401298277,0.005082844280229315,0
1595822389.3399162,243.91485188895933,0.005082844280229315,0
1595822389.3499281,245.71699593955748,0.005082844280229315,0
1595822389.3599327,247.51780961448424,0.005082844280229315,0
1595822389.369919,249.31536172324888,0.005082844280229315,0
1595822389.3799303,251.1173770278143,0.005082844280229315,0
1595822389.38992,252.9155299513983,0.005082844280229315,0
1595822389.3999286,254.7170731871771,0.005082844280229315,0
1595822389.4099267,256.51672814780943,0.005082844280229315,0
1595822389.4199169,258.3149669020819,0.005082844280229315,0
1595822389.429931,260.1174971907782,0.005082844280229315,0
1595822389.4399164,261.9148776381659,0.005082844280229315,0
1595822389.4499283,263.717021688764,0.005082844280229315,0
1595822389.4599276,265.51689122611754,0.005082844280229315,0
1595822389.4699285,267.3170611708807,0.005082844280229315,0
1595822389.4799278,269.11693070823424,0.005082844280229315,0
1595822389.489925,270.9164140074896,0.005082844280229315,0
1595822389.4999306,272.71744225913756,0.005082844280229315,0
1595822389.509931,274.51752637321226,0.005082844280229315,0
1595822389.5199265,276.31670926505797,0.005082844280229315,0
1595822389.529927,278.1167933791327,0.005082844280229315,0
1595822389.5399323,279.91773580009215,0.005082844280229315,0
1595822389.5499203,281.71558831626646,0.005082844280229315,0
1595822389.5599227,283.5160157530951,0.005082844280229315,0
1595822389.5699224,285.31597112113707,0.005082844280229315,0
1595822389.5799174,287.1150681822943,0.005082844280229315,0
1595822389.5899236,288.9161822646307,0.005082844280229315,0
1595822389.5999186,290.71527932578795,0.005082844280229315,0
1595822389.609916,292.51480554038756,0.005082844280229315,0
1595822389.6199188,294.31531880790465,0.005082844280229315,0
1595822389.6299314,296.1175916045355,0.005082844280229315,0
1595822389.6399329,297.91784737998717,0.005082844280229315,0
1595822389.6499264,299.71668694907896,0.005082844280229315,0
1595822389.6599295,301.5172431319403,0.005082844280229315,0
1595822389.669917,303.31500981742613,0.005082844280229315,0
1595822389.6799202,305.11556600028746,0.005082844280229315,0
1595822389.6899302,306.9173667281317,0.005082844280229315,0
1595822389.6999333,308.717922910993,0.005082844280229315,0
1595822389.709931,310.5174920409369,0.005082844280229315,0
1595822389.7199152,312.3146579116034,0.005082844280229315,0
1595822389.7299292,314.11718820029967,0.005082844280229315,0
1595822389.7399187,315.9152982085394,0.005082844280229315,0
1595822389.7499301,317.7173564284491,0.005082844280229315,0
1595822389.7599185,319.51525185996763,0.005082844280229315,0
1595822389.76992,321.31555055076353,0.005082844280229315,0
1595822389.7799263,323.11666463309996,0.005082844280229315,0
1595822389.7899327,324.9178216307806,0.005082844280229315,0
1595822389.7999272,326.7168328612494,0.005082844280229315,0
1595822389.8099167,328.5149428694891,0.005082844280229315,0
1595822389.8199267,330.31674359733336,0.005082844280229315,0
1595822389.8299313,332.1175572722601,0.005082844280229315,0
1595822389.8399215,333.9157960265326,0.005082844280229315,0
1595822389.8499284,335.7170388549017,0.005082844280229315,0
1595822389.859928,337.51695130759947,0.005082844280229315,0
1595822389.8699176,339.31510423118345,0.005082844280229315,0
1595822389.8799276,341.1169049590277,0.005082844280229315,0
1595822389.8899233,342.91613076621763,0.005082844280229315,0
1595822389.899926,344.7166011183905,0.005082844280229315,0
1595822389.909927,346.51677106315367,0.005082844280229315,0
1595822389.919922,348.31591103965513,0.005082844280229315,0
1595822389.9299169,350.1149651854681,0.005082844280229315,0
1595822389.93993,351.91732381278746,0.005082844280229315,0
1595822389.949915,353.7146184294867,0.005082844280229315,0
1595822389.9599326,355.51779244834654,0.005082844280229315,0
1595822389.9699244,357.31633161002867,0.005082844280229315,0
1595822389.9799252,359.1164586394476,0.005082844280229315,0
1595822389.9848359,360,0.005082844280229315,1
1595822389.9848359,0,0,0
1595822389.994842,2.7161871278278404,0.00508373914161897,0
1595822390.004836,4.515112527608114,0.00508373914161897,0
1595822390.0148537,6.318286546467977,0.00508373914161897,0
1595822390.0248456,8.116825708150106,0.00508373914161897,0
1595822390.0348504,9.917682298421102,0.00508373914161897,0
1595822390.0448437,11.71647895216866,0.00508373914161897,0
1595822390.0548446,13.516648896931844,0.00508373914161897,0
1595822390.064845,15.316733011006551,0.00508373914161897,0
1595822390.0748432,17.116387971638876,0.00508373914161897,0
1595822390.084836,18.915098794697958,0.00508373914161897,0
1595822390.094843,20.7163416230671,0.00508373914161897,0
1595822390.1048372,22.51530993819161,0.00508373914161897,0
1595822390.1148381,24.315479882954794,0.00508373914161897,0
1595822390.124852,26.117967256306844,0.00508373914161897,0
1595822390.1348374,27.91534770369454,0.00508373914161897,0
1595822390.1448438,29.716504701375204,0.00508373914161897,0
1595822390.1548445,31.51663173079415,0.00508373914161897,0
1595822390.1648512,33.31783164381905,0.00508373914161897,0
1595822390.1748443,35.11658538222237,0.00508373914161897,0
1595822390.1848516,36.917914041279985,0.00508373914161897,0
1595822390.1948435,38.716453202962114,0.00508373914161897,0
1595822390.2048461,40.516923555134966,0.00508373914161897,0
1595822390.2148361,42.31511939406319,0.00508373914161897,0
1595822390.224839,44.11563266158028,0.00508373914161897,0
1595822390.234838,45.915459283589556,0.00508373914161897,0
1595822390.2448356,47.7150284135334,0.00508373914161897,0
1595822390.254852,49.517987855672075,0.00508373914161897,0
1595822390.2648413,51.31605494856758,0.00508373914161897,0
1595822390.2748382,53.115495332478716,0.00508373914161897,0
1595822390.2848375,54.91536486983223,0.00508373914161897,0
1595822390.294849,56.7174230897419,0.00508373914161897,0
1595822390.3048513,58.51785052657051,0.00508373914161897,0
1595822390.3148503,60.31767714857979,0.00508373914161897,0
1595822390.32485,62.11763251662178,0.00508373914161897,0
1595822390.33485,63.91763080000801,0.00508373914161897,0
1595822390.344839,65.71565497755928,0.00508373914161897,0
1595822390.3548472,67.51711238264961,0.00508373914161897,0
1595822390.3648503,69.31766856551094,0.00508373914161897,0
1595822390.3748386,71.1155639970295,0.00508373914161897,0
1595822390.384843,72.91637767195625,0.00508373914161897,0
1595822390.3948436,74.71646178603096,0.00508373914161897,0
1595822390.4048514,76.51787627577706,0.00508373914161897,0
1595822390.4148505,78.31770289778633,0.00508373914161897,0
1595822390.4248395,80.1157270753376,0.00508373914161897,0
1595822390.4348526,81.91808570265694,0.00508373914161897,0
1595822390.4448526,83.71808398604317,0.00508373914161897,0
1595822390.4548461,85.51692355513497,0.00508373914161897,0
1595822390.4648373,87.31533397078438,0.00508373914161897,0
1595822390.4748366,89.1152035081379,0.00508373914161897,0
1595822390.4848378,90.91541636824532,0.00508373914161897,0
1595822390.4948475,92.71717418074532,0.00508373914161897,0
1595822390.5048437,94.51648581862374,0.00508373914161897,0
1595822390.5148363,96.31515372633858,0.00508373914161897,0
1595822390.524853,98.11815608382149,0.00508373914161897,0
1595822390.5348444,99.91660941481514,0.00508373914161897,0
1595822390.5448499,101.71759475111885,0.00508373914161897,0
1595822390.5548441,103.51656306624336,0.00508373914161897,0
1595822390.564838,105.3154455506794,0.00508373914161897,0
1595822390.5748405,107.11591590285225,0.00508373914161897,0
1595822390.5848455,108.91681540846749,0.00508373914161897,0
1595822390.5948465,110.71698535323067,0.00508373914161897,0
1595822390.604843,112.51633990645333,0.00508373914161897,0
1595822390.614848,114.31723941206856,0.00508373914161897,0
1595822390.6248357,116.11504901289864,0.00508373914161897,0
1595822390.6348407,117.91594851851387,0.00508373914161897,0
1595822390.6448383,119.71551764845772,0.00508373914161897,0
1595822390.6548417,121.51611674666329,0.00508373914161897,0
1595822390.6648526,123.31808913588448,0.00508373914161897,0
1595822390.6748362,125.11512626051827,0.00508373914161897,0
1595822390.6848536,126.91825736403389,0.00508373914161897,0
1595822390.6948526,128.71808398604318,0.00508373914161897,0
1595822390.7048538,130.5182968461506,0.00508373914161897,0
1595822390.7148526,132.31808055281564,0.00508373914161897,0
1595822390.7248368,134.11524642348215,0.00508373914161897,0
1595822390.734838,135.91545928358957,0.00508373914161897,0
1595822390.7448492,137.717474588155,0.00508373914161897,0
1595822390.7548375,139.51537001967355,0.00508373914161897,0
1595822390.7648427,141.31631244063303,0.00508373914161897,0
1595822390.7748387,143.1155811631672,0.00508373914161897,0
1595822390.784848,144.91725314497873,0.00508373914161897,0
1595822390.7948456,146.71682227492258,0.00508373914161897,0
1595822390.804842,148.51617682814523,0.00508373914161897,0
1595822390.8148415,150.316089280843,0.00508373914161897,0
1595822390.8248384,152.11552966475412,0.00508373914161897,0
1595822390.834852,153.91797412276193,0.00508373914161897,0
1595822390.844851,155.7178007447712,0.00508373914161897,0
1595822390.854836,157.51509536147043,0.00508373914161897,0
1595822390.864837,159.3152653062336,0.00508373914161897,0
1595822390.8748438,161.11650813460275,0.00508373914161897,0
1595822390.884845,162.91672099471018,0.00508373914161897,0
1595822390.8948376,164.71538890242502,0.00508373914161897,0
1595822390.9048536,166.51826251387521,0.00508373914161897,0
1595822390.9148357,168.31504214644357,0.00508373914161897,0
1595822390.9248378,170.11542666792795,0.00508373914161897,0
1595822390.9348435,171.9164549195759,0.00508373914161897,0
1595822390.9448445,173.71662486433908,0.00508373914161897,0
1595822390.9548483,175.51730979323312,0.00508373914161897,0
1595822390.9648426,177.31627810835764,0.00508373914161897,0
1595822390.9748507,179.11773551344797,0.00508373914161897,0
1595822390.9848485,180.91734755873605,0.00508373914161897,0
1595822390.9941516,182.5919042909138,0.00508373914161897,0
1595822390.9941516,182.5919042909138,0.00508373914161897,0
1595822390.994835,182.7148996675007,0.00508373914161897,0
1595822391.0048468,184.51704371809885,0.00508373914161897,0
1595822391.0148373,186.31532538771555,0.00508373914161897,0
1595822391.0248532,188.11819899916574,0.00508373914161897,0
1595822391.0348485,189.9173389756672,0.00508373914161897,0
1595822391.044853,191.71815265059396,0.00508373914161897,0
1595822391.0548453,193.51677764296457,0.00508373914161897,0
1595822391.0648468,195.31703341841623,0.00508373914161897,0
1595822391.0748436,197.11647380232736,0.00508373914161897,0
1595822391.0848348,198.91488421797678,0.00508373914161897,0
1595822391.0948484,200.7173286759846,0.00508373914161897,0
1595822391.1048522,202.51801360487863,0.00508373914161897,0
1595822391.1148493,204.317496904134,0.00508373914161897,0
1595822391.1248393,206.11569274306223,0.00508373914161897,0
1595822391.1348474,207.91715014815256,0.00508373914161897,0
1595822391.14484,209.7158180558674,0.00508373914161897,0
1595822391.1548498,211.5175758683674,0.00508373914161897,0
1595822391.1648498,213.31757415175363,0.00508373914161897,0
1595822391.1748466,215.11701453566477,0.00508373914161897,0
1595822391.184838,216.91546786665842,0.00508373914161897,0
1595822391.1948495,218.71752608656809,0.00508373914161897,0
1595822391.2048364,220.5151640260212,0.00508373914161897,0
1595822391.214839,222.31563437819406,0.00508373914161897,0
1595822391.2248461,224.11692012190744,0.00508373914161897,0
1595822391.234841,225.91601718306467,0.00508373914161897,0
1595822391.2448444,227.71661628127023,0.00508373914161897,0
1595822391.2548435,229.5164429032795,0.00508373914161897,0
1595822391.2648423,231.31622660994455,0.00508373914161897,0
1595822391.2748418,233.1161390626423,0.00508373914161897,0
1595822391.2848506,234.91772521376535,0.00508373914161897,0
1595822391.2948396,236.71574939131662,0.00508373914161897,0
1595822391.30485,238.51763594984934,0.00508373914161897,0
1595822391.3148446,240.31664718031809,0.00508373914161897,0
1595822391.3248425,242.11625922560617,0.00508373914161897,0
1595822391.3348436,243.9164720857136,0.00508373914161897,0
1595822391.3448496,245.71754325270578,0.00508373914161897,0
1595822391.3548496,247.517541536092,0.00508373914161897,0
1595822391.364848,249.31723941206857,0.00508373914161897,0
1595822391.3748474,251.11715186476633,0.00508373914161897,0
1595822391.3848505,252.91770804762766,0.00508373914161897,0
1595822391.3948383,254.71551764845773,0.00508373914161897,0
1595822391.4048371,256.51530135512274,0.00508373914161897,0
1595822391.4148479,258.3172308289997,0.00508373914161897,0
1595822391.4248416,260.11611331343573,0.00508373914161897,0
1595822391.4348485,261.9173561418049,0.00508373914161897,0
1595822391.4448395,263.71572364211005,0.00508373914161897,0
1595822391.4548495,265.5175243699543,0.00508373914161897,0
1595822391.4648514,267.3178659760944,0.00508373914161897,0
1595822391.474848,269.1172634446613,0.00508373914161897,0
1595822391.484847,270.9170900666706,0.00508373914161897,0
1595822391.4948432,272.716401704549,0.00508373914161897,0
1595822391.5048385,274.5155416810505,0.00508373914161897,0
1595822391.5148487,276.31738532423896,0.00508373914161897,0
1595822391.5248516,278.11789859175605,0.00508373914161897,0
1595822391.5348396,279.91575110793036,0.00508373914161897,0
1595822391.5448349,281.7148910844318,0.00508373914161897,0
1595822391.554835,283.5149322831623,0.00508373914161897,0
1595822391.5648465,285.31699050307196,0.00508373914161897,0
1595822391.574853,287.1181475007526,0.00508373914161897,0
1595822391.5848348,288.91488421797675,0.00508373914161897,0
1595822391.5948417,290.7161270463459,0.00508373914161897,0
1595822391.604842,292.51616824507636,0.00508373914161897,0
1595822391.6148486,294.31736815810126,0.00508373914161897,0
1595822391.6248462,296.1169372880451,0.00508373914161897,0
1595822391.6348503,297.9176651322834,0.00508373914161897,0
1595822391.6448503,299.7176634156696,0.00508373914161897,0
1595822391.6548429,301.51633132338446,0.00508373914161897,0
1595822391.664835,303.31491340041083,0.00508373914161897,0
1595822391.6748388,305.1155983293049,0.00508373914161897,0
1595822391.684835,306.9149099671833,0.00508373914161897,0
1595822391.6948388,308.71559489607733,0.00508373914161897,0
1595822391.7048461,310.51692355513495,0.00508373914161897,0
1595822391.714839,312.31563437819403,0.00508373914161897,0
1595822391.7248454,314.1167913758747,0.00508373914161897,0
1595822391.7348514,315.9178625428669,0.00508373914161897,0
1595822391.7448356,317.7150284135334,0.00508373914161897,0
1595822391.7548501,319.51764453291815,0.00508373914161897,0
1595822391.764844,321.3165270173542,0.00508373914161897,0
1595822391.7748427,323.11631072401923,0.00508373914161897,0
1595822391.7848399,324.9157940232746,0.00508373914161897,0
1595822391.7948446,326.7166506135456,0.00508373914161897,0
1595822391.8048375,328.5153614366047,0.00508373914161897,0
1595822391.8148518,330.3179346406452,0.00508373914161897,0
1595822391.8248398,332.1157871568195,0.00508373914161897,0
1595822391.8348372,333.91531337141913,0.00508373914161897,0
1595822391.844845,335.7167278611652,0.00508373914161897,0
1595822391.8548462,337.51694072127265,0.00508373914161897,0
1595822391.864843,339.31633818983954,0.00508373914161897,0
1595822391.8748436,341.1164652192585,0.00508373914161897,0
1595822391.884841,342.9159914338581,0.00508373914161897,0
1595822391.8948448,344.71667636275214,0.00508373914161897,0
1595822391.9048488,346.5174042069904,0.00508373914161897,0
1595822391.9148502,348.3176599824421,0.00508373914161897,0
1595822391.9248445,350.1166282975666,0.00508373914161897,0
1595822391.9348352,351.91495288252753,0.00508373914161897,0
1595822391.944845,353.71671069502753,0.00508373914161897,0
1595822391.9548347,355.5148636186115,0.00508373914161897,0
1595822391.9648428,357.31632102370185,0.00508373914161897,0
1595822391.974847,359.11709178328437,0.00508373914161897,0
1595822391.9797683,360,0.00508373914161897,1
1595822391.9797683,0,0,0
1595822391.989775,2.7164456420408767,0.005084698494533191,0
1595822391.999785,4.518246369885115,0.005084698494533191,0
1595822392.009777,6.316828446911482,0.005084698494533191,0
1595822392.0197685,8.115281777905135,0.005084698494533191,0
1595822392.0297718,9.915880876110702,0.005084698494533191,0
1595822392.039777,11.716823297070174,0.005084698494533191,0
1595822392.0497825,13.517808633373885,0.005084698494533191,0
1595822392.0597837,15.318021493481307,0.005084698494533191,0
1595822392.069776,17.116646485851913,0.005084698494533191,0
1595822392.0797758,18.916601853893905,0.005084698494533191,0
1595822392.089772,20.715913491772323,0.005084698494533191,0
1595822392.0997767,22.51677008204332,0.005084698494533191,0
1595822392.1097777,24.316940026806503,0.005084698494533191,0
1595822392.1197858,26.118397431896835,0.005084698494533191,0
1595822392.1297848,27.918224053906112,0.005084698494533191,0
1595822392.1397853,29.71830816798082,0.005084698494533191,0
1595822392.1497812,31.517576890515,0.005084698494533191,0
1595822392.1597803,33.31740351252427,0.005084698494533191,0
1595822392.1697683,35.11525602869859,0.005084698494533191,0
1595822392.1797724,36.91598387293687,0.005084698494533191,0
1595822392.1897728,38.71606798701158,0.005084698494533191,0
1595822392.1997778,40.51696749262681,0.005084698494533191,0
1595822392.2097776,42.316922860668804,0.005084698494533191,0
1595822392.2197683,44.11524744562974,0.005084698494533191,0
1595822392.229786,45.918421464489604,0.005084698494533191,0
1595822392.239777,47.71683188013902,0.005084698494533191,0
1595822392.2497816,49.517645555065776,0.005084698494533191,0
1595822392.2597826,51.31781549982896,0.005084698494533191,0
1595822392.2697825,53.11781378321519,0.005084698494533191,0
1595822392.279768,54.915194230602886,0.005084698494533191,0
1595822392.2897701,56.71557875208726,0.005084698494533191,0
1595822392.2997818,58.51767988734117,0.005084698494533191,0
1595822392.309785,60.318236070202495,0.005084698494533191,0
1595822392.3197827,62.11784811549058,0.005084698494533191,0
1595822392.3297844,63.91814680628648,0.005084698494533191,0
1595822392.3397827,65.71784468226305,0.005084698494533191,0
1595822392.3497782,67.51702757410875,0.005084698494533191,0
1595822392.3597791,69.31719751887194,0.005084698494533191,0
1595822392.369782,71.11771078638903,0.005084698494533191,0
1595822392.379784,72.9180953078734,0.005084698494533191,0
1595822392.3897858,74.7183939986693,0.005084698494533191,0
1595822392.3997796,76.51727648310533,0.005084698494533191,0
1595822392.4097784,78.31706018977037,0.005084698494533191,0
1595822392.4197795,80.1172730498778,0.005084698494533191,0
1595822392.429781,81.91752882532946,0.005084698494533191,0
1595822392.4397686,83.7152955108153,0.005084698494533191,0
1595822392.4497724,85.51598043970934,0.005084698494533191,0
1595822392.459782,87.3176953368651,0.005084698494533191,0
1595822392.4697855,89.1183373504149,0.005084698494533191,0
1595822392.479777,90.9168335967528,0.005084698494533191,0
1595822392.489783,92.71790476374498,0.005084698494533191,0
1595822392.4997752,94.51648684077135,0.005084698494533191,0
1595822392.5097854,96.31833048395983,0.005084698494533191,0
1595822392.5197856,98.1183716826903,0.005084698494533191,0
1595822392.5297856,99.91836996607653,0.005084698494533191,0
1595822392.5397768,101.71678038172594,0.005084698494533191,0
1595822392.549772,103.5159203582274,0.005084698494533191,0
1595822392.559781,105.31754942469469,0.005084698494533191,0
1595822392.5697732,107.11613150172106,0.005084698494533191,0
1595822392.5797865,108.91853304438463,0.005084698494533191,0
1595822392.5897808,110.71750135950914,0.005084698494533191,0
1595822392.5997784,112.51707048945299,0.005084698494533191,0
1595822392.6097696,114.3154809051024,0.005084698494533191,0
1595822392.6197677,116.11513586573473,0.005084698494533191,0
1595822392.629786,117.9184386306273,0.005084698494533191,0
1595822392.6397793,119.71723528437487,0.005084698494533191,0
1595822392.6497784,121.51706190638414,0.005084698494533191,0
1595822392.6597722,123.31594439082018,0.005084698494533191,0
1595822392.6697707,125.11568518214098,0.005084698494533191,0
1595822392.6797824,126.91778631739489,0.005084698494533191,0
1595822392.689769,128.71538134150376,0.005084698494533191,0
1595822392.6997862,130.51846952967514,0.005084698494533191,0
1595822392.7097838,132.318038659619,0.005084698494533191,0
1595822392.719781,134.11752195887436,0.005084698494533191,0
1595822392.7297776,135.91691942744126,0.005084698494533191,0
1595822392.7397764,137.7167031341063,0.005084698494533191,0
1595822392.7497783,139.51704474024643,0.005084698494533191,0
1595822392.7597709,141.31571264796128,0.005084698494533191,0
1595822392.7697823,143.11777086787095,0.005084698494533191,0
1595822392.7797732,144.91613836817612,0.005084698494533191,0
1595822392.7897823,146.7177674346434,0.005084698494533191,0
1595822392.7997773,148.51686449580063,0.005084698494533191,0
1595822392.809768,150.31518908076157,0.005084698494533191,0
1595822392.8197746,152.11638899378647,0.005084698494533191,0
1595822392.8297858,153.9184042983519,0.005084698494533191,0
1595822392.8397849,155.71823092036118,0.005084698494533191,0
1595822392.849776,157.5166413360106,0.005084698494533191,0
1595822392.859772,159.31591005854477,0.005084698494533191,0
1595822392.869768,161.11517878107895,0.005084698494533191,0
1595822392.8797696,162.91547747187485,0.005084698494533191,0
1595822392.8897731,164.71611948542466,0.005084698494533191,0
1595822392.89977,166.5155598693358,0.005084698494533191,0
1595822392.9097803,168.31740351252427,0.005084698494533191,0
1595822392.9197812,170.11757345728745,0.005084698494533191,0
1595822392.9297817,171.91765757136216,0.005084698494533191,0
1595822392.939785,173.71825666956772,0.005084698494533191,0
1595822392.94977,175.51555128626694,0.005084698494533191,0
1595822392.9597752,177.3164937072264,0.005084698494533191,0
1595822392.9697814,179.11760778956284,0.005084698494533191,0
1595822392.9797854,180.91833563380112,0.005084698494533191,0
1595822392.9892724,182.62598009638657,0.005084698494533191,0
1595822392.9892724,182.62598009638657,0.005084698494533191,0
1595822392.9897683,182.7152440124022,0.005084698494533191,0
1595822392.9997752,184.51648684077134,0.005084698494533191,0
1595822393.0097752,186.31648512415757,0.005084698494533191,0
1595822393.0197852,188.1182858520018,0.005084698494533191,0
1595822393.0297751,189.91648169093003,0.005084698494533191,0
1595822393.039777,191.71682329707016,0.005084698494533191,0
1595822393.0497828,193.5178515487181,0.005084698494533191,0
1595822393.0597696,195.31548948817124,0.005084698494533191,0
1595822393.069769,197.11535902552475,0.005084698494533191,0
1595822393.0797806,198.91746016077866,0.005084698494533191,0
1595822393.0897703,200.71561308436264,0.005084698494533191,0
1595822393.0997796,202.51728506617417,0.005084698494533191,0
1595822393.109778,204.31698294215073,0.005084698494533191,0
1595822393.119783,206.11788244776596,0.005084698494533191,0
1595822393.1297686,207.9153058104979,0.005084698494533191,0
1595822393.139775,209.71646280817856,0.005084698494533191,0
1595822393.1497788,211.5171477370726,0.005084698494533191,0
1595822393.1597784,213.31706018977036,0.005084698494533191,0
1595822393.1697855,215.11834593348374,0.005084698494533191,0
1595822393.1797676,216.9151255660521,0.005084698494533191,0
1595822393.1897798,218.71731253199448,0.005084698494533191,0
1595822393.1997695,220.51546545557846,0.005084698494533191,0
1595822393.2097821,222.31773825220932,0.005084698494533191,0
1595822393.2197824,224.1177794509398,0.005084698494533191,0
1595822393.2297819,225.91769190363755,0.005084698494533191,0
1595822393.239785,227.71824808649887,0.005084698494533191,0
1595822393.2497678,229.51515646509995,0.005084698494533191,0
1595822393.2597778,231.3169571929442,0.005084698494533191,0
1595822393.2697723,233.11596842341294,0.005084698494533191,0
1595822393.27978,234.9173399978148,0.005084698494533191,0
1595822393.289784,236.71806784205307,0.005084698494533191,0
1595822393.299767,238.5150191359984,0.005084698494533191,0
1595822393.3097696,240.31548948817124,0.005084698494533191,0
1595822393.3197727,242.11604567103257,0.005084698494533191,0
1595822393.3297825,243.91780348353257,0.005084698494533191,0
1595822393.3397844,245.7181450896727,0.005084698494533191,0
1595822393.3497682,247.51522512965073,0.005084698494533191,0
1595822393.359774,249.31629629664292,0.005084698494533191,0
1595822393.3697746,251.11638041071762,0.005084698494533191,0
1595822393.3797688,252.91534872584214,0.005084698494533191,0
1595822393.3897753,254.7165057235228,0.005084698494533191,0
1595822393.3997707,256.5156886153685,0.005084698494533191,0
1595822393.4097803,258.31740351252427,0.005084698494533191,0
1595822393.419783,260.11791678004136,0.005084698494533191,0
1595822393.429781,261.91752882532944,0.005084698494533191,0
1595822393.4397774,263.7168833785521,0.005084698494533191,0
1595822393.4497771,265.5168387465941,0.005084698494533191,0
1595822393.4597774,267.31687994532456,0.005084698494533191,0
1595822393.469772,269.11593409113755,0.005084698494533191,0
1595822393.47977,270.91554613642563,0.005084698494533191,0
1595822393.489775,272.71644564204087,0.005084698494533191,0
1595822393.4997773,274.5168730788695,0.005084698494533191,0
1595822393.5097668,276.3149830871092,0.005084698494533191,0
1595822393.5197833,278.1179425292479,0.005084698494533191,0
1595822393.529773,279.9160954528319,0.005084698494533191,0
1595822393.5397696,281.7154929213988,0.005084698494533191,0
1595822393.5497694,283.51544828944077,0.005084698494533191,0
1595822393.5597844,285.318150239514,0.005084698494533191,0
1595822393.569768,287.1151873641478,0.005084698494533191,0
1595822393.5797725,288.91600103907456,0.005084698494533191,0
1595822393.5897782,290.7170292907225,0.005084698494533191,0
1595822393.59978,292.51737089686264,0.005084698494533191,0
1595822393.6097834,294.3179699950682,0.005084698494533191,0
1595822393.6197712,296.1157795958983,0.005084698494533191,0
1595822393.6297686,297.9153058104979,0.005084698494533191,0
1595822393.639782,299.7177073531615,0.005084698494533191,0
1595822393.6497784,301.51706190638413,0.005084698494533191,0
1595822393.6597707,303.31568689875473,0.005084698494533191,0
1595822393.6697774,305.11688681177964,0.005084698494533191,0
1595822393.679773,306.9161126189696,0.005084698494533191,0
1595822393.6897824,308.7177846007811,0.005084698494533191,0
1595822393.6997678,310.5151650481688,0.005084698494533191,0
1595822393.7097719,312.3158928924071,0.005084698494533191,0
1595822393.7197702,314.11559076838364,0.005084698494533191,0
1595822393.7297792,315.9172198348509,0.005084698494533191,0
1595822393.739779,317.7171752028929,0.005084698494533191,0
1595822393.7497852,319.51828928522934,0.005084698494533191,0
1595822393.7597723,321.3159701400267,0.005084698494533191,0
1595822393.76977,323.11553926997055,0.005084698494533191,0
1595822393.7797763,324.9166962676512,0.005084698494533191,0
1595822393.7897794,326.71725245051255,0.005084698494533191,0
1595822393.7997673,328.5150620513426,0.005084698494533191,0
1595822393.809785,330.3182360702025,0.005084698494533191,0
1595822393.8197808,332.11750479273667,0.005084698494533191,0
1595822393.8297796,333.9172884994017,0.005084698494533191,0
1595822393.8397815,335.71763010554184,0.005084698494533191,0
1595822393.8497806,337.5174567275511,0.005084698494533191,0
1595822393.8597734,339.3161675506102,0.005084698494533191,0
1595822393.8697827,341.1178395324217,0.005084698494533191,0
1595822393.8797686,342.9153058104979,0.005084698494533191,0
1595822393.8897727,344.7160336547362,0.005084698494533191,0
1595822393.8997786,346.51710482172837,0.005084698494533191,0
1595822393.909778,348.3170172744261,0.005084698494533191,0
1595822393.9197843,350.11813135676255,0.005084698494533191,0
1595822393.929782,351.9177004867064,0.005084698494533191,0
1595822393.9397824,353.7177846007811,0.005084698494533191,0
1595822393.9497676,355.51512213282456,0.005084698494533191,0
1595822393.9597776,357.3169228606688,0.005084698494533191,0
1595822393.9697804,359.1174361281859,0.005084698494533191,0
1595822393.9746897,360,0.005084698494533191,1
1595822393.9746897,0,0,0
1595822393.9846942,2.7162302096284474,0.005085647415009387,0
1595822393.9946992,4.517129715243682,0.005085647415009387,0
1595822394.0046976,6.316827591220244,0.005085647415009387,0
1595822394.0146976,8.116825874606475,0.005085647415009387,0
1595822394.0246966,9.916652496615752,0.005085647415009387,0
1595822394.0346925,11.715921219149932,0.005085647415009387,0
1595822394.0447006,13.517378624240264,0.005085647415009387,0
1595822394.0546935,15.316089447299346,0.005085647415009387,0
1595822394.0646992,17.117117698947297,0.005085647415009387,0
1595822394.074695,18.916386421481477,0.005085647415009387,0
1595822394.084706,20.718358810702668,0.005085647415009387,0
1595822394.094692,22.51582508877884,0.005085647415009387,0
1595822394.1046977,24.31685334042679,0.005085647415009387,0
1595822394.1146994,26.117152031222687,0.005085647415009387,0
1595822394.1247065,27.918437774936066,0.005085647415009387,0
1595822394.1346958,29.716504867831574,0.005085647415009387,0
1595822394.1447055,31.518262680331574,0.005085647415009387,0
1595822394.1547046,33.31808930234085,0.005085647415009387,0
1595822394.1646907,35.11559849576126,0.005085647415009387,0
1595822394.174704,36.918000038424836,0.005085647415009387,0
1595822394.1846972,38.716753776828156,0.005085647415009387,0
1595822394.1946945,40.516279991427766,0.005085647415009387,0
1595822394.204702,42.31760865048538,0.005085647415009387,0
1595822394.2147017,44.117564018527375,0.005085647415009387,0
1595822394.2247033,45.91786270932327,0.005085647415009387,0
1595822394.2347028,47.71777516202103,0.005085647415009387,0
1595822394.2447007,49.51738720730911,0.005085647415009387,0
1595822394.2547019,51.317600067416535,0.005085647415009387,0
1595822394.2646918,53.11579590634476,0.005085647415009387,0
1595822394.2746966,54.916652496615754,0.005085647415009387,0
1595822394.2847078,56.718667801181184,0.005085647415009387,0
1595822394.2946918,58.51579075650345,0.005085647415009387,0
1595822394.3046958,60.31651860074173,0.005085647415009387,0
1595822394.314707,62.11853390530716,0.005085647415009387,0
1595822394.3247058,63.9183176119722,0.005085647415009387,0
1595822394.3347075,65.7186163027681,0.005085647415009387,0
1595822394.3446958,67.51651173428665,0.005085647415009387,0
1595822394.3547022,69.31766873196732,0.005085647415009387,0
1595822394.3646936,71.11612206296097,0.005085647415009387,0
1595822394.3746924,72.91590576962601,0.005085647415009387,0
1595822394.3847044,74.71804982022415,0.005085647415009387,0
1595822394.3946962,76.51658898190628,0.005085647415009387,0
1595822394.4046988,78.31705933407913,0.005085647415009387,0
1595822394.4146929,80.1159847338594,0.005085647415009387,0
1595822394.4246898,81.91542511777054,0.005085647415009387,0
1595822394.4347072,83.71855622128616,0.005085647415009387,0
1595822394.4446945,85.51627999142777,0.005085647415009387,0
1595822394.454697,87.31670742825638,0.005085647415009387,0
1595822394.4646995,89.11717778042923,0.005085647415009387,0
1595822394.4747007,90.91739064053665,0.005085647415009387,0
1595822394.4846935,92.71610146359573,0.005085647415009387,0
1595822394.4946964,94.51661473111282,0.005085647415009387,0
1595822394.5047069,96.31850128964554,0.005085647415009387,0
1595822394.5147018,98.11759835080277,0.005085647415009387,0
1595822394.5246992,99.91712456540237,0.005085647415009387,0
1595822394.5347016,101.71755200223099,0.005085647415009387,0
1595822394.544706,103.51836567715775,0.005085647415009387,0
1595822394.5546908,105.31561737851273,0.005085647415009387,0
1595822394.5647044,107.11806183652054,0.005085647415009387,0
1595822394.5747075,108.91861801938187,0.005085647415009387,0
1595822394.5846946,110.71629887417923,0.005085647415009387,0
1595822394.5946915,112.51573925809036,0.005085647415009387,0
1595822394.6046894,114.31535130337845,0.005085647415009387,0
1595822394.6147044,116.11805325345169,0.005085647415009387,0
1595822394.6247072,117.91856652096878,0.005085647415009387,0
1595822394.6347015,119.7175348360933,0.005085647415009387,0
1595822394.6447043,121.51804810361038,0.005085647415009387,0
1595822394.654699,123.31710224942337,0.005085647415009387,0
1595822394.6646929,125.1159847338594,0.005085647415009387,0
1595822394.6747072,126.91855793789993,0.005085647415009387,0
1595822394.6847017,128.71756916836867,0.005085647415009387,0
1595822394.694699,130.51709538296828,0.005085647415009387,0
1595822394.7047055,132.31825238064894,0.005085647415009387,0
1595822394.7147074,134.11859398678908,0.005085647415009387,0
1595822394.7246966,135.9166610796846,0.005085647415009387,0
1595822394.7346902,137.71550064877638,0.005085647415009387,0
1595822394.7447062,139.51837426022658,0.005085647415009387,0
1595822394.7546926,141.31592636899123,0.005085647415009387,0
1595822394.7647014,143.11751252011427,0.005085647415009387,0
1595822394.774689,144.91527920560011,0.005085647415009387,0
1595822394.7846925,146.71592121914992,0.005085647415009387,0
1595822394.794705,148.51815110043654,0.005085647415009387,0
1595822394.8046906,150.31557446316847,0.005085647415009387,0
1595822394.8147018,152.1175897677339,0.005085647415009387,0
1595822394.8247025,153.91771679715285,0.005085647415009387,0
1595822394.8346956,155.71647053555617,0.005085647415009387,0
1595822394.844691,157.51565342740187,0.005085647415009387,0
1595822394.8547034,159.3178833086885,0.005085647415009387,0
1595822394.8647063,161.11839657620558,0.005085647415009387,0
1595822394.874702,162.91762238339552,0.005085647415009387,0
1595822394.8847015,164.71753483609328,0.005085647415009387,0
1595822394.8946984,166.5169752200044,0.005085647415009387,0
1595822394.9047005,168.3173597414888,0.005085647415009387,0
1595822394.9146903,170.11551266507277,0.005085647415009387,0
1595822394.9247015,171.9175279696382,0.005085647415009387,0
1595822394.934701,173.71744042233595,0.005085647415009387,0
1595822394.9447014,175.51752453641066,0.005085647415009387,0
1595822394.9546936,177.31610661343703,0.005085647415009387,0
1595822394.9647055,179.11825066403517,0.005085647415009387,0
1595822394.974705,180.91816311673293,0.005085647415009387,0
1595822394.983108,182.43071442441115,0.005085647415009387,0
1595822394.983108,182.43071442441115,0.005085647415009387,0
1595822394.984707,182.7185476382173,0.005085647415009387,0
1595822394.994693,184.51601391629347,0.005085647415009387,0
1595822395.0047073,186.318587120334,0.005085647415009387,0
1595822395.0146978,188.1168687899507,0.005085647415009387,0
1595822395.024693,189.91600876645217,0.005085647415009387,0
1595822395.034689,191.71527748898635,0.005085647415009387,0
1595822395.0447056,193.51827984646926,0.005085647415009387,0
1595822395.0546932,195.3160465319551,0.005085647415009387,0
1595822395.0646987,197.1170318682588,0.005085647415009387,0
1595822395.0747058,198.91831761197218,0.005085647415009387,0
1595822395.0846992,200.71711426571974,0.005085647415009387,0
1595822395.0947049,202.5181425173677,0.005085647415009387,0
1595822395.1046946,204.31629544095168,0.005085647415009387,0
1595822395.1146939,206.1161649783052,0.005085647415009387,0
1595822395.1246924,207.915905769626,0.005085647415009387,0
1595822395.1347063,209.71839314297804,0.005085647415009387,0
1595822395.144696,211.51654606656203,0.005085647415009387,0
1595822395.1547027,213.31774597958693,0.005085647415009387,0
1595822395.1646953,215.11641388730177,0.005085647415009387,0
1595822395.1746972,216.9167554934419,0.005085647415009387,0
1595822395.1846957,218.7164962847627,0.005085647415009387,0
1595822395.194693,220.51602249936232,0.005085647415009387,0
1595822395.2046998,222.31722241238722,0.005085647415009387,0
1595822395.2147076,224.11863690213332,0.005085647415009387,0
1595822395.224701,225.91743355588088,0.005085647415009387,0
1595822395.2347004,227.71734600857863,0.005085647415009387,0
1595822395.2446902,229.51549893216261,0.005085647415009387,0
1595822395.2546933,231.31605511502394,0.005085647415009387,0
1595822395.2647073,233.11858540372023,0.005085647415009387,0
1595822395.274696,234.91656666592726,0.005085647415009387,0
1595822395.2846992,236.7171228487886,0.005085647415009387,0
1595822395.2946918,238.51579075650343,0.005085647415009387,0
1595822395.3047037,240.31793480710158,0.005085647415009387,0
1595822395.314692,242.11583023862013,0.005085647415009387,0
1595822395.3246918,243.91578560666213,0.005085647415009387,0
1595822395.334709,245.7188737948335,0.005085647415009387,0
1595822395.344699,247.51706963376174,0.005085647415009387,0
1595822395.354694,249.31616669491896,0.005085647415009387,0
1595822395.3646927,251.115950401584,0.005085647415009387,0
1595822395.3746934,252.91607743100295,0.005085647415009387,0
1595822395.3847063,254.71839314297804,0.005085647415009387,0
1595822395.3947022,256.51766186551225,0.005085647415009387,0
1595822395.4047077,258.31864720181596,0.005085647415009387,0
1595822395.4147012,260.11748677090776,0.005085647415009387,0
1595822395.4247005,261.9173563082613,0.005085647415009387,0
1595822395.4346926,263.71593838528764,0.005085647415009387,0
1595822395.4446921,265.5158508379854,0.005085647415009387,0
1595822395.4547038,267.3179519732393,0.005085647415009387,0
1595822395.464698,269.1169202883638,0.005085647415009387,0
1595822395.474703,270.91781979397905,0.005085647415009387,0
1595822395.484696,272.71653061703813,0.005085647415009387,0
1595822395.4947002,274.51730137662065,0.005085647415009387,0
1595822395.5046937,276.31614094571245,0.005085647415009387,0
1595822395.5146956,278.1164825518526,0.005085647415009387,0
1595822395.5246887,279.9152362902559,0.005085647415009387,0
1595822395.5347033,281.71785240964067,0.005085647415009387,0
1595822395.5447047,283.51810818509233,0.005085647415009387,0
1595822395.5546958,285.31651860074174,0.005085647415009387,0
1595822395.5646951,287.11638813809526,0.005085647415009387,0
1595822395.5746899,288.91544228390825,0.005085647415009387,0
1595822395.5846937,290.7161272128023,0.005085647415009387,0
1595822395.5946953,292.5164259035982,0.005085647415009387,0
1595822395.604696,294.31655293301714,0.005085647415009387,0
1595822395.614697,296.1167228777803,0.005085647415009387,0
1595822395.6247003,297.9173219759859,0.005085647415009387,0
1595822395.6346896,299.7153890688814,0.005085647415009387,0
1595822395.6446922,301.51585942105424,0.005085647415009387,0
1595822395.6547055,303.3182609637178,0.005085647415009387,0
1595822395.6646929,305.1159847338594,0.005085647415009387,0
1595822395.6747067,306.91847210721147,0.005085647415009387,0
1595822395.684697,308.71671086148393,0.005085647415009387,0
1595822395.694696,310.5165374834932,0.005085647415009387,0
1595822395.7047,312.3172653277315,0.005085647415009387,0
1595822395.7146893,314.115332420627,0.005085647415009387,0
1595822395.7246926,315.91593151883256,0.005085647415009387,0
1595822395.7346892,317.71532898739946,0.005085647415009387,0
1595822395.7446911,319.5156705935396,0.005085647415009387,0
1595822395.7546933,321.31605511502397,0.005085647415009387,0
1595822395.764688,323.11510926083696,0.005085647415009387,0
1595822395.7746906,324.9155796130098,0.005085647415009387,0
1595822395.784703,326.71780949429643,0.005085647415009387,0
1595822395.7946923,328.51587658719194,0.005085647415009387,0
1595822395.80469,330.3154457171358,0.005085647415009387,0
1595822395.8146937,332.11613064602983,0.005085647415009387,0
1595822395.824692,333.9158285220064,0.005085647415009387,0
1595822395.834692,335.7158268053926,0.005085647415009387,0
1595822395.8447063,337.51840000943315,0.005085647415009387,0
1595822395.8546965,339.3166387637056,0.005085647415009387,0
1595822395.8647027,341.11775284604204,0.005085647415009387,0
1595822395.8747015,342.9175365527071,0.005085647415009387,0
1595822395.884708,344.71869355038774,0.005085647415009387,0
1595822395.8946939,346.5161598284639,0.005085647415009387,0
1595822395.9046936,348.3161151965059,0.005085647415009387,0
1595822395.9146945,350.1162851412691,0.005085647415009387,0
1595822395.924704,351.91800003842485,0.005085647415009387,0
1595822395.9347026,353.71774082974565,0.005085647415009387,0
1595822395.9447026,355.5177391131319,0.005085647415009387,0
1595822395.9546983,357.3169649203218,0.005085647415009387,0
1595822395.9647043,359.118036087314,0.005085647415009387,0
1595822395.9696043,360,0.005085647415009387,1
1595822395.9696043,0,0,0
1595822395.9796207,2.7173972035864757,0.005080209785821133,0
1595822395.9896083,4.515163889072316,0.005080209785821133,0
1595822395.9996183,6.316964616916554,0.005080209785821133,0
1595822396.0096147,8.11631917013921,0.005080209785821133,0
1595822396.0196228,9.917776575229542,0.005080209785821133,0
1595822396.0296204,11.71734570517339,0.005080209785821133,0
1595822396.0396225,13.517730226657765,0.005080209785821133,0
1595822396.0496225,15.317728510043995,0.005080209785821133,0
1595822396.0596054,17.11463688864507,0.005080209785821133,0
1595822396.0696049,18.914549341342823,0.005080209785821133,0
1595822396.0796113,20.715706339023487,0.005080209785821133,0
1595822396.0896127,22.515962114475148,0.005080209785821133,0
1595822396.0996158,24.316518297336476,0.005080209785821133,0
1595822396.1096127,26.11595868124761,0.005080209785821133,0
1595822396.119621,27.91745900168218,0.005080209785821133,0
1595822396.1296167,29.71668480887212,0.005080209785821133,0
1595822396.1396053,31.514623155734913,0.005080209785821133,0
1595822396.149613,33.315994730136765,0.005080209785821133,0
1595822396.159616,35.11655091299809,0.005080209785821133,0
1595822396.1696115,36.915733804843796,0.005080209785821133,0
1595822396.1796155,38.71646164908208,0.005080209785821133,0
1595822396.1896076,40.515043726108445,0.005080209785821133,0
1595822396.19961,42.31547116293706,0.005080209785821133,0
1595822396.2096124,44.11589859976567,0.005080209785821133,0
1595822396.219622,45.91761349692143,0.005080209785821133,0
1595822396.229604,47.71439312948979,0.005080209785821133,0
1595822396.2396138,49.51615094198979,0.005080209785821133,0
1595822396.2496116,51.31576298727788,0.005080209785821133,0
1595822396.2596118,53.11580418600835,0.005080209785821133,0
1595822396.2696152,54.916403284213914,0.005080209785821133,0
1595822396.27961,56.7154574300269,0.005080209785821133,0
1595822396.2896166,58.516657343051804,0.005080209785821133,0
1595822396.29961,60.31545399679936,0.005080209785821133,0
1595822396.3096051,62.11459397330083,0.005080209785821133,0
1595822396.3196213,63.91751050009526,0.005080209785821133,0
1595822396.329615,65.7163929845313,0.005080209785821133,0
1595822396.3396108,67.51561879172124,0.005080209785821133,0
1595822396.3496106,69.31557415976323,0.005080209785821133,0
1595822396.3596168,71.11668824209966,0.005080209785821133,0
1595822396.3696046,72.91449784292973,0.005080209785821133,0
1595822396.3796055,74.71466778769292,0.005080209785821133,0
1595822396.389618,76.51689766897954,0.005080209785821133,0
1595822396.3996217,78.31758259787358,0.005080209785821133,0
1595822396.409621,80.1174521352271,0.005080209785821133,0
1595822396.4196098,81.91543339743413,0.005080209785821133,0
1595822396.429615,83.7163758183936,0.005080209785821133,0
1595822396.439605,85.51457165732182,0.005080209785821133,0
1595822396.4496047,87.31452702536382,0.005080209785821133,0
1595822396.4596055,89.11465405478276,0.005080209785821133,0
1595822396.4696064,90.91482399954594,0.005080209785821133,0
1595822396.479616,92.7165388967017,0.005080209785821133,0
1595822396.489611,94.51563595785893,0.005080209785821133,0
1595822396.4996073,96.31499051108159,0.005080209785821133,0
1595822396.5096138,98.11614750876225,0.005080209785821133,0
1595822396.5196083,99.915158739231,0.005080209785821133,0
1595822396.529618,101.716916551731,0.005080209785821133,0
1595822396.539611,103.51567029013432,0.005080209785821133,0
1595822396.5496092,105.31532525076665,0.005080209785821133,0
1595822396.559614,107.11618184103764,0.005080209785821133,0
1595822396.569621,108.91746758475102,0.005080209785821133,0
1595822396.5796134,110.71609257712163,0.005080209785821133,0
1595822396.5896053,112.51463173880376,0.005080209785821133,0
1595822396.5996127,114.31596039786137,0.005080209785821133,0
1595822396.6096194,116.11716031088628,0.005080209785821133,0
1595822396.6196191,117.91711567892827,0.005080209785821133,0
1595822396.6296172,119.7167706395606,0.005080209785821133,0
1595822396.6396112,121.51569603934087,0.005080209785821133,0
1595822396.649621,123.31745385184087,0.005080209785821133,0
1595822396.6596036,125.1143193150977,0.005080209785821133,0
1595822396.6696188,126.91706418051518,0.005080209785821133,0
1595822396.6796165,128.71663331045903,0.005080209785821133,0
1595822396.6896143,130.51624535574712,0.005080209785821133,0
1595822396.699615,132.31637238516606,0.005080209785821133,0
1595822396.709619,134.11710022940434,0.005080209785821133,0
1595822396.7196186,135.9170126821021,0.005080209785821133,0
1595822396.729609,137.7152943517188,0.005080209785821133,0
1595822396.739609,139.51529263510503,0.005080209785821133,0
1595822396.7496104,141.3155484105567,0.005080209785821133,0
1595822396.7596054,143.1146454717139,0.005080209785821133,0
1595822396.7696118,144.91580246939458,0.005080209785821133,0
1595822396.7796133,146.71605824484624,0.005080209785821133,0
1595822396.7896163,148.51661442770757,0.005080209785821133,0
1595822396.799619,150.31708477988042,0.005080209785821133,0
1595822396.809618,152.1169114018897,0.005080209785821133,0
1595822396.8196108,153.91562222494878,0.005080209785821133,0
1595822396.8296177,155.71686505331792,0.005080209785821133,0
1595822396.8396144,157.5162625218848,0.005080209785821133,0
1595822396.8496103,159.315531244419,0.005080209785821133,0
1595822396.85962,161.117289056919,0.005080209785821133,0
1595822396.8696156,162.9164719487647,0.005080209785821133,0
1595822396.8796165,164.71664189352788,0.005080209785821133,0
1595822396.889607,166.51492356314458,0.005080209785821133,0
1595822396.8996103,168.31552266135014,0.005080209785821133,0
1595822396.9096036,170.1143193150977,0.005080209785821133,0
1595822396.9196165,171.9166350270728,0.005080209785821133,0
1595822396.9296043,173.71444462790288,0.005080209785821133,0
1595822396.9396117,175.5157732869605,0.005080209785821133,0
1595822396.9496217,177.31757401480473,0.005080209785821133,0
1595822396.9596143,179.11624192251958,0.005080209785821133,0
1595822396.9696138,180.91615437521733,0.005080209785821133,0
1595822396.979472,182.69061802878178,0.005080209785821133,0
1595822396.979472,182.69061802878178,0.005080209785821133,0
1595822396.9796157,182.71649598135747,0.005080209785821133,0
1595822396.9896085,184.51520680441655,0.005080209785821133,0
1595822396.9996214,186.31752251639165,0.005080209785821133,0
