Type = Mirollor Strogatz (-ish),Function = Peskin,Refract =0.05,Epsilon =0.3,Gamma =5,Start_phase =0
Timestamp,Phase,Offset,Ping?
1596165362,0,0,0
1596165359.0420022,360,0.0,1
1596165359.0420022,0,0,0
1596165359.0520022,1.8030881881713867,0,0
1596165359.0620022,3.602786064147949,0,0
1596165359.0720022,5.400552749633789,0,0
1596165359.0820022,7.202396392822266,0,0
1596165359.0920022,9.000077247619629,0,0
1596165359.1020021,10.801534652709961,0,0
1596165359.1120021,12.602648735046387,0,0
1596165359.1220021,14.402217864990234,0,0
1596165359.132002,16.203246116638184,0,0
1596165359.142002,18.002171516418457,0,0
1596165359.152002,19.80135440826416,0,0
1596165359.162002,21.601738929748535,0,0
1596165359.172002,23.401823043823242,0,0
1596165359.182002,25.20242214202881,0,0
1596165359.192002,27.001519203186035,0,0
1596165359.202002,28.80319118499756,0,0
1596165359.212002,30.602030754089355,0,0
1596165359.222002,32.40151405334473,0,0
1596165359.232002,34.20241355895996,0,0
1596165359.242002,36.00224018096924,0,0
1596165359.252002,37.800350189208984,0,0
1596165359.262002,39.601593017578125,0,0
1596165359.272002,41.40240669250488,0,0
1596165359.282002,43.20274829864502,0,0
1596165359.292002,45.0029182434082,0,0
1596165359.302002,46.80025577545166,0,0
1596165359.312002,48.601155281066895,0,0
1596165359.322002,50.400166511535645,0,0
1596165359.332002,52.200422286987305,0,0
1596165359.342002,54.00222301483154,0,0
1596165359.352002,55.80226421356201,0,0
1596165359.362002,57.600417137145996,0,0
1596165359.372002,59.401702880859375,0,0
1596165359.3820019,61.20101451873779,0,0
1596165359.3920019,63.00212860107422,0,0
1596165359.4020019,64.8017406463623,0,0
1596165359.4120018,66.600022315979,0,0
1596165359.4220018,68.40019226074219,0,0
1596165359.4320018,70.20074844360352,0,0
1596165359.4420018,72.00078964233398,0,0
1596165359.4520018,73.80143165588379,0,0
1596165359.4620018,75.6000566482544,0,0
1596165359.4720018,77.40018367767334,0,0
1596165359.4820018,79.20288562774658,0,0
1596165359.4920018,81.00202560424805,0,0
1596165359.5020018,82.80245304107666,0,0
1596165359.5120018,84.60017681121826,0,0
1596165359.5220017,86.40047550201416,0,0
1596165359.5320017,88.20107460021973,0,0
1596165359.5420017,90.00240325927734,0,0
1596165359.5520017,91.80295944213867,0,0
1596165359.5620017,93.60012531280518,0,0
1596165359.5720017,95.40055274963379,0,0
1596165359.5820017,97.20055103302002,0,0
1596165359.5920017,99.0016222000122,0,0
1596165359.6020017,100.80265045166016,0,0
1596165359.6120017,102.60320663452148,0,0
1596165359.6220016,104.40020084381104,0,0
1596165359.6320016,106.20208740234375,0,0
1596165359.6420016,108.0031156539917,0,0
1596165359.6520016,109.80015277862549,0,0
1596165359.6620016,111.60306930541992,0,0
1596165359.6720016,113.4014368057251,0,0
1596165359.6820016,115.20164966583252,0,0
1596165359.6920016,117.00319290161133,0,0
1596165359.7020016,118.80083084106445,0,0
1596165359.7120016,120.60250282287598,0,0
1596165359.7220016,122.40258693695068,0,0
1596165359.7320015,124.200439453125,0,0
1596165359.7420015,126.0007381439209,0,0
1596165359.7520015,127.8013801574707,0,0
1596165359.7620015,129.60120677947998,0,0
1596165359.7720015,131.40090465545654,0,0
1596165359.7820015,133.20244789123535,0,0
1596165359.7920015,135.0011157989502,0,0
1596165359.8020015,136.80124282836914,0,0
1596165359.8120015,138.60321521759033,0,0
1596165359.8220015,140.40119647979736,0,0
1596165359.8320014,142.20312595367432,0,0
1596165359.8420014,144.00166511535645,0,0
1596165359.8520014,145.8001184463501,0,0
1596165359.8620014,147.60093212127686,0,0
1596165359.8720014,149.40041542053223,0,0
1596165359.8820014,151.20294570922852,0,0
1596165359.8920014,153.00204277038574,0,0
1596165359.9020014,154.80272769927979,0,0
1596165359.9120014,156.6004514694214,0,0
1596165359.9220014,158.40126514434814,0,0
1596165359.9320014,160.20079135894775,0,0
1596165359.9420013,162.0009183883667,0,0
1596165359.9520013,163.80160331726074,0,0
1596165359.9620013,165.60301780700684,0,0
1596165359.9720013,167.400484085083,0,0
1596165359.9820013,169.2024564743042,0,0
1596165359.9920013,171.0029697418213,0,0
1596165360.0020013,172.80043601989746,0,0
1596165360.0120013,174.6031379699707,0,0
1596165360.0220013,176.40159130096436,0,0
1596165360.0320013,178.20068836212158,0,0
1596165360.0420012,180.0032615661621,0,0
1596165360.0520012,181.80214405059814,0,0
1596165360.0620012,183.6000394821167,0,0
1596165360.0720012,185.40261268615723,0,0
1596165360.0820012,187.20295429229736,0,0
1596165360.0920012,189.0023946762085,0,0
1596165360.1020012,190.8012342453003,0,0
1596165360.1120012,192.60037422180176,0,0
1596165360.1220012,194.40165996551514,0,0
1596165360.1320012,196.20277404785156,0,0
1596165360.1420012,198.00122737884521,0,0
1596165360.1520011,199.80096817016602,0,0
1596165360.1620011,201.60152435302734,0,0
1596165360.1720011,203.4001922607422,0,0
1596165360.182001,205.2006196975708,0,0
1596165360.192001,207.00061798095703,0,0
1596165360.202001,208.8008737564087,0,0
1596165360.212001,210.60293197631836,0,0
1596165360.222001,212.40005493164062,0,0
1596165360.232001,214.20031070709229,0,0
1596165360.242001,216.00103855133057,0,0
1596165360.252001,217.80112266540527,0,0
1596165360.262001,219.6011209487915,0,0
1596165360.272001,221.40244960784912,0,0
1596165360.282001,223.19983005523682,0,0
1596165360.292001,225.00253200531006,0,0
1596165360.302001,226.8005132675171,0,0
1596165360.312001,228.60102653503418,0,0
1596165360.322001,230.40115356445312,0,0
1596165360.332001,232.19990730285645,0,0
1596165360.342001,234.0016222000122,0,0
1596165360.352001,235.80063343048096,0,0
1596165360.362001,237.5999879837036,0,0
1596165360.372001,239.40101623535156,0,0
1596165360.382001,241.2006711959839,0,0
1596165360.392001,243.0004119873047,0,0
1596165360.402001,244.8022985458374,0,0
1596165360.412001,246.5998077392578,0,0
1596165360.422001,248.40147972106934,0,0
1596165360.4320009,250.20250797271729,0,0
1596165360.4420009,252.0005750656128,0,0
1596165360.4520009,253.80117416381836,0,0
1596165360.4620008,255.6020736694336,0,0
1596165360.4720008,257.40095615386963,0,0
1596165360.4820008,259.2009115219116,0,0
1596165360.4920008,261.0025405883789,0,0
1596165360.5020008,262.7997922897339,0,0
1596165360.5120008,264.6009063720703,0,0
1596165360.5220008,266.4018487930298,0,0
1596165360.5320008,268.20141792297363,0,0
1596165360.5420008,270.00141620635986,0,0
1596165360.5520008,271.80034160614014,0,0
1596165360.5620008,273.6016273498535,0,0
1596165360.5720007,275.4002094268799,0,0
1596165360.5820007,277.2020101547241,0,0
1596165360.5920007,279.0026521682739,0,0
1596165360.6020007,280.80041885375977,0,0
1596165360.6120007,282.6002025604248,0,0
1596165360.6220007,284.40020084381104,0,0
1596165360.6320007,286.2007141113281,0,0
1596165360.6420007,288.00084114074707,0,0
1596165360.6520007,289.80302810668945,0,0
1596165360.6620007,291.60152435302734,0,0
1596165360.6720006,293.401780128479,0,0
1596165360.6820006,295.20293712615967,0,0
1596165360.6920006,297.0030641555786,0,0
1596165360.7020006,298.80160331726074,0,0
1596165360.7120006,300.60112953186035,0,0
1596165360.7220006,302.4031448364258,0,0
1596165360.7320006,304.2008686065674,0,0
1596165360.7420006,306.0013818740845,0,0
1596165360.7520006,307.7999210357666,0,0
1596165360.7620006,309.60240840911865,0,0
1596165360.7720006,311.4004325866699,0,0
1596165360.7820005,313.20167541503906,0,0
1596165360.7920005,314.9997854232788,0,0
1596165360.8020005,316.8010711669922,0,0
1596165360.8120005,318.6005115509033,0,0
1596165360.8220005,320.400767326355,0,0
1596165360.8320005,322.20055103302,0,0
1596165360.8420005,323.9998197555542,0,0
1596165360.8520005,325.8026933670044,0,0
1596165360.8620005,327.6029920578003,0,0
1596165360.8720005,329.39990043640137,0,0
1596165360.8820004,331.2024736404419,0,0
1596165360.8920004,333.0014419555664,0,0
1596165360.9020004,334.8028564453125,0,0
1596165360.9120004,336.6030693054199,0,0
1596165360.9220004,338.4003210067749,0,0
1596165360.9320004,340.20079135894775,0,0
1596165360.9420004,342.0008325576782,0,0
1596165360.9520004,343.80237579345703,0,0
1596165360.9620004,345.6024169921875,0,0
1596165360.9720004,347.4002695083618,0,0
1596165360.9820004,349.20069694519043,0,0
1596165360.9920003,351.0030126571655,0,0
1596165361.0020003,352.8014659881592,0,0
1596165361.0120003,354.6015930175781,0,0
1596165361.0220003,356.40013217926025,0,0
1596165361.0320003,358.2020616531372,0,0
1596165361.0420115,360,0,1
1596165361.0420115,0,0,0
1596165361.0520115,1.800684928894043,0,0
1596165361.0620115,3.601670265197754,0,0
1596165361.0720115,5.401668548583984,0,0
1596165361.0820115,7.199993133544922,0,0
1596165361.0920115,9.00003433227539,0,0
1596165361.1020114,10.802521705627441,0,0
1596165361.1120114,12.601532936096191,0,0
1596165361.1220114,14.402647018432617,0,0
1596165361.1320114,16.20333194732666,0,0
1596165361.1420114,18.001699447631836,0,0
1596165361.1520114,19.800968170166016,0,0
1596165361.1620114,21.60285472869873,0,0
1596165361.1720114,23.401780128479004,0,0
1596165361.1820114,25.201435089111328,0,0
1596165361.1920114,27.000961303710938,0,0
1596165361.2020113,28.802204132080078,0,0
1596165361.2120113,30.601344108581543,0,0
1596165361.2220113,32.400269508361816,0,0
1596165361.2320113,34.200568199157715,0,0
1596165361.2420113,36.00090980529785,0,0
1596165361.2520113,37.80215263366699,0,0
1596165361.2620113,39.60039138793945,0,0
1596165361.2720113,41.40214920043945,0,0
1596165361.2820113,43.20180416107178,0,0
1596165361.2920113,45.00223159790039,0,0
1596165361.3020113,46.80004119873047,0,0
1596165361.3120112,48.60008239746094,0,0
1596165361.3220112,50.402870178222656,0,0
1596165361.3320112,52.20136642456055,0,0
1596165361.3420112,54.002394676208496,0,0
1596165361.3520112,55.80007553100586,0,0
1596165361.3620112,57.60209083557129,0,0
1596165361.3720112,59.401445388793945,0,0
1596165361.3820112,61.20011329650879,0,0
1596165361.3920112,63.00139904022217,0,0
1596165361.4020112,64.8011827468872,0,0
1596165361.4120111,66.60053730010986,0,0
1596165361.4220111,68.40319633483887,0,0
1596165361.4320111,70.20323753356934,0,0
1596165361.442011,72.00284957885742,0,0
1596165361.452011,73.80289077758789,0,0
1596165361.462011,75.60254573822021,0,0
1596165361.472011,77.40177154541016,0,0
1596165361.482011,79.19992446899414,0,0
1596165361.492011,80.99992275238037,0,0
1596165361.502011,82.80026435852051,0,0
1596165361.512011,84.60270881652832,0,0
1596165361.522011,86.39991760253906,0,0
1596165361.532011,88.20163249969482,0,0
1596165361.542011,90.00154495239258,0,0
1596165361.552011,91.80004119873047,0,0
1596165361.562011,93.6005973815918,0,0
1596165361.572011,95.4008960723877,0,0
1596165361.582011,97.20003604888916,0,0
1596165361.592011,99.00192260742188,0,0
1596165361.602011,100.80003261566162,0,0
1596165361.612011,102.60050296783447,0,0
1596165361.622011,104.40277576446533,0,0
1596165361.632011,106.2022590637207,0,0
1596165361.642011,108.00328731536865,0,0
1596165361.652011,109.8025131225586,0,0
1596165361.662011,111.60053730010986,0,0
1596165361.672011,113.40212345123291,0,0
1596165361.682011,115.20285129547119,0,0
1596165361.6920109,117.00160503387451,0,0
1596165361.7020109,118.8030195236206,0,0
1596165361.7120109,120.60022830963135,0,0
1596165361.7220109,122.40001201629639,0,0
1596165361.7320108,124.20001029968262,0,0
1596165361.7420108,126.00224018096924,0,0
1596165361.7520108,127.80292510986328,0,0
1596165361.7620108,129.60249423980713,0,0
1596165361.7720108,131.40043258666992,0,0
1596165361.7820108,133.2003879547119,0,0
1596165361.7920108,135.00248908996582,0,0
1596165361.8020108,136.8021011352539,0,0
1596165361.8120108,138.6009407043457,0,0
1596165361.8220108,140.4014539718628,0,0
1596165361.8320107,142.2002935409546,0,0
1596165361.8420107,144.00166511535645,0,0
1596165361.8520107,145.80127716064453,0,0
1596165361.8620107,147.60003089904785,0,0
1596165361.8720107,149.40114498138428,0,0
1596165361.8820107,151.20174407958984,0,0
1596165361.8920107,153.0025577545166,0,0
1596165361.9020107,154.80041027069092,0,0
1596165361.9120107,156.59993648529053,0,0
1596165361.9220107,158.40293884277344,0,0
1596165361.9320107,160.2019500732422,0,0
1596165361.9420106,162.00010299682617,0,0
1596165361.9520106,163.80293369293213,0,0
1596165361.9620106,165.60267448425293,0,0
1596165361.9720106,167.40164279937744,0,0
1596165361.9820106,169.20275688171387,0,0
1596165361.9920106,171.00305557250977,0,0
1596165362.0020106,172.8026247024536,0,0
1596165362.0120106,174.60004806518555,0,0
1596165362.0220106,176.40043258666992,0,0
1596165362.0320106,178.20180416107178,0,0
1596165362.0420105,180.00102996826172,0,0
1596165362.0520105,181.80132865905762,0,0
1596165362.0620105,183.60085487365723,0,0
1596165362.0720105,185.40278434753418,0,0
1596165362.0820105,187.2002077102661,0,0
1596165362.0920105,188.9998197555542,0,0
1596165362.1020105,190.80273628234863,0,0
1596165362.1120105,192.60239124298096,0,0
1596165362.1220105,194.4025182723999,0,0
1596165362.1320105,196.20182991027832,0,0
1596165362.1420105,198.00294399261475,0,0
1596165362.1520104,199.8011827468872,0,0
1596165362.1620104,201.6005802154541,0,0
1596165362.1720104,203.40096473693848,0,0
1596165362.1820104,205.20190715789795,0,0
1596165362.1920104,206.99997425079346,0,0
1596165362.2020104,208.80228996276855,0,0
1596165362.210765,210.37560939788818,0,0
1596165362.210765,210.37560939788818,0.0,0
1596165362.2120104,210.60254573822021,0.0,0
1596165362.2220104,212.40241527557373,0.0,0
1596165362.2320104,214.20181274414062,0.0,0
1596165362.2420104,216.0028839111328,0.0,0
1596165362.2520103,217.80073642730713,0.0,0
1596165362.2620103,219.60185050964355,0.0,0
1596165362.2720103,221.40257835388184,0.0,0
1596165362.2820103,223.2011604309082,0.0,0
1596165362.2920103,225.00094413757324,0.0,0
1596165362.3020103,226.80261611938477,0.0,0
1596165362.3120103,228.60098361968994,0.0,0
1596165362.3220103,230.4017972946167,0.0,0
1596165362.3320103,232.20312595367432,0.0,0
1596165362.3420103,234.0005922317505,0.0,0
1596165362.3520103,235.80204963684082,0.0,0
1596165362.3620102,237.60140419006348,0.0,0
1596165362.3720102,239.3999433517456,0.0,0
1596165362.3820102,241.20028495788574,0.0,0
1596165362.3920102,243.0023431777954,0.0,0
1596165362.4020102,244.80135440826416,0.0,0
1596165362.4120102,246.6029405593872,0.0,0
1596165362.4220102,248.4025526046753,0.0,0
1596165362.4320102,250.20255088806152,0.0,0
1596165362.4420102,252.00061798095703,0.0,0
1596165362.4520102,253.80310535430908,0.0,0
1596165362.4620101,255.60267448425293,0.0,0
1596165362.4720101,257.4015998840332,0.0,0
1596165362.4820101,259.20249938964844,0.0,0
1596165362.49201,261.00103855133057,0.0,0
1596165362.50201,262.8023672103882,0.0,0
1596165362.51201,264.6025800704956,0.0,0
1596165362.52201,266.40227794647217,0.0,0
1596165362.53201,268.20201873779297,0.0,0
1596165362.54201,270.0001287460327,0.0,0
1596165362.55201,271.8002128601074,0.0,0
1596165362.56201,273.5998249053955,0.0,0
1596165362.57201,275.4023551940918,0.0,0
1596165362.58201,277.200722694397,0.0,0
1596165362.59201,279.0021800994873,0.0,0
1596165362.60201,280.8007621765137,0.0,0
1596165362.61201,282.60247707366943,0.0,0
1596165362.62201,284.39977169036865,0.0,0
1596165362.63201,286.20062828063965,0.0,0
1596165362.64201,288.0017852783203,0.0,0
1596165362.65201,289.7997236251831,0.0,0
1596165362.66201,291.60289764404297,0.0,0
1596165362.67201,293.4016942977905,0.0,0
1596165362.68201,295.20156383514404,0.0,0
1596165362.69201,297.001690864563,0.0,0
1596165362.70201,298.8010883331299,0.0,0
1596165362.71201,300.6006145477295,0.0,0
1596165362.72201,302.4000120162964,0.0,0
1596165362.73201,304.2018985748291,0.0,0
1596165362.7420099,306.00078105926514,0.0,0
1596165362.7520099,307.80077934265137,0.0,0
1596165362.7620099,309.59970474243164,0.0,0
1596165362.7720098,311.4007329940796,0.0,0
1596165362.7820098,313.2004737854004,0.0,0
1596165362.7920098,314.99969959259033,0.0,0
1596165362.8020098,316.8011999130249,0.0,0
1596165362.8120098,318.6004686355591,0.0,0
1596165362.8220098,320.4015827178955,0.0,0
1596165362.8320098,322.20003604888916,0.0,0
1596165362.8420098,324.00179386138916,0.0,0
1596165362.8520098,325.80209255218506,0.0,0
1596165362.8620098,327.6023054122925,0.0,0
1596165362.8720098,329.40075874328613,0.0,0
1596165362.8820097,331.2002420425415,0.0,0
1596165362.8920097,333.0017852783203,0.0,0
1596165362.9020097,334.8030710220337,0.0,0
1596165362.9120097,336.600923538208,0.0,0
1596165362.9220097,338.4004497528076,0.0,0
1596165362.9320097,340.20023345947266,0.0,0
1596165362.9420097,342.00130462646484,0.0,0
1596165362.9520097,343.8000154495239,0.0,0
1596165362.9620097,345.6008291244507,0.0,0
1596165362.9720097,347.40009784698486,0.0,0
1596165362.9820096,349.2016410827637,0.0,0
1596165362.9920096,351.0014247894287,0.0,0
1596165363.0020096,352.8020238876343,0.0,0
1596165363.0120096,354.60039138793945,0.0,0
1596165363.0220096,356.40167713165283,0.0,0
1596165363.0320096,358.20064544677734,0.0,0
1596165363.0420208,360,0.0,1
1596165363.0420208,0,0,0
1596165363.0520208,1.8019723892211914,0,0
1596165363.0620208,3.601541519165039,0,0
1596165363.0720208,5.401754379272461,0,0
1596165363.0820208,7.203083038330078,0,0
1596165363.0920208,9.000205993652344,0,0
1596165363.1020207,10.803165435791016,0,0
1596165363.1120207,12.601318359375,0,0
1596165363.1220207,14.402775764465332,0,0
1596165363.1320207,16.202774047851562,0,0
1596165363.1420207,18.001399040222168,0,0
1596165363.1520207,19.801182746887207,0,0
1596165363.1620207,21.600923538208008,0,0
1596165363.1720207,23.402552604675293,0,0
1596165363.1820207,25.20010471343994,0,0
1596165363.1920207,27.0023775100708,0,0
1596165363.2020206,28.801302909851074,0,0
1596165363.2120206,30.60091495513916,0,0
1596165363.2220206,32.40194320678711,0,0
1596165363.2320206,34.200053215026855,0,0
1596165363.2420206,36.00065231323242,0,0
1596165363.2520206,37.80150890350342,0,0
1596165363.2620206,39.60013389587402,0,0
1596165363.2720206,41.400132179260254,0,0
1596165363.2820206,43.2031774520874,0,0
1596165363.2920206,45.00154495239258,0,0
1596165363.3020205,46.800642013549805,0,0
1596165363.3120205,48.600382804870605,0,0
1596165363.3220205,50.401883125305176,0,0
1596165363.3320205,52.20226764678955,0,0
1596165363.3420205,54.00149345397949,0,0
1596165363.3520205,55.802950859069824,0,0
1596165363.3620205,57.600460052490234,0,0
1596165363.3720205,59.40329074859619,0,0
1596165363.3820205,61.20264530181885,0,0
1596165363.3920205,63.00191402435303,0,0
1596165363.4020205,64.80071067810059,0,0
1596165363.4120204,66.60036563873291,0,0
1596165363.4220204,68.40147972106934,0,0
1596165363.4320204,70.20285129547119,0,0
1596165363.4420204,72.00242042541504,0,0
1596165363.4520204,73.80113124847412,0,0
1596165363.4620204,75.60306072235107,0,0
1596165363.4720204,77.40301609039307,0,0
1596165363.4820204,79.20249938964844,0,0
1596165363.4920204,81.0025405883789,0,0
1596165363.5020204,82.80180931091309,0,0
1596165363.5120203,84.60150718688965,0,0
1596165363.5220203,86.4030933380127,0,0
1596165363.5320203,88.20038795471191,0,0
1596165363.5420203,90.00240325927734,0,0
1596165363.5520203,91.80051326751709,0,0
1596165363.5620203,93.60012531280518,0,0
1596165363.5720203,95.4006814956665,0,0
1596165363.5820203,97.20020771026611,0,0
1596165363.5920203,99.00278091430664,0,0
1596165363.6020203,100.80282211303711,0,0
1596165363.6120203,102.6033353805542,0,0
1596165363.6220202,104.4005012512207,0,0
1596165363.6320202,106.20320320129395,0,0
1596165363.6420202,108.00028324127197,0,0
1596165363.6520202,109.80002403259277,0,0
1596165363.6620202,111.60143852233887,0,0
1596165363.6720202,113.4023380279541,0,0
1596165363.6820202,115.2009630203247,0,0
1596165363.6920202,117.00246334075928,0,0
1596165363.7020202,118.80040168762207,0,0
1596165363.7120202,120.60293197631836,0,0
1596165363.7220201,122.40323066711426,0,0
1596165363.7320201,124.20237064361572,0,0
1596165363.7420201,126.00279808044434,0,0
1596165363.7520201,127.80026435852051,0,0
1596165363.76202,129.60017681121826,0,0
1596165363.77202,131.4012050628662,0,0
1596165363.78202,133.20253372192383,0,0
1596165363.79202,135.00120162963867,0,0
1596165363.80202,136.80055618286133,0,0
1596165363.81202,138.60055446624756,0,0
1596165363.82202,140.40287017822266,0,0
1596165363.83202,142.20102310180664,0,0
1596165363.84202,144.0027379989624,0,0
1596165363.85202,145.80312252044678,0,0
1596165363.86202,147.60226249694824,0,0
1596165363.87202,149.401273727417,0,0
1596165363.88202,151.2013578414917,0,0
1596165363.89202,152.9999828338623,0,0
1596165363.90202,154.80088233947754,0,0
1596165363.91202,156.60010814666748,0,0
1596165363.92202,158.40238094329834,0,0
1596165363.93202,160.20087718963623,0,0
1596165363.94202,162.00044631958008,0,0
1596165363.95202,163.80186080932617,0,0
1596165363.96202,165.60052871704102,0,0
1596165363.97202,167.4023723602295,0,0
1596165363.98202,169.20039653778076,0,0
1596165363.99202,171.0000514984131,0,0
1596165364.00202,172.80107975006104,0,0
1596165364.0120199,174.60326671600342,0,0
1596165364.0220199,176.4026641845703,0,0
1596165364.0320199,178.20326328277588,0,0
1596165364.0420198,180.00193119049072,0,0
1596165364.0520198,181.80021286010742,0,0
1596165364.0620198,183.60304355621338,0,0
1596165364.0720198,185.40184020996094,0,0
1596165364.0820198,187.2023105621338,0,0
1596165364.0920198,189.0025234222412,0,0
1596165364.1020198,190.80196380615234,0,0
1596165364.1120198,192.60286331176758,0,0
1596165364.1220198,194.4025182723999,0,0
1596165364.1320198,196.20187282562256,0,0
1596165364.1420197,198.00079822540283,0,0
1596165364.1520197,199.80045318603516,0,0
1596165364.1620197,201.60130977630615,0,0
1596165364.1720197,203.40092182159424,0,0
1596165364.1820197,205.20190715789795,0,0
1596165364.1920197,207.00143337249756,0,0
1596165364.2020197,208.8015604019165,0,0
1596165364.210868,210.39247512817383,0,0
1596165364.210868,210.39247512817383,0.0,0
1596165364.2120197,210.6020736694336,0.0,0
1596165364.2220197,212.39984035491943,0.0,0
1596165364.2320197,214.2025852203369,0.0,0
1596165364.2420197,216.00305557250977,0.0,0
1596165364.2520196,217.801251411438,0.0,0
1596165364.2620196,219.60026264190674,0.0,0
1596165364.2720196,221.40026092529297,0.0,0
1596165364.2820196,223.1999158859253,0.0,0
1596165364.2920196,225.00321865081787,0.0,0
1596165364.3020196,226.80171489715576,0.0,0
1596165364.3120196,228.6012840270996,0.0,0
1596165364.3220196,230.40244102478027,0.0,0
1596165364.3320196,232.20080852508545,0.0,0
1596165364.3420196,234.00278091430664,0.0,0
1596165364.3520195,235.80144882202148,0.0,0
1596165364.3620195,237.6006317138672,0.0,0
1596165364.3720195,239.40170288085938,0.0,0
1596165364.3820195,241.20075702667236,0.0,0
1596165364.3920195,243.00260066986084,0.0,0
1596165364.4020195,244.79980945587158,0.0,0
1596165364.4120195,246.60053730010986,0.0,0
1596165364.4220195,248.40036392211914,0.0,0
1596165364.4320195,250.2015209197998,0.0,0
1596165364.4420195,252.00044631958008,0.0,0
1596165364.4520195,253.8023328781128,0.0,0
1596165364.4620194,255.59979915618896,0.0,0
1596165364.4720194,257.4007844924927,0.0,0
1596165364.4820194,259.20228481292725,0.0,0
1596165364.4920194,261.0019826889038,0.0,0
1596165364.5020194,262.80245304107666,0.0,0
1596165364.5120194,264.6009063720703,0.0,0
1596165364.5220194,266.4013338088989,0.0,0
1596165364.5320194,268.2022762298584,0.0,0
1596165364.5420194,270.00308990478516,0.0,0
1596165364.5520194,271.80137157440186,0.0,0
1596165364.5620193,273.6015844345093,0.0,0
1596165364.5720193,275.40196895599365,0.0,0
1596165364.5820193,277.201452255249,0.0,0
1596165364.5920193,278.99977684020996,0.0,0
1596165364.6020193,280.7997751235962,0.0,0
1596165364.6120193,282.60080337524414,0.0,0
1596165364.6220193,284.4009304046631,0.0,0
1596165364.6320193,286.2009286880493,0.0,0
1596165364.6420193,288.0017423629761,0.0,0
1596165364.6520193,289.8007535934448,0.0,0
1596165364.6620193,291.6005802154541,0.0,0
1596165364.6720192,293.4031105041504,0.0,0
1596165364.6820192,295.20246505737305,0.0,0
1596165364.6920192,297.00276374816895,0.0,0
1596165364.7020192,298.80250453948975,0.0,0
1596165364.7120192,300.60237407684326,0.0,0
1596165364.7220192,302.4011278152466,0.0,0
1596165364.7320192,304.2008686065674,0.0,0
1596165364.7420192,306.00271224975586,0.0,0
1596165364.7520192,307.80142307281494,0.0,0
1596165364.7620192,309.6024513244629,0.0,0
1596165364.7720191,311.4003038406372,0.0,0
1596165364.7820191,313.19987297058105,0.0,0
1596165364.7920191,315.00253200531006,0.0,0
1596165364.8020191,316.79969787597656,0.0,0
1596165364.812019,318.6021423339844,0.0,0
1596165364.822019,320.40231227874756,0.0,0
1596165364.832019,322.20304012298584,0.0,0
1596165364.842019,324.00089263916016,0.0,0
1596165364.852019,325.79981803894043,0.0,0
1596165364.862019,327.6029920578003,0.0,0
1596165364.872019,329.4017028808594,0.0,0
1596165364.882019,331.2027311325073,0.0,0
1596165364.892019,333.00127029418945,0.0,0
1596165364.902019,334.80234146118164,0.0,0
1596165364.912019,336.6001081466675,0.0,0
1596165364.922019,338.4019947052002,0.0,0
1596165364.932019,340.20023345947266,0.0,0
1596165364.942019,342.0018196105957,0.0,0
1596165364.952019,343.7998867034912,0.0,0
1596165364.962019,345.60215950012207,0.0,0
1596165364.972019,347.3998832702637,0.0,0
1596165364.982019,349.19983863830566,0.0,0
1596165364.992019,351.0020685195923,0.0,0
1596165365.002019,352.802152633667,0.0,0
1596165365.012019,354.601035118103,0.0,0
1596165365.022019,356.4006042480469,0.0,0
1596165365.032019,358.20146083831787,0.0,0
1596165365.042019,359.9999141693115,0.0,0
1596165365.0420423,360,0.0,1
1596165365.0420423,0,0,0
1596165365.0520422,1.8024015426635742,0,0
1596165365.0620422,3.6014556884765625,0,0
1596165365.0720422,5.402483940124512,0,0
1596165365.0820422,7.201409339904785,0,0
1596165365.0920422,9.002437591552734,0,0
1596165365.1020422,10.803422927856445,0,0
1596165365.1120422,12.602777481079102,0,0
1596165365.1220422,14.400758743286133,0,0
1596165365.1320422,16.20084285736084,0,0
1596165365.1420422,18.00058364868164,0,0
1596165365.1520422,19.801697731018066,0,0
1596165365.1620421,21.60233974456787,0,0
1596165365.1720421,23.401994705200195,0,0
1596165365.1820421,25.20164966583252,0,0
1596165365.192042,27.002806663513184,0,0
1596165365.202042,28.80289077758789,0,0
1596165365.212042,30.600013732910156,0,0
1596165365.222042,32.40121364593506,0,0
1596165365.232042,34.20039653778076,0,0
1596165365.242042,36.002798080444336,0,0
1596165365.252042,37.803096771240234,0,0
1596165365.262042,39.60326671600342,0,0
1596165365.272042,41.402578353881836,0,0
1596165365.282042,43.202619552612305,0,0
1596165365.292042,45.00278949737549,0,0
1596165365.302042,46.80201530456543,0,0
1596165365.312042,48.6005973815918,0,0
1596165365.322042,50.40098190307617,0,0
1596165365.332042,52.201409339904785,0,0
1596165365.342042,54.001407623291016,0,0
1596165365.352042,55.80299377441406,0,0
1596165365.362042,57.600674629211426,0,0
1596165365.372042,59.40213203430176,0,0
1596165365.382042,61.20208740234375,0,0
1596165365.392042,63.000755310058594,0,0
1596165365.402042,64.80135440826416,0,0
1596165365.412042,66.60272598266602,0,0
1596165365.422042,68.40173721313477,0,0
1596165365.432042,70.20134925842285,0,0
1596165365.4420419,72.00314998626709,0,0
1596165365.4520419,73.79997253417969,0,0
1596165365.4620419,75.60228824615479,0,0
1596165365.4720418,77.4027156829834,0,0
1596165365.4820418,79.20305728912354,0,0
1596165365.4920418,81.00228309631348,0,0
1596165365.5020418,82.80206680297852,0,0
1596165365.5120418,84.60318088531494,0,0
1596165365.5220418,86.40300750732422,0,0
1596165365.5320418,88.20193290710449,0,0
1596165365.5420418,90.00038623809814,0,0
1596165365.5520418,91.80089950561523,0,0
1596165365.5620418,93.60278606414795,0,0
1596165365.5720417,95.40008068084717,0,0
1596165365.5820417,97.2018814086914,0,0
1596165365.5920417,99.00187969207764,0,0
1596165365.6020417,100.80290794372559,0,0
1596165365.6120417,102.60264873504639,0,0
1596165365.6220417,104.40230369567871,0,0
1596165365.6320417,106.20037078857422,0,0
1596165365.6420417,108.00032615661621,0,0
1596165365.6520417,109.80135440826416,0,0
1596165365.6620417,111.6002368927002,0,0
1596165365.6720417,113.40238094329834,0,0
1596165365.6820416,115.20267963409424,0,0
1596165365.6920416,117.00070381164551,0,0
1596165365.7020416,118.80297660827637,0,0
1596165365.7120416,120.60173034667969,0,0
1596165365.7220416,122.4018144607544,0,0
1596165365.7320416,124.20031070709229,0,0
1596165365.7420416,126.003098487854,0,0
1596165365.7520416,127.80133724212646,0,0
1596165365.7620416,129.60206508636475,0,0
1596165365.7720416,131.40116214752197,0,0
1596165365.7820415,133.20287704467773,0,0
1596165365.7920415,135.00218868255615,0,0
1596165365.8020415,136.8019723892212,0,0
1596165365.8120415,138.6027431488037,0,0
1596165365.8220415,140.40115356445312,0,0
1596165365.8320415,142.20192432403564,0,0
1596165365.8420415,144.00278091430664,0,0
1596165365.8520415,145.80084800720215,0,0
1596165365.8620415,147.60260581970215,0,0
1596165365.8720415,149.40011501312256,0,0
1596165365.8820415,151.202130317688,0,0
1596165365.8920414,153.00066947937012,0,0
1596165365.9020414,154.80144023895264,0,0
1596165365.9120414,156.60173892974854,0,0
1596165365.9220414,158.40002059936523,0,0
1596165365.9320414,160.2011775970459,0,0
1596165365.9420414,162.00212001800537,0,0
1596165365.9520414,163.80147457122803,0,0
1596165365.9620414,165.60194492340088,0,0
1596165365.9720414,167.4015998840332,0,0
1596165365.9820414,169.20001029968262,0,0
1596165365.9920413,171.00146770477295,0,0
1596165366.0020413,172.80241012573242,0,0
1596165366.0120413,174.59983348846436,0,0
1596165366.0220413,176.40069007873535,0,0
1596165366.0320413,178.20322036743164,0,0
1596165366.0420413,180.0016736984253,0,0
1596165366.0520413,181.80150032043457,0,0
1596165366.0620413,183.6020565032959,0,0
1596165366.0720413,185.40166854858398,0,0
1596165366.0820413,187.20046520233154,0,0
1596165366.0920413,189.0030813217163,0,0
1596165366.1020412,190.80016136169434,0,0
1596165366.1120412,192.60226249694824,0,0
1596165366.1220412,194.400372505188,0,0
1596165366.1320412,196.20320320129395,0,0
1596165366.1420412,198.0017852783203,0,0
1596165366.1520412,199.80204105377197,0,0
1596165366.1620412,201.60242557525635,0,0
1596165366.1720412,203.4021234512329,0,0
1596165366.1820412,205.20225048065186,0,0
1596165366.1920412,207.00130462646484,0,0
1596165366.2020411,208.80035877227783,0,0
1596165366.210959,210.4050064086914,0,0
1596165366.210959,210.4050064086914,0.0,0
1596165366.2120411,210.6009578704834,0.0,0
1596165366.2220411,212.3999261856079,0.0,0
1596165366.2320411,214.19996738433838,0.0,0
1596165366.242041,215.9999656677246,0.0,0
1596165366.252041,217.8022813796997,0.0,0
1596165366.262041,219.6024513244629,0.0,0
1596165366.272041,221.4001750946045,0.0,0
1596165366.282041,223.19987297058105,0.0,0
1596165366.292041,224.99987125396729,0.0,0
1596165366.302041,226.80111408233643,0.0,0
1596165366.312041,228.60068321228027,0.0,0
1596165366.322041,230.40149688720703,0.0,0
1596165366.332041,232.20102310180664,0.0,0
1596165366.342041,234.00200843811035,0.0,0
1596165366.352041,235.80256462097168,0.0,0
1596165366.362041,237.6025629043579,0.0,0
1596165366.372041,239.40234661102295,0.0,0
1596165366.382041,241.20307445526123,0.0,0
1596165366.392041,243.00285816192627,0.0,0
1596165366.402041,244.80247020721436,0.0,0
1596165366.412041,246.60264015197754,0.0,0
1596165366.422041,248.40195178985596,0.0,0
1596165366.432041,250.19976139068604,0.0,0
1596165366.442041,252.00220584869385,0.0,0
1596165366.452041,253.80130290985107,0.0,0
1596165366.462041,255.60155868530273,0.0,0
1596165366.472041,257.40254402160645,0.0,0
1596165366.482041,259.2002248764038,0.0,0
1596165366.4920409,261.00168228149414,0.0,0
1596165366.5020409,262.8023672103882,0.0,0
1596165366.5120409,264.6023654937744,0.0,0
1596165366.5220408,266.4010763168335,0.0,0
1596165366.5320408,268.2010316848755,0.0,0
1596165366.5420408,270.0020170211792,0.0,0
1596165366.5520408,271.80270195007324,0.0,0
1596165366.5620408,273.5999536514282,0.0,0
1596165366.5720408,275.4024839401245,0.0,0
1596165366.5820408,277.20205307006836,0.0,0
1596165366.5920408,279.0026521682739,0.0,0
1596165366.6020408,280.8017921447754,0.0,0
1596165366.6120408,282.6027774810791,0.0,0
1596165366.6220407,284.4006299972534,0.0,0
1596165366.6320407,286.20118618011475,0.0,0
1596165366.6420407,288.00307273864746,0.0,0
1596165366.6520407,289.8000240325928,0.0,0
1596165366.6620407,291.6026830673218,0.0,0
1596165366.6720407,293.4005355834961,0.0,0
1596165366.6820407,295.2028512954712,0.0,0
1596165366.6920407,297.0029354095459,0.0,0
1596165366.7020407,298.8026762008667,0.0,0
1596165366.7120407,300.60280323028564,0.0,0
1596165366.7220407,302.4023723602295,0.0,0
1596165366.7320406,304.20194149017334,0.0,0
1596165366.7420406,306.00022315979004,0.0,0
1596165366.7520406,307.8015089035034,0.0,0
1596165366.7620406,309.6022367477417,0.0,0
1596165366.7720406,311.40214920043945,0.0,0
1596165366.7820406,313.2027053833008,0.0,0
1596165366.7920406,315.0013732910156,0.0,0
1596165366.8020406,316.8007707595825,0.0,0
1596165366.8120406,318.60008239746094,0.0,0
1596165366.8220406,320.40252685546875,0.0,0
1596165366.8320405,322.20012187957764,0.0,0
1596165366.8420405,324.00187969207764,0.0,0
1596165366.8520405,325.8023500442505,0.0,0
1596165366.8620405,327.60260581970215,0.0,0
1596165366.8720405,329.39985752105713,0.0,0
1596165366.8820405,331.20251655578613,0.0,0
1596165366.8920405,333.00251483917236,0.0,0
1596165366.9020405,334.8001527786255,0.0,0
1596165366.9120405,336.60165309906006,0.0,0
1596165366.9220405,338.40182304382324,0.0,0
1596165366.9320405,340.20023345947266,0.0,0
1596165366.9420404,341.99984550476074,0.0,0
1596165366.9520404,343.80117416381836,0.0,0
1596165366.9620404,345.6025457382202,0.0,0
1596165366.9720404,347.4020290374756,0.0,0
1596165366.9820404,349.20073986053467,0.0,0
1596165366.9920404,351.00202560424805,0.0,0
1596165367.0020404,352.8018093109131,0.0,0
1596165367.0120404,354.60172176361084,0.0,0
1596165367.0220404,356.3997459411621,0.0,0
1596165367.0320404,358.2018041610718,0.0,0
1596165367.0420403,359.9996566772461,0.0,0
1596165367.0420623,360,0.0,1
1596165367.0420623,0,0,0
1596165367.0520623,1.8032169342041016,0,0
1596165367.0620623,3.6017560958862305,0,0
1596165367.0720623,5.400080680847168,0,0
1596165367.0820622,7.203168869018555,0,0
1596165367.0920622,9.00278091430664,0,0
1596165367.1020622,10.802650451660156,0,0
1596165367.1120622,12.603249549865723,0,0
1596165367.1220622,14.400415420532227,0,0
1596165367.1320622,16.20058536529541,0,0
1596165367.1420622,18.000240325927734,0,0
1596165367.1520622,19.800667762756348,0,0
1596165367.1620622,21.60165309906006,0,0
1596165367.1720622,23.402295112609863,0,0
1596165367.1820621,25.202550888061523,0,0
1596165367.1920621,27.00040340423584,0,0
1596165367.2020621,28.80168914794922,0,0
1596165367.2120621,30.60014247894287,0,0
1596165367.222062,32.40250110626221,0,0
1596165367.232062,34.202842712402344,0,0
1596165367.242062,36.001081466674805,0,0
1596165367.252062,37.8019380569458,0,0
1596165367.262062,39.60039138793945,0,0
1596165367.272062,41.40219211578369,0,0
1596165367.282062,43.20240497589111,0,0
1596165367.292062,45.00008583068848,0,0
1596165367.302062,46.802101135253906,0,0
1596165367.312062,48.60321521759033,0,0
1596165367.322062,50.40244102478027,0,0
1596165367.332062,52.20179557800293,0,0
1596165367.342062,53.999948501586914,0,0
1596165367.352062,55.80024719238281,0,0
1596165367.362062,57.60084629058838,0,0
1596165367.372062,59.401488304138184,0,0
1596165367.382062,61.200199127197266,0,0
1596165367.392062,63.00290107727051,0,0
1596165367.402062,64.80135440826416,0,0
1596165367.412062,66.60027980804443,0,0
1596165367.422062,68.40212345123291,0,0
1596165367.432062,70.20066261291504,0,0
1596165367.442062,72.00224876403809,0,0
1596165367.452062,73.80001544952393,0,0
1596165367.462062,75.60198783874512,0,0
1596165367.4720619,77.4003553390503,0,0
1596165367.4820619,79.20086860656738,0,0
1596165367.4920619,81.00095272064209,0,0
1596165367.5020618,82.803053855896,0,0
1596165367.5120618,84.60296630859375,0,0
1596165367.5220618,86.40026092529297,0,0
1596165367.5320618,88.20150375366211,0,0
1596165367.5420618,90.00137329101562,0,0
1596165367.5520618,91.80124282836914,0,0
1596165367.5620618,93.60111236572266,0,0
1596165367.5720618,95.40299892425537,0,0
1596165367.5820618,97.20179557800293,0,0
1596165367.5920618,99.00166511535645,0,0
1596165367.6020617,100.80114841461182,0,0
1596165367.6120617,102.60179042816162,0,0
1596165367.6220617,104.40127372741699,0,0
1596165367.6320617,106.2022590637207,0,0
1596165367.6420617,108.00247192382812,0,0
1596165367.6520617,109.80242729187012,0,0
1596165367.6620617,111.60066604614258,0,0
1596165367.6720617,113.40096473693848,0,0
1596165367.6820617,115.20212173461914,0,0
1596165367.6920617,117.0014762878418,0,0
1596165367.7020617,118.8030195236206,0,0
1596165367.7120616,120.6009578704834,0,0
1596165367.7220616,122.40288734436035,0,0
1596165367.7320616,124.20142650604248,0,0
1596165367.7420616,126.00069522857666,0,0
1596165367.7520616,127.80039310455322,0,0
1596165367.7620616,129.60120677947998,0,0
1596165367.7720616,131.40189170837402,0,0
1596165367.7820616,133.20274829864502,0,0
1596165367.7920616,135.00098705291748,0,0
1596165367.8020616,136.80025577545166,0,0
1596165367.8120615,138.60098361968994,0,0
1596165367.8220615,140.40184020996094,0,0
1596165367.8320615,142.2018814086914,0,0
1596165367.8420615,144.00029182434082,0,0
1596165367.8520615,145.80153465270996,0,0
1596165367.8620615,147.6025629043579,0,0
1596165367.8720615,149.4018316268921,0,0
1596165367.8820615,151.1998987197876,0,0
1596165367.8920615,153.00066947937012,0,0
1596165367.9020615,154.80156898498535,0,0
1596165367.9120615,156.60221099853516,0,0
1596165367.9220614,158.40195178985596,0,0
1596165367.9320614,160.20134925842285,0,0
1596165367.9420614,162.0002317428589,0,0
1596165367.9520614,163.80130290985107,0,0
1596165367.9620614,165.60087203979492,0,0
1596165367.9720614,167.40232944488525,0,0
1596165367.9820614,169.20181274414062,0,0
1596165367.9920614,171.00181102752686,0,0
1596165368.0020614,172.80146598815918,0,0
1596165368.0120614,174.60034847259521,0,0
1596165368.0220613,176.40094757080078,0,0
1596165368.0320613,178.20043087005615,0,0
1596165368.0420613,180.00193119049072,0,0
1596165368.0520613,181.8015432357788,0,0
1596165368.0620613,183.60102653503418,0,0
1596165368.0720613,185.40098190307617,0,0
1596165368.0820613,187.2008514404297,0,0
1596165368.0920613,189.00235176086426,0,0
1596165368.1020613,190.79981803894043,0,0
1596165368.1120613,192.6016616821289,0,0
1596165368.1220613,194.4025182723999,0,0
1596165368.1320612,196.2015724182129,0,0
1596165368.1420612,198.00127029418945,0,0
1596165368.1520612,199.80234146118164,0,0
1596165368.1620612,201.60195350646973,0,0
1596165368.1720612,203.40208053588867,0,0
1596165368.1820612,205.20053386688232,0,0
1596165368.1920612,207.00040340423584,0,0
1596165368.2020612,208.7998867034912,0,0
1596165368.2098129,210.19510746002197,0,0
1596165368.2098129,210.19510746002197,0.0,0
1596165368.2120612,210.60228824615479,0.0,0
1596165368.2220612,212.39988327026367,0.0,0
1596165368.2320611,214.20108318328857,0.0,0
1596165368.2420611,216.00138187408447,0.0,0
1596165368.2520611,217.80086517333984,0.0,0
1596165368.262061,219.60107803344727,0.0,0
1596165368.272061,221.40081882476807,0.0,0
1596165368.282061,223.20210456848145,0.0,0
1596165368.292061,225.00008583068848,0.0,0
1596165368.302061,226.80257320404053,0.0,0
1596165368.312061,228.6020565032959,0.0,0
1596165368.322061,230.40076732635498,0.0,0
1596165368.332061,232.20273971557617,0.0,0
1596165368.342061,233.99990558624268,0.0,0
1596165368.352061,235.8006763458252,0.0,0
1596165368.362061,237.60303497314453,0.0,0
1596165368.372061,239.4005012512207,0.0,0
1596165368.382061,241.20243072509766,0.0,0
1596165368.392061,243.00045490264893,0.0,0
1596165368.402061,244.80036735534668,0.0,0
1596165368.412061,246.60152435302734,0.0,0
1596165368.422061,248.40105056762695,0.0,0
1596165368.432061,250.20250797271729,0.0,0
1596165368.442061,252.00109004974365,0.0,0
1596165368.452061,253.8014316558838,0.0,0
1596165368.462061,255.59979915618896,0.0,0
1596165368.472061,257.4000120162964,0.0,0
1596165368.482061,259.20018196105957,0.0,0
1596165368.492061,261.0002660751343,0.0,0
1596165368.502061,262.8028392791748,0.0,0
1596165368.5120609,264.6003484725952,0.0,0
1596165368.5220609,266.4024496078491,0.0,0
1596165368.5320609,268.2008171081543,0.0,0
1596165368.5420609,270.0024890899658,0.0,0
1596165368.5520608,271.8004274368286,0.0,0
1596165368.5620608,273.60257148742676,0.0,0
1596165368.5720608,275.4017114639282,0.0,0
1596165368.5820608,277.2028684616089,0.0,0
1596165368.5920608,279.0026092529297,0.0,0
1596165368.6020608,280.80187797546387,0.0,0
1596165368.6120608,282.6020050048828,0.0,0
1596165368.6220608,284.40303325653076,0.0,0
1596165368.6320608,286.2024736404419,0.0,0
1596165368.6420608,288.000283241272,0.0,0
1596165368.6520607,289.8007106781006,0.0,0
1596165368.6620607,291.6025114059448,0.0,0
1596165368.6720607,293.4010076522827,0.0,0
1596165368.6820607,295.20079135894775,0.0,0
1596165368.6920607,297.0014762878418,0.0,0
1596165368.7020607,298.7997579574585,0.0,0
1596165368.7120607,300.5997133255005,0.0,0
1596165368.7220607,302.4025869369507,0.0,0
1596165368.7320607,304.2030143737793,0.0,0
1596165368.7420607,306.00181102752686,0.0,0
1596165368.7520607,307.80253887176514,0.0,0
1596165368.7620606,309.602108001709,0.0,0
1596165368.7720606,311.3999605178833,0.0,0
1596165368.7820606,313.20300579071045,0.0,0
1596165368.7920606,315.00038623809814,0.0,0
1596165368.8020606,316.80270195007324,0.0,0
1596165368.8120606,318.6005973815918,0.0,0
1596165368.8220606,320.39982318878174,0.0,0
1596165368.8320606,322.2008943557739,0.0,0
1596165368.8420606,324.0022659301758,0.0,0
1596165368.8520606,325.8020496368408,0.0,0
1596165368.8620605,327.6000738143921,0.0,0
1596165368.8720605,329.40032958984375,0.0,0
1596165368.8820605,331.20174407958984,0.0,0
1596165368.8920605,333.00058364868164,0.0,0
1596165368.9020605,334.80247020721436,0.0,0
1596165368.9120605,336.6030263900757,0.0,0
1596165368.9220605,338.4016942977905,0.0,0
1596165368.9320605,340.20001888275146,0.0,0
1596165368.9420605,342.00109004974365,0.0,0
1596165368.9520605,343.8001871109009,0.0,0
1596165368.9620605,345.60155868530273,0.0,0
1596165368.9720604,347.4017286300659,0.0,0
1596165368.9820604,349.2017698287964,0.0,0
1596165368.9920604,351.00133895874023,0.0,0
1596165369.0020604,352.8018093109131,0.0,0
1596165369.0120604,354.6020221710205,0.0,0
1596165369.0220604,356.4030075073242,0.0,0
1596165369.0320604,358.2003450393677,0.0,0
1596165369.0420718,360,0.0,1
1596165369.0420718,0,0,0
1596165369.0520718,1.801285743713379,0,0
1596165369.0620718,3.60201358795166,0,0
1596165369.0720718,5.402741432189941,0,0
1596165369.0820718,7.200508117675781,0,0
1596165369.0920718,9.001922607421875,0,0
1596165369.1020718,10.802521705627441,0,0
1596165369.1120718,12.603249549865723,0,0
1596165369.1220717,14.402904510498047,0,0
1596165369.1320717,16.20131492614746,0,0
1596165369.1420717,18.001012802124023,0,0
1596165369.1520717,19.80088233947754,0,0
1596165369.1620717,21.603069305419922,0,0
1596165369.1720717,23.400192260742188,0,0
1596165369.1820717,25.202207565307617,0,0
1596165369.1920717,27.003278732299805,0,0
1596165369.2020717,28.8006591796875,0,0
1596165369.2120717,30.602502822875977,0,0
1596165369.2220716,32.401556968688965,0,0
1596165369.2320716,34.20168399810791,0,0
1596165369.2420716,36.000308990478516,0,0
1596165369.2520716,37.80150890350342,0,0
1596165369.2620716,39.60013389587402,0,0
1596165369.2720716,41.40275001525879,0,0
1596165369.2820716,43.20197582244873,0,0
1596165369.2920716,45.00025749206543,0,0
1596165369.3020716,46.80150032043457,0,0
1596165369.3120716,48.60154151916504,0,0
1596165369.3220716,50.40205478668213,0,0
1596165369.3320715,52.20175266265869,0,0
1596165369.3420715,54.00175094604492,0,0
1596165369.3520715,55.80260753631592,0,0
1596165369.3620715,57.60230541229248,0,0
1596165369.3720715,59.403204917907715,0,0
1596165369.3820715,61.201958656311035,0,0
1596165369.3920715,63.00178527832031,0,0
1596165369.4020715,64.80289936065674,0,0
1596165369.4120715,66.60066604614258,0,0
1596165369.4220715,68.40130805969238,0,0
1596165369.4320714,70.20328044891357,0,0
1596165369.4420714,72.00053215026855,0,0
1596165369.4520714,73.80306243896484,0,0
1596165369.4620714,75.60280323028564,0,0
1596165369.4720714,77.40323066711426,0,0
1596165369.4820714,79.19992446899414,0,0
1596165369.4920714,81.00215435028076,0,0
1596165369.5020714,82.80296802520752,0,0
1596165369.5120714,84.60060596466064,0,0
1596165369.5220714,86.40064716339111,0,0
1596165369.5320714,88.20244789123535,0,0
1596165369.5420713,90.00175952911377,0,0
1596165369.5520713,91.80094242095947,0,0
1596165369.5620713,93.60214233398438,0,0
1596165369.5720713,95.4021406173706,0,0
1596165369.5820713,97.20261096954346,0,0
1596165369.5920713,99.00187969207764,0,0
1596165369.6020713,100.80162048339844,0,0
1596165369.6120713,102.60269165039062,0,0
1596165369.6220713,104.40260410308838,0,0
1596165369.6320713,106.20174407958984,0,0
1596165369.6420712,108.00178527832031,0,0
1596165369.6520712,109.80212688446045,0,0
1596165369.6620712,111.60161018371582,0,0
1596165369.6720712,113.40190887451172,0,0
1596165369.6820712,115.20070552825928,0,0
1596165369.6920712,117.00220584869385,0,0
1596165369.7020712,118.80271911621094,0,0
1596165369.7120712,120.60190200805664,0,0
1596165369.7220712,122.40095615386963,0,0
1596165369.7320712,124.20129776000977,0,0
1596165369.7420712,126.00249767303467,0,0
1596165369.7520711,127.80060768127441,0,0
1596165369.7620711,129.60197925567627,0,0
1596165369.7720711,131.4028787612915,0,0
1596165369.782071,133.20279121398926,0,0
1596165369.792071,135.00231742858887,0,0
1596165369.802071,136.8024444580078,0,0
1596165369.812071,138.6033010482788,0,0
1596165369.822071,140.40252685546875,0,0
1596165369.832071,142.20106601715088,0,0
1596165369.842071,144.0007209777832,0,0
1596165369.852071,145.80020427703857,0,0
1596165369.862071,147.6029920578003,0,0
1596165369.872071,149.4016170501709,0,0
1596165369.882071,151.20165824890137,0,0
1596165369.892071,153.00281524658203,0,0
1596165369.902071,154.80058193206787,0,0
1596165369.912071,156.60311222076416,0,0
1596165369.922071,158.40087890625,0,0
1596165369.932071,160.20182132720947,0,0
1596165369.942071,162.0030641555786,0,0
1596165369.952071,163.80070209503174,0,0
1596165369.962071,165.60181617736816,0,0
1596165369.972071,167.401385307312,0,0
1596165369.982071,169.2015552520752,0,0
1596165369.992071,171.00215435028076,0,0
1596165370.002071,172.80039310455322,0,0
1596165370.012071,174.60275173187256,0,0
1596165370.022071,176.40146255493164,0,0
1596165370.0320709,178.20124626159668,0,0
1596165370.0420709,180.00025749206543,0,0
1596165370.0520709,181.8014144897461,0,0
1596165370.0620708,183.6022710800171,0,0
1596165370.0720708,185.40295600891113,0,0
1596165370.0820708,187.20226764678955,0,0
1596165370.0920708,189.00282382965088,0,0
1596165370.1020708,190.8008909225464,0,0
1596165370.1120708,192.6020908355713,0,0
1596165370.1220708,194.4007158279419,0,0
1596165370.1320708,196.20311737060547,0,0
1596165370.1420708,198.0016565322876,0,0
1596165370.1520708,199.80178356170654,0,0
1596165370.1620708,201.60118103027344,0,0
1596165370.1720707,203.40293884277344,0,0
1596165370.1820707,205.2022933959961,0,0
1596165370.1920707,207.0030641555786,0,0
1596165370.2020707,208.80263328552246,0,0
1596165370.211155,210.43496131896973,0,0
1596165370.211155,210.43496131896973,0.0,0
1596165370.2120707,210.60198783874512,0.0,0
1596165370.2220707,212.40095615386963,0.0,0
1596165370.2320707,214.20297145843506,0.0,0
1596165370.2420707,216.00069522857666,0.0,0
1596165370.2520707,217.8019380569458,0.0,0
1596165370.2620707,219.60039138793945,0.0,0
1596165370.2720706,221.40180587768555,0.0,0
1596165370.2820706,223.2024049758911,0.0,0
1596165370.2920706,225.0014591217041,0.0,0
1596165370.3020706,226.80214405059814,0.0,0
1596165370.3120706,228.60175609588623,0.0,0
1596165370.3220706,230.40132522583008,0.0,0
1596165370.3320706,232.20059394836426,0.0,0
1596165370.3420706,234.00140762329102,0.0,0
1596165370.3520706,235.80307960510254,0.0,0
1596165370.3620706,237.60282039642334,0.0,0
1596165370.3720706,239.40311908721924,0.0,0
1596165370.3820705,241.20110034942627,0.0,0
1596165370.3920705,243.0008840560913,0.0,0
1596165370.4020705,244.80066776275635,0.0,0
1596165370.4120705,246.60062313079834,0.0,0
1596165370.4220705,248.40075016021729,0.0,0
1596165370.4320705,250.20225048065186,0.0,0
1596165370.4420705,251.99984550476074,0.0,0
1596165370.4520705,253.8004446029663,0.0,0
1596165370.4620705,255.6007432937622,0.0,0
1596165370.4720705,257.40267276763916,0.0,0
1596165370.4820704,259.2009115219116,0.0,0
1596165370.4920704,261.00224018096924,0.0,0
1596165370.5020704,262.8022813796997,0.0,0
1596165370.5120704,264.6006917953491,0.0,0
1596165370.5220704,266.4001750946045,0.0,0
1596165370.5320704,268.2008171081543,0.0,0
1596165370.5420704,270.00128746032715,0.0,0
1596165370.5520704,271.80214405059814,0.0,0
1596165370.5620704,273.59978199005127,0.0,0
1596165370.5720704,275.4026985168457,0.0,0
1596165370.5820704,277.2001647949219,0.0,0
1596165370.5920703,279.0026521682739,0.0,0
1596165370.6020703,280.7999897003174,0.0,0
1596165370.6120703,282.6012325286865,0.0,0
1596165370.6220703,284.40067291259766,0.0,0
1596165370.6320703,286.2005853652954,0.0,0
1596165370.6420703,288.00015449523926,0.0,0
1596165370.6520703,289.8007106781006,0.0,0
1596165370.6620703,291.6004514694214,0.0,0
1596165370.6720703,293.40113639831543,0.0,0
1596165370.6820703,295.2001905441284,0.0,0
1596165370.6920702,297.00310707092285,0.0,0
1596165370.7020702,298.80293369293213,0.0,0
1596165370.7120702,300.6013011932373,0.0,0
1596165370.7220702,302.40198612213135,0.0,0
1596165370.7320702,304.2019844055176,0.0,0
1596165370.7420702,306.0007381439209,0.0,0
1596165370.7520702,307.8006935119629,0.0,0
1596165370.7620702,309.6006488800049,0.0,0
1596165370.7720702,311.40111923217773,0.0,0
1596165370.7820702,313.20188999176025,0.0,0
1596165370.7920702,315.0030469894409,0.0,0
1596165370.8020701,316.8019723892212,0.0,0
1596165370.8120701,318.60235691070557,0.0,0
1596165370.8220701,320.40106773376465,0.0,0
1596165370.83207,322.20003604888916,0.0,0
1596165370.84207,323.9999055862427,0.0,0
1596165370.85207,325.80007553100586,0.0,0
1596165370.86207,327.6023483276367,0.0,0
1596165370.87207,329.40165996551514,0.0,0
1596165370.88207,331.20221614837646,0.0,0
1596165370.89207,333.00217151641846,0.0,0
1596165370.90207,334.8027276992798,0.0,0
1596165370.91207,336.6029405593872,0.0,0
1596165370.92207,338.4015655517578,0.0,0
1596165370.93207,340.20302295684814,0.0,0
1596165370.94207,342.0022916793823,0.0,0
1596165370.95207,343.7997579574585,0.0,0
1596165370.96207,345.60267448425293,0.0,0
1596165370.97207,347.4028444290161,0.0,0
1596165370.98207,349.2028856277466,0.0,0
1596165370.99207,351.00292682647705,0.0,0
1596165371.00207,352.8011226654053,0.0,0
1596165371.01207,354.60172176361084,0.0,0
1596165371.02207,356.40249252319336,0.0,0
1596165371.03207,358.2007312774658,0.0,0
1596165371.0420868,360,0.0,1
1596165371.0420868,0,0,0
1596165371.0520868,1.8016290664672852,0,0
1596165371.0620868,3.6010265350341797,0,0
1596165371.0720868,5.402054786682129,0,0
1596165371.0820868,7.200508117675781,0,0
1596165371.0920868,9.000892639160156,0,0
1596165371.1020868,10.800890922546387,0,0
1596165371.1120868,12.601275444030762,0,0
1596165371.1220868,14.400758743286133,0,0
1596165371.1320868,16.20105743408203,0,0
1596165371.1420867,18.00260066986084,0,0
1596165371.1520867,19.801182746887207,0,0
1596165371.1620867,21.602210998535156,0,0
1596165371.1720867,23.40212345123291,0,0
1596165371.1820867,25.201821327209473,0,0
1596165371.1920867,27.00160503387451,0,0
1596165371.2020867,28.80194664001465,0,0
1596165371.2120867,30.6024169921875,0,0
1596165371.2220867,32.40065574645996,0,0
1596165371.2320867,34.20142650604248,0,0
1596165371.2420866,36.003355979919434,0,0
1596165371.2520866,37.80292510986328,0,0
1596165371.2620866,39.60142135620117,0,0
1596165371.2720866,41.40146255493164,0,0
1596165371.2820866,43.201589584350586,0,0
1596165371.2920866,45.00283241271973,0,0
1596165371.3020866,46.80180072784424,0,0
1596165371.3120866,48.600125312805176,0,0
1596165371.3220866,50.40020942687988,0,0
1596165371.3320866,52.20226764678955,0,0
1596165371.3420866,54.001193046569824,0,0
1596165371.3520865,55.80282211303711,0,0
1596165371.3620865,57.60114669799805,0,0
1596165371.3720865,59.40028667449951,0,0
1596165371.3820865,61.201958656311035,0,0
1596165371.3920865,63.00182819366455,0,0
1596165371.4020865,64.80041027069092,0,0
1596165371.4120865,66.60109519958496,0,0
1596165371.4220865,68.40285301208496,0,0
1596165371.4320865,70.20340919494629,0,0
1596165371.4420865,72.00297832489014,0,0
1596165371.4520864,73.80203247070312,0,0
1596165371.4620864,75.60237407684326,0,0
1596165371.4720864,77.40323066711426,0,0
1596165371.4820864,79.20219898223877,0,0
1596165371.4920864,81.00168228149414,0,0
1596165371.5020864,82.80095100402832,0,0
1596165371.5120864,84.60270881652832,0,0
1596165371.5220864,86.40326499938965,0,0
1596165371.5320864,88.20326328277588,0,0
1596165371.5420864,90.0016736984253,0,0
1596165371.5520864,91.80235862731934,0,0
1596165371.5620863,93.60106945037842,0,0
1596165371.5720863,95.40196895599365,0,0
1596165371.5820863,97.20106601715088,0,0
1596165371.5920863,99.00123596191406,0,0
1596165371.6020863,100.80136299133301,0,0
1596165371.6120863,102.60191917419434,0,0
1596165371.6220863,104.40281867980957,0,0
1596165371.6320863,106.20122909545898,0,0
1596165371.6420863,108.00006866455078,0,0
1596165371.6520863,109.80122566223145,0,0
1596165371.6620862,111.6025972366333,0,0
1596165371.6720862,113.40062141418457,0,0
1596165371.6820862,115.20147800445557,0,0
1596165371.6920862,116.99997425079346,0,0
1596165371.7020862,118.80087375640869,0,0
1596165371.7120862,120.60194492340088,0,0
1596165371.7220862,122.40074157714844,0,0
1596165371.7320862,124.20297145843506,0,0
1596165371.7420862,126.00279808044434,0,0
1596165371.7520862,127.8024959564209,0,0
1596165371.7620862,129.60094928741455,0,0
1596165371.7720861,131.40240669250488,0,0
1596165371.7820861,133.20021629333496,0,0
1596165371.7920861,135.00317573547363,0,0
1596165371.802086,136.8030881881714,0,0
1596165371.812086,138.60244274139404,0,0
1596165371.822086,140.40050983428955,0,0
1596165371.832086,142.20192432403564,0,0
1596165371.842086,144.00175094604492,0,0
1596165371.852086,145.79998970031738,0,0
1596165371.862086,147.60067462921143,0,0
1596165371.872086,149.40011501312256,0,0
1596165371.882086,151.20028495788574,0,0
1596165371.892086,153.0022144317627,0,0
1596165371.902086,154.80113983154297,0,0
1596165371.912086,156.60122394561768,0,0
1596165371.922086,158.40190887451172,0,0
1596165371.932086,160.20126342773438,0,0
1596165371.942086,162.00066089630127,0,0
1596165371.952086,163.80023002624512,0,0
1596165371.962086,165.60142993927002,0,0
1596165371.972086,167.4010419845581,0,0
1596165371.982086,169.2021131515503,0,0
1596165371.992086,171.0001802444458,0,0
1596165372.002086,172.80301094055176,0,0
1596165372.012086,174.60253715515137,0,0
1596165372.022086,176.40090465545654,0,0
1596165372.032086,178.20073127746582,0,0
1596165372.042086,180.00150203704834,0,0
1596165372.0520859,181.79986953735352,0,0
1596165372.0620859,183.60312938690186,0,0
1596165372.0720859,185.40003776550293,0,0
1596165372.0820858,187.20205307006836,0,0
1596165372.0920858,189.00067806243896,0,0
1596165372.1020858,190.79981803894043,0,0
1596165372.1120858,192.6009750366211,0,0
1596165372.1220858,194.40058708190918,0,0
1596165372.1320858,196.20165824890137,0,0
1596165372.1420858,198.00105571746826,0,0
1596165372.1520858,199.80298519134521,0,0
1596165372.1620858,201.60122394561768,0,0
1596165372.1720858,203.4003210067749,0,0
1596165372.1820858,205.200834274292,0,0
1596165372.1920857,207.0009183883667,0,0
1596165372.2020857,208.80125999450684,0,0
1596165372.2112682,210.4526424407959,0,0
1596165372.2112682,210.4526424407959,0.0,0
1596165372.2120857,210.60014247894287,0.0,0
1596165372.2220857,212.40018367767334,0.0,0
1596165372.2320857,214.2000961303711,0.0,0
1596165372.2420857,216.001296043396,0.0,0
1596165372.2520857,217.802152633667,0.0,0
1596165372.2620857,219.6022367477417,0.0,0
1596165372.2720857,221.40133380889893,0.0,0
1596165372.2820857,223.20274829864502,0.0,0
1596165372.2920856,225.0007724761963,0.0,0
1596165372.3020856,226.80059909820557,0.0,0
1596165372.3120856,228.60304355621338,0.0,0
1596165372.3220856,230.40261268615723,0.0,0
1596165372.3320856,232.2023105621338,0.0,0
1596165372.3420856,234.00166511535645,0.0,0
1596165372.3520856,235.80050468444824,0.0,0
1596165372.3620856,237.60084629058838,0.0,0
1596165372.3720856,239.40135955810547,0.0,0
1596165372.3820856,241.20075702667236,0.0,0
1596165372.3920856,243.00247192382812,0.0,0
1596165372.4020855,244.80311393737793,0.0,0
1596165372.4120855,246.6019105911255,0.0,0
1596165372.4220855,248.40027809143066,0.0,0
1596165372.4320855,250.2013921737671,0.0,0
1596165372.4420855,252.00078964233398,0.0,0
1596165372.4520855,253.80306243896484,0.0,0
1596165372.4620855,255.60044288635254,0.0,0
1596165372.4720855,257.40267276763916,0.0,0
1596165372.4820855,259.2028856277466,0.0,0
1596165372.4920855,261.0010814666748,0.0,0
1596165372.5020854,262.8006935119629,0.0,0
1596165372.5120854,264.5997476577759,0.0,0
1596165372.5220854,266.40283584594727,0.0,0
1596165372.5320854,268.2006883621216,0.0,0
1596165372.5420854,270.00171661376953,0.0,0
1596165372.5520854,271.80150032043457,0.0,0
1596165372.5620854,273.6028289794922,0.0,0
1596165372.5720854,275.4011106491089,0.0,0
1596165372.5820854,277.20269680023193,0.0,0
1596165372.5920854,279.0010643005371,0.0,0
1596165372.6020854,280.8021354675293,0.0,0
1596165372.6120853,282.6001167297363,0.0,0
1596165372.6220853,284.40020084381104,0.0,0
1596165372.6320853,286.2000274658203,0.0,0
1596165372.6420853,288.00079822540283,0.0,0
1596165372.6520853,289.8003673553467,0.0,0
1596165372.6620853,291.60173892974854,0.0,0
1596165372.6720853,293.4019088745117,0.0,0
1596165372.6820853,295.20066261291504,0.0,0
1596165372.6920853,297.00151920318604,0.0,0
1596165372.7020853,298.80173206329346,0.0,0
1596165372.7120852,300.60014247894287,0.0,0
1596165372.7220852,302.40052700042725,0.0,0
1596165372.7320852,304.19992446899414,0.0,0
1596165372.7420852,306.00249767303467,0.0,0
1596165372.7520852,307.8029680252075,0.0,0
1596165372.7620852,309.6012496948242,0.0,0
1596165372.7720852,311.3997459411621,0.0,0
1596165372.7820852,313.2006883621216,0.0,0
1596165372.7920852,315.0006437301636,0.0,0
1596165372.8020852,316.8029594421387,0.0,0
1596165372.8120852,318.6011552810669,0.0,0
1596165372.8220851,320.4022693634033,0.0,0
1596165372.8320851,322.2002077102661,0.0,0
1596165372.8420851,324.00278091430664,0.0,0
1596165372.852085,325.8001184463501,0.0,0
1596165372.862085,327.601318359375,0.0,0
1596165372.872085,329.39985752105713,0.0,0
1596165372.882085,331.2026023864746,0.0,0
1596165372.892085,333.0007553100586,0.0,0
1596165372.902085,334.80058193206787,0.0,0
1596165372.912085,336.6026830673218,0.0,0
1596165372.922085,338.40285301208496,0.0,0
1596165372.932085,340.20156383514404,0.0,0
1596165372.942085,342.00207710266113,0.0,0
1596165372.952085,343.8028907775879,0.0,0
1596165372.962085,345.60211658477783,0.0,0
1596165372.972085,347.4016857147217,0.0,0
1596165372.982085,349.2014265060425,0.0,0
1596165372.992085,351.00048065185547,0.0,0
1596165373.002085,352.80301094055176,0.0,0
1596165373.012085,354.6002197265625,0.0,0
1596165373.022085,356.4023208618164,0.0,0
1596165373.032085,358.20201873779297,0.0,0
1596165373.042103,360,0.0,1
1596165373.042103,0,0,0
1596165373.052103,1.8025732040405273,0,0
1596165373.062103,3.603215217590332,0,0
1596165373.072103,5.402183532714844,0,0
1596165373.082103,7.201194763183594,0,0
1596165373.092103,9.00230884552002,0,0
1596165373.102103,10.80029010772705,0,0
1596165373.112103,12.600502967834473,0,0
1596165373.122103,14.400672912597656,0,0
1596165373.132103,16.202001571655273,0,0
1596165373.142103,18.001270294189453,0,0
1596165373.152103,19.801912307739258,0,0
1596165373.162103,21.603283882141113,0,0
1596165373.172103,23.402295112609863,0,0
1596165373.182103,25.20014762878418,0,0
1596165373.192103,27.00018882751465,0,0
1596165373.202103,28.801088333129883,0,0
1596165373.212103,30.603017807006836,0,0
1596165373.2221029,32.40018367767334,0,0
1596165373.2321029,34.20271396636963,0,0
1596165373.2421029,36.00116729736328,0,0
1596165373.2521029,37.80275344848633,0,0
1596165373.2621028,39.6002197265625,0,0
1596165373.2721028,41.40244960784912,0,0
1596165373.2821028,43.202834129333496,0,0
1596165373.2921028,45.002360343933105,0,0
1596165373.3021028,46.80248737335205,0,0
1596165373.3121028,48.60072612762451,0,0
1596165373.3221028,50.40295600891113,0,0
1596165373.3321028,52.20145225524902,0,0
1596165373.3421028,54.00308132171631,0,0
1596165373.3521028,55.803208351135254,0,0
1596165373.3621027,57.603163719177246,0,0
1596165373.3721027,59.401960372924805,0,0
1596165373.3821027,61.20028495788574,0,0
1596165373.3921027,63.00302982330322,0,0
1596165373.4021027,64.80023860931396,0,0
1596165373.4121027,66.60152435302734,0,0
1596165373.4221027,68.40109348297119,0,0
1596165373.4321027,70.20057678222656,0,0
1596165373.4421027,72.00113296508789,0,0
1596165373.4521027,73.80143165588379,0,0
1596165373.4621027,75.6020736694336,0,0
1596165373.4721026,77.40237236022949,0,0
1596165373.4821026,79.20198440551758,0,0
1596165373.4921026,81.00189685821533,0,0
1596165373.5021026,82.8015947341919,0,0
1596165373.5121026,84.60137844085693,0,0
1596165373.5221026,86.40154838562012,0,0
1596165373.5321026,88.20017337799072,0,0
1596165373.5421026,90.00120162963867,0,0
1596165373.5521026,91.800856590271,0,0
1596165373.5621026,93.60252857208252,0,0
1596165373.5721025,95.40050983428955,0,0
1596165373.5821025,97.20055103302002,0,0
1596165373.5921025,99.0016222000122,0,0
1596165373.6021025,100.8015775680542,0,0
1596165373.6121025,102.60239124298096,0,0
1596165373.6221025,104.4019603729248,0,0
1596165373.6321025,106.19998455047607,0,0
1596165373.6421025,108.00191402435303,0,0
1596165373.6521025,109.80178356170654,0,0
1596165373.6621025,111.60251140594482,0,0
1596165373.6721025,113.40328216552734,0,0
1596165373.6821024,115.20040512084961,0,0
1596165373.6921024,117.00224876403809,0,0
1596165373.7021024,118.80194664001465,0,0
1596165373.7121024,120.60198783874512,0,0
1596165373.7221024,122.39992618560791,0,0
1596165373.7321024,124.20322895050049,0,0
1596165373.7421024,126.0005235671997,0,0
1596165373.7521024,127.80129432678223,0,0
1596165373.7621024,129.6018934249878,0,0
1596165373.7721024,131.40038967132568,0,0
1596165373.7821023,133.20017337799072,0,0
1596165373.7921023,135.00042915344238,0,0
1596165373.8021023,136.80235862731934,0,0
1596165373.8121023,138.60029697418213,0,0
1596165373.8221023,140.40016651153564,0,0
1596165373.8321023,142.19999313354492,0,0
1596165373.8421023,144.00123596191406,0,0
1596165373.8521023,145.80071926116943,0,0
1596165373.8621023,147.60136127471924,0,0
1596165373.8721023,149.40054416656494,0,0
1596165373.8821023,151.19985580444336,0,0
1596165373.8921022,153.0027723312378,0,0
1596165373.9021022,154.8011827468872,0,0
1596165373.9121022,156.60319805145264,0,0
1596165373.9221022,158.40049266815186,0,0
1596165373.9321022,160.2022933959961,0,0
1596165373.9421022,162.00242042541504,0,0
1596165373.9521022,163.80181789398193,0,0
1596165373.9621022,165.60091495513916,0,0
1596165373.9721022,167.40301609039307,0,0
1596165373.9821022,169.20095443725586,0,0
1596165373.9921021,171.00301265716553,0,0
1596165374.0021021,172.8004789352417,0,0
1596165374.0121021,174.60219383239746,0,0
1596165374.022102,176.4026641845703,0,0
1596165374.032102,178.20090293884277,0,0
1596165374.042102,180.00085830688477,0,0
1596165374.052102,181.8032169342041,0,0
1596165374.062102,183.59995365142822,0,0
1596165374.072102,185.4031276702881,0,0
1596165374.082102,187.20196723937988,0,0
1596165374.092102,189.00286674499512,0,0
1596165374.102102,190.80196380615234,0,0
1596165374.112102,192.60217666625977,0,0
1596165374.122102,194.40020084381104,0,0
1596165374.132102,196.20221614837646,0,0
1596165374.142102,198.00157070159912,0,0
1596165374.152102,199.79985237121582,0,0
1596165374.162102,201.60233974456787,0,0
1596165374.172102,203.40238094329834,0,0
1596165374.182102,205.2029800415039,0,0
1596165374.192102,207.0016050338745,0,0
1596165374.202102,208.80108833312988,0,0
1596165374.2101212,210.24325847625732,0,0
1596165374.2101212,210.24325847625732,0.0,0
1596165374.212102,210.6002712249756,0.0,0
1596165374.222102,212.40220069885254,0.0,0
1596165374.232102,214.20172691345215,0.0,0
1596165374.242102,216.00258350372314,0.0,0
1596165374.252102,217.80296802520752,0.0,0
1596165374.262102,219.60288047790527,0.0,0
1596165374.2721019,221.40262126922607,0.0,0
1596165374.2821019,223.2020616531372,0.0,0
1596165374.2921019,225.0027894973755,0.0,0
1596165374.3021019,226.8028736114502,0.0,0
1596165374.3121018,228.60188484191895,0.0,0
1596165374.3221018,230.40308475494385,0.0,0
1596165374.3321018,232.20128059387207,0.0,0
1596165374.3421018,234.00076389312744,0.0,0
1596165374.3521018,235.80183506011963,0.0,0
1596165374.3621018,237.5999879837036,0.0,0
1596165374.3721018,239.40200328826904,0.0,0
1596165374.3821018,241.2017011642456,0.0,0
1596165374.3921018,243.0017852783203,0.0,0
1596165374.4021018,244.79976654052734,0.0,0
1596165374.4121017,246.60264015197754,0.0,0
1596165374.4221017,248.40096473693848,0.0,0
1596165374.4321017,250.20010471343994,0.0,0
1596165374.4421017,252.0016050338745,0.0,0
1596165374.4521017,253.80254745483398,0.0,0
1596165374.4621017,255.6031036376953,0.0,0
1596165374.4721017,257.4000120162964,0.0,0
1596165374.4821017,259.20039653778076,0.0,0
1596165374.4921017,261.00103855133057,0.0,0
1596165374.5021017,262.8028392791748,0.0,0
1596165374.5121017,264.603009223938,0.0,0
1596165374.5221016,266.4004325866699,0.0,0
1596165374.5321016,268.20176124572754,0.0,0
1596165374.5421016,269.99995708465576,0.0,0
1596165374.5521016,271.802659034729,0.0,0
1596165374.5621016,273.6003828048706,0.0,0
1596165374.5721016,275.40295600891113,0.0,0
1596165374.5821016,277.1999931335449,0.0,0
1596165374.5921016,279.00243759155273,0.0,0
1596165374.6021016,280.7999897003174,0.0,0
1596165374.6121016,282.60170459747314,0.0,0
1596165374.6221015,284.3997287750244,0.0,0
1596165374.6321015,286.20118618011475,0.0,0
1596165374.6421015,288.00208568573,0.0,0
1596165374.6521015,289.80058193206787,0.0,0
1596165374.6621015,291.6024684906006,0.0,0
1596165374.6721015,293.40216636657715,0.0,0
1596165374.6821015,295.20293712615967,0.0,0
1596165374.6921015,296.9999313354492,0.0,0
1596165374.7021015,298.8030195236206,0.0,0
1596165374.7121015,300.6020736694336,0.0,0
1596165374.7221014,302.4025869369507,0.0,0
1596165374.7321014,304.20073986053467,0.0,0
1596165374.7421014,306.00056648254395,0.0,0
1596165374.7521014,307.8018093109131,0.0,0
1596165374.7621014,309.6021509170532,0.0,0
1596165374.7721014,311.40283584594727,0.0,0
1596165374.7821014,313.20244789123535,0.0,0
1596165374.7921014,315.00205993652344,0.0,0
1596165374.8021014,316.8017578125,0.0,0
1596165374.8121014,318.60291481018066,0.0,0
1596165374.8221014,320.40153980255127,0.0,0
1596165374.8321013,322.2004222869873,0.0,0
1596165374.8421013,324.0012788772583,0.0,0
1596165374.8521013,325.8016633987427,0.0,0
1596165374.8621013,327.59968757629395,0.0,0
1596165374.8721013,329.40020084381104,0.0,0
1596165374.8821013,331.20221614837646,0.0,0
1596165374.8921013,333.001914024353,0.0,0
1596165374.9021013,334.8026418685913,0.0,0
1596165374.9121013,336.60130977630615,0.0,0
1596165374.9221013,338.40113639831543,0.0,0
1596165374.9321012,340.2005338668823,0.0,0
1596165374.9421012,342.0017337799072,0.0,0
1596165374.9521012,343.80091667175293,0.0,0
1596165374.9621012,345.6028461456299,0.0,0
1596165374.9721012,347.3999261856079,0.0,0
1596165374.9821012,349.2008686065674,0.0,0
1596165374.9921012,351.00090980529785,0.0,0
1596165375.0021012,352.8018522262573,0.0,0
1596165375.0121012,354.6007776260376,0.0,0
1596165375.0221012,356.4013338088989,0.0,0
1596165375.0321012,358.2021903991699,0.0,0
1596165375.042113,360,0.0,1
1596165375.042113,0,0,0
1596165375.052113,1.8030452728271484,0,0
1596165375.062113,3.602313995361328,0,0
1596165375.072113,5.401926040649414,0,0
1596165375.082113,7.202353477478027,0,0
1596165375.092113,9.003338813781738,0,0
1596165375.102113,10.80256462097168,0,0
1596165375.112113,12.601275444030762,0,0
1596165375.122113,14.400887489318848,0,0
1596165375.132113,16.200542449951172,0,0
1596165375.142113,18.001956939697266,0,0
1596165375.152113,19.80010986328125,0,0
1596165375.162113,21.60083770751953,0,0
1596165375.172113,23.400063514709473,0,0
1596165375.182113,25.203065872192383,0,0
1596165375.192113,27.001519203186035,0,0
1596165375.202113,28.800358772277832,0,0
1596165375.212113,30.60117244720459,0,0
1596165375.222113,32.40288734436035,0,0
1596165375.232113,34.2024564743042,0,0
1596165375.2421129,36.000609397888184,0,0
1596165375.2521129,37.80052185058594,0,0
1596165375.2621129,39.60064888000488,0,0
1596165375.2721128,41.40043258666992,0,0
1596165375.2821128,43.20274829864502,0,0
1596165375.2921128,45.0005578994751,0,0
1596165375.3021128,46.80128574371338,0,0
1596165375.3121128,48.60033988952637,0,0
1596165375.3221128,50.400638580322266,0,0
1596165375.3321128,52.200894355773926,0,0
1596165375.3421128,54.00205135345459,0,0
1596165375.3521128,55.802693367004395,0,0
1596165375.3621128,57.600717544555664,0,0
1596165375.3721128,59.401960372924805,0,0
1596165375.3821127,61.2019157409668,0,0
1596165375.3921127,63.000240325927734,0,0
1596165375.4021127,64.80178356170654,0,0
1596165375.4121127,66.60045146942139,0,0
1596165375.4221127,68.40182304382324,0,0
1596165375.4321127,70.20186424255371,0,0
1596165375.4421127,72.00194835662842,0,0
1596165375.4521127,73.8017749786377,0,0
1596165375.4621127,75.60009956359863,0,0
1596165375.4721127,77.40228652954102,0,0
1596165375.4821126,79.20271396636963,0,0
1596165375.4921126,81.00241184234619,0,0
1596165375.5021126,82.8013801574707,0,0
1596165375.5121126,84.60090637207031,0,0
1596165375.5221126,86.4028787612915,0,0
1596165375.5321126,88.20249080657959,0,0
1596165375.5421126,90.00197410583496,0,0
1596165375.5521126,91.80162906646729,0,0
1596165375.5621126,93.60197067260742,0,0
1596165375.5721126,95.40321350097656,0,0
1596165375.5821126,97.20213890075684,0,0
1596165375.5921125,99.00213718414307,0,0
1596165375.6021125,100.80209255218506,0,0
1596165375.6121125,102.60324954986572,0,0
1596165375.6221125,104.40110206604004,0,0
1596165375.6321125,106.20144367218018,0,0
1596165375.6421125,108.0014419555664,0,0
1596165375.6521125,109.80328559875488,0,0
1596165375.6621125,111.60186767578125,0,0
1596165375.6721125,113.40083599090576,0,0
1596165375.6821125,115.20087718963623,0,0
1596165375.6921124,117.00053215026855,0,0
1596165375.7021124,118.80207538604736,0,0
1596165375.7121124,120.60100078582764,0,0
1596165375.7221124,122.40112781524658,0,0
1596165375.7321124,124.20292854309082,0,0
1596165375.7421124,126.00099563598633,0,0
1596165375.7521124,127.80052185058594,0,0
1596165375.7621124,129.60129261016846,0,0
1596165375.7721124,131.4021921157837,0,0
1596165375.7821124,133.2029628753662,0,0
1596165375.7921124,135.00047206878662,0,0
1596165375.8021123,136.8024444580078,0,0
1596165375.8121123,138.60291481018066,0,0
1596165375.8221123,140.40175437927246,0,0
1596165375.8321123,142.20235347747803,0,0
1596165375.8421123,144.00046348571777,0,0
1596165375.8521123,145.80020427703857,0,0
1596165375.8621123,147.5999879837036,0,0
1596165375.8721123,149.39998626708984,0,0
1596165375.8821123,151.19994163513184,0,0
1596165375.8921123,153.00066947937012,0,0
1596165375.9021122,154.80122566223145,0,0
1596165375.9121122,156.60242557525635,0,0
1596165375.9221122,158.40263843536377,0,0
1596165375.9321122,160.2011775970459,0,0
1596165375.9421122,162.0030641555786,0,0
1596165375.9521122,163.80057334899902,0,0
1596165375.9621122,165.60194492340088,0,0
1596165375.9721122,167.4000120162964,0,0
1596165375.9821122,169.20086860656738,0,0
1596165375.9921122,171.00090980529785,0,0
1596165376.0021122,172.80258178710938,0,0
1596165376.0121121,174.60210800170898,0,0
1596165376.0221121,176.40008926391602,0,0
1596165376.0321121,178.20219039916992,0,0
1596165376.042112,180.0013303756714,0,0
1596165376.052112,181.80162906646729,0,0
1596165376.062112,183.60167026519775,0,0
1596165376.072112,185.40076732635498,0,0
1596165376.082112,187.20304012298584,0,0
1596165376.092112,189.00222301483154,0,0
1596165376.102112,190.802264213562,0,0
1596165376.112112,192.60058879852295,0,0
1596165376.122112,194.40256118774414,0,0
1596165376.132112,196.2000274658203,0,0
1596165376.142112,198.00230026245117,0,0
1596165376.152112,199.80075359344482,0,0
1596165376.162112,201.60229682922363,0,0
1596165376.172112,203.40023517608643,0,0
1596165376.182112,205.20122051239014,0,0
1596165376.192112,207.0023775100708,0,0
1596165376.202112,208.80053043365479,0,0
1596165376.2114854,210.48701763153076,0,0
1596165376.2114854,210.48701763153076,0.0,0
1596165376.212112,210.60048580169678,0.0,0
1596165376.222112,212.40108489990234,0.0,0
1596165376.232112,214.2015552520752,0.0,0
1596165376.242112,216.00099563598633,0.0,0
1596165376.252112,217.8013801574707,0.0,0
1596165376.262112,219.60193634033203,0.0,0
1596165376.272112,221.40249252319336,0.0,0
1596165376.282112,223.20017337799072,0.0,0
1596165376.2921119,225.00025749206543,0.0,0
1596165376.3021119,226.79982662200928,0.0,0
1596165376.3121119,228.60046863555908,0.0,0
1596165376.3221118,230.39995193481445,0.0,0
1596165376.3321118,232.20261096954346,0.0,0
1596165376.3421118,234.00243759155273,0.0,0
1596165376.3521118,235.80316543579102,0.0,0
1596165376.3621118,237.60290622711182,0.0,0
1596165376.3721118,239.40067291259766,0.0,0
1596165376.3821118,241.2026023864746,0.0,0
1596165376.3921118,243.00195693969727,0.0,0
1596165376.4021118,244.80289936065674,0.0,0
1596165376.4121118,246.60178184509277,0.0,0
1596165376.4221117,248.40208053588867,0.0,0
1596165376.4321117,250.20237922668457,0.0,0
1596165376.4421117,252.00121879577637,0.0,0
1596165376.4521117,253.80091667175293,0.0,0
1596165376.4621117,255.60306072235107,0.0,0
1596165376.4721117,257.40198612213135,0.0,0
1596165376.4821117,259.20013904571533,0.0,0
1596165376.4921117,261.00189685821533,0.0,0
1596165376.5021117,262.7998352050781,0.0,0
1596165376.5121117,264.6006488800049,0.0,0
1596165376.5221117,266.402792930603,0.0,0
1596165376.5321116,268.19987297058105,0.0,0
1596165376.5421116,270.00051498413086,0.0,0
1596165376.5521116,271.8028736114502,0.0,0
1596165376.5621116,273.6005115509033,0.0,0
1596165376.5721116,275.3999090194702,0.0,0
1596165376.5821116,277.20248222351074,0.0,0
1596165376.5921116,279.0006351470947,0.0,0
1596165376.6021116,280.8029508590698,0.0,0
1596165376.6121116,282.5997734069824,0.0,0
1596165376.6221116,284.403076171875,0.0,0
1596165376.6321115,286.2000274658203,0.0,0
1596165376.6421115,288.0015277862549,0.0,0
1596165376.6521115,289.80088233947754,0.0,0
1596165376.6621115,291.60109519958496,0.0,0
1596165376.6721115,293.4004497528076,0.0,0
1596165376.6821115,295.20087718963623,0.0,0
1596165376.6921115,297.0027208328247,0.0,0
1596165376.7021115,298.8022041320801,0.0,0
1596165376.7121115,300.60112953186035,0.0,0
1596165376.7221115,302.40220069885254,0.0,0
1596165376.7321115,304.20013904571533,0.0,0
1596165376.7421114,306.00224018096924,0.0,0
1596165376.7521114,307.8024959564209,0.0,0
1596165376.7621114,309.6031379699707,0.0,0
1596165376.7721114,311.402063369751,0.0,0
1596165376.7821114,313.1997013092041,0.0,0
1596165376.7921114,314.99995708465576,0.0,0
1596165376.8021114,316.80171489715576,0.0,0
1596165376.8121114,318.599910736084,0.0,0
1596165376.8221114,320.4010248184204,0.0,0
1596165376.8321114,322.2026538848877,0.0,0
1596165376.8421113,324.00020599365234,0.0,0
1596165376.8521113,325.80041885375977,0.0,0
1596165376.8621113,327.60114669799805,0.0,0
1596165376.8721113,329.4028615951538,0.0,0
1596165376.8821113,331.2009286880493,0.0,0
1596165376.8921113,333.0008840560913,0.0,0
1596165376.9021113,334.80113983154297,0.0,0
1596165376.9121113,336.60130977630615,0.0,0
1596165376.9221113,338.4029817581177,0.0,0
1596165376.9321113,340.2005338668823,0.0,0
1596165376.9421113,342.00121879577637,0.0,0
1596165376.9521112,343.80125999450684,0.0,0
1596165376.9621112,345.6019449234009,0.0,0
1596165376.9721112,347.40095615386963,0.0,0
1596165376.9821112,349.2030143737793,0.0,0
1596165376.9921112,351.0028839111328,0.0,0
