Type = Mirollor Strogatz (-ish),Function = Mirollor Strogatz,Refract = 0.05,Epsilon = 0.3,B = 5,Start_phase = 214
Timestamp,Phase,Offset,Ping?
1596165437,214,0,0
1596165432.8527365,360,1.1888888888888889,1
1596165432.8527365,0,0,0
1596165432.8627365,1.801285743713379,0,0
1596165432.8727365,3.602442741394043,0,0
1596165432.8827364,5.400209426879883,0,0
1596165432.8927364,7.201495170593262,0,0
1596165432.9027364,9.00278091430664,0,0
1596165432.9127364,10.802521705627441,0,0
1596165432.9227364,12.60256290435791,0,0
1596165432.9327364,14.401102066040039,0,0
1596165432.9427364,16.201143264770508,0,0
1596165432.9527364,18.00062656402588,0,0
1596165432.9627364,19.802427291870117,0,0
1596165432.9727364,21.601567268371582,0,0
1596165432.9827363,23.40341091156006,0,0
1596165432.9927363,25.20066261291504,0,0
1596165433.0027363,27.00061798095703,0,0
1596165433.0127363,28.801345825195312,0,0
1596165433.0227363,30.601215362548828,0,0
1596165433.0327363,32.40185737609863,0,0
1596165433.0427363,34.20052528381348,0,0
1596165433.0527363,36.00048065185547,0,0
1596165433.0627363,37.80142307281494,0,0
1596165433.0727363,39.60193634033203,0,0
1596165433.0827363,41.401076316833496,0,0
1596165433.0927362,43.20330619812012,0,0
1596165433.1027362,45.0,0,0
1596165433.1127362,46.80098533630371,0,0
1596165433.1227362,48.60145568847656,0,0
1596165433.1327362,50.40175437927246,0,0
1596165433.1427362,52.202181816101074,0,0
1596165433.1527362,54.00235176086426,0,0
1596165433.1627362,55.80149173736572,0,0
1596165433.1727362,57.60054588317871,0,0
1596165433.1827362,59.40101623535156,0,0
1596165433.1927361,61.20067119598389,0,0
1596165433.2027361,63.00191402435303,0,0
1596165433.2127361,64.80264186859131,0,0
1596165433.2227361,66.60208225250244,0,0
1596165433.232736,68.40023517608643,0,0
1596165433.242736,70.20323753356934,0,0
1596165433.252736,72.00280666351318,0,0
1596165433.262736,73.80331993103027,0,0
1596165433.272736,75.60318946838379,0,0
1596165433.282736,77.40237236022949,0,0
1596165433.292736,79.20327186584473,0,0
1596165433.302736,81.00095272064209,0,0
1596165433.312736,82.80245304107666,0,0
1596165433.322736,84.60288047790527,0,0
1596165433.332736,86.40060424804688,0,0
1596165433.342736,88.20240497589111,0,0
1596165433.352736,90.00081539154053,0,0
1596165433.362736,91.80016994476318,0,0
1596165433.372736,93.60132694244385,0,0
1596165433.382736,95.40205478668213,0,0
1596165433.392736,97.19995021820068,0,0
1596165433.402736,99.00115013122559,0,0
1596165433.412736,100.80222129821777,0,0
1596165433.422736,102.60046005249023,0,0
1596165433.432736,104.40058708190918,0,0
1596165433.442736,106.20298862457275,0,0
1596165433.452736,108.00328731536865,0,0
1596165433.462736,109.8022985458374,0,0
1596165433.472736,111.60212516784668,0,0
1596165433.4827359,113.4023380279541,0,0
1596165433.4927359,115.20092010498047,0,0
1596165433.5027359,116.99988842010498,0,0
1596165433.5127358,118.8030195236206,0,0
1596165433.5227358,120.59997081756592,0,0
1596165433.5327358,122.40151405334473,0,0
1596165433.5427358,124.20305728912354,0,0
1596165433.5527358,126.00151062011719,0,0
1596165433.5627358,127.7999210357666,0,0
1596165433.5727358,129.60322380065918,0,0
1596165433.5827358,131.4025354385376,0,0
1596165433.5927358,133.2006025314331,0,0
1596165433.6027358,135.00317573547363,0,0
1596165433.6127357,136.80257320404053,0,0
1596165433.6227357,138.60222816467285,0,0
1596165433.6327357,140.40098190307617,0,0
1596165433.6427357,142.20196723937988,0,0
1596165433.6527357,143.99986267089844,0,0
1596165433.6627357,145.80149173736572,0,0
1596165433.6727357,147.60028839111328,0,0
1596165433.6827357,149.40226078033447,0,0
1596165433.6927357,151.20019912719727,0,0
1596165433.7027357,153.00092697143555,0,0
1596165433.7127357,154.80109691619873,0,0
1596165433.7227356,156.6031551361084,0,0
1596165433.7327356,158.40147972106934,0,0
1596165433.7427356,160.2028512954712,0,0
1596165433.7527356,162.00139045715332,0,0
1596165433.7627356,163.80053043365479,0,0
1596165433.7727356,165.6024169921875,0,0
1596165433.7827356,167.4003553390503,0,0
1596165433.7927356,169.20104026794434,0,0
1596165433.8027356,171.00181102752686,0,0
1596165433.8127356,172.80258178710938,0,0
1596165433.8227355,174.60193634033203,0,0
1596165433.8327355,176.4021921157837,0,0
1596165433.8427355,178.20086002349854,0,0
1596165433.8527355,180.00012874603271,0,0
1596165433.8627355,181.800856590271,0,0
1596165433.8727355,183.6021852493286,0,0
1596165433.8827355,185.40184020996094,0,0
1596165433.8927355,187.20145225524902,0,0
1596165433.9027355,189.00243759155273,0,0
1596165433.9127355,190.80230712890625,0,0
1596165433.9227355,192.60303497314453,0,0
1596165433.9327354,194.40007209777832,0,0
1596165433.9427354,196.2005853652954,0,0
1596165433.9527354,198.00096988677979,0,0
1596165433.9627354,199.80126857757568,0,0
1596165433.9727354,201.5998935699463,0,0
1596165433.9827354,203.40014934539795,0,0
1596165433.9927354,205.20143508911133,0,0
1596165434.0027354,207.00044631958008,0,0
1596165434.0127354,208.8019037246704,0,0
1596165434.0227354,210.60288906097412,0,0
1596165434.0327353,212.40044116973877,0,0
1596165434.0427353,214.20001029968262,0,0
1596165434.0527353,216.00266933441162,0,0
1596165434.0627353,217.80099391937256,0,0
1596165434.0727353,219.60034847259521,0,0
1596165434.0827353,221.40034675598145,0,0
1596165434.0927353,223.20146083831787,0,0
1596165434.1027353,225.0014591217041,0,0
1596165434.1127353,226.8010711669922,0,0
1596165434.1227353,228.60141277313232,0,0
1596165434.1327353,230.40261268615723,0,0
1596165434.1427352,232.2028684616089,0,0
1596165434.1527352,234.0027379989624,0,0
1596165434.1627352,235.80110549926758,0,0
1596165434.1727352,237.6006317138672,0,0
1596165434.1827352,239.4001579284668,0,0
1596165434.1927352,241.2002420425415,0,0
1596165434.2027352,243.00212860107422,0,0
1596165434.2127352,244.79980945587158,0,0
1596165434.2227352,246.60096645355225,0,0
1596165434.2327352,248.40100765228271,0,0
1596165434.2427351,250.20233631134033,0,0
1596165434.2527351,252.00130462646484,0,0
1596165434.2627351,253.8012170791626,0,0
1596165434.272735,255.6000566482544,0,0
1596165434.282735,257.40099906921387,0,0
1596165434.292735,259.20172691345215,0,0
1596165434.302735,260.99979400634766,0,0
1596165434.312735,262.800350189209,0,0
1596165434.322735,264.60026264190674,0,0
1596165434.332735,266.4007329940796,0,0
1596165434.342735,268.2029628753662,0,0
1596165434.352735,269.9998712539673,0,0
1596165434.362735,271.8015432357788,0,0
1596165434.372735,273.60145568847656,0,0
1596165434.382735,275.4012393951416,0,0
1596165434.392735,277.2007656097412,0,0
1596165434.402735,279.0004634857178,0,0
1596165434.412735,280.8008050918579,0,0
1596165434.422735,282.60226249694824,0,0
1596165434.432735,284.40157413482666,0,0
1596165434.442735,286.2023878097534,0,0
1596165434.452735,288.001012802124,0,0
1596165434.462735,289.80281352996826,0,0
1596165434.472735,291.59997940063477,0,0
1596165434.482735,293.40057849884033,0,0
1596165434.492735,295.20147800445557,0,0
1596165434.502735,297.0007038116455,0,0
1596165434.512735,298.8025903701782,0,0
1596165434.5227349,300.6028461456299,0,0
1596165434.5327349,302.3998832702637,0,0
1596165434.5427349,304.20159816741943,0,0
1596165434.5527349,306.0030126571655,0,0
1596165434.5627348,307.80309677124023,0,0
1596165434.5727348,309.6000909805298,0,0
1596165434.5827348,311.4021921157837,0,0
1596165434.5927348,313.2029628753662,0,0
1596165434.6027348,315.0,0,0
1596165434.6127348,316.80025577545166,0,0
1596165434.6227348,318.60055446624756,0,0
1596165434.6327348,320.3997802734375,0,0
1596165434.6427348,322.2026538848877,0,0
1596165434.6527348,324.00123596191406,0,0
1596165434.6627347,325.8025646209717,0,0
1596165434.6727347,327.60204792022705,0,0
1596165434.6827347,329.40290451049805,0,0
1596165434.6927347,331.19972705841064,0,0
1596165434.7027347,333.00260066986084,0,0
1596165434.7127347,334.802942276001,0,0
1596165434.7227347,336.6022539138794,0,0
1596165434.7327347,338.4020805358887,0,0
1596165434.7427347,340.20010471343994,0,0
1596165434.7527347,342.00220584869385,0,0
1596165434.7627347,343.8021183013916,0,0
1596165434.7727346,345.6000566482544,0,0
1596165434.7827346,347.40310192108154,0,0
1596165434.7927346,349.20116901397705,0,0
1596165434.8027346,351.0030126571655,0,0
1596165434.8127346,352.80107975006104,0,0
1596165434.8227346,354.6005630493164,0,0
1596165434.8327346,356.40249252319336,0,0
1596165434.8427346,358.2021474838257,0,0
1596165434.8527472,360,0,1
1596165434.8527472,0,0,0
1596165434.8627472,1.8013286590576172,0,0
1596165434.8727472,3.601412773132324,0,0
1596165434.8827472,5.400981903076172,0,0
1596165434.8927472,7.201108932495117,0,0
1596165434.9027472,9.002609252929688,0,0
1596165434.9127471,10.8030366897583,0,0
1596165434.9227471,12.601146697998047,0,0
1596165434.9327471,14.402861595153809,0,0
1596165434.942747,16.20204448699951,0,0
1596165434.952747,18.001999855041504,0,0
1596165434.962747,19.80289936065674,0,0
1596165434.972747,21.602039337158203,0,0
1596165434.982747,23.400020599365234,0,0
1596165434.992747,25.202207565307617,0,0
1596165435.002747,27.002463340759277,0,0
1596165435.012747,28.800058364868164,0,0
1596165435.022747,30.602288246154785,0,0
1596165435.032747,32.40151405334473,0,0
1596165435.042747,34.20297145843506,0,0
1596165435.052747,36.00125312805176,0,0
1596165435.062747,37.800822257995605,0,0
1596165435.072747,39.60296630859375,0,0
1596165435.082747,41.40214920043945,0,0
1596165435.092747,43.20000171661377,0,0
1596165435.102747,45.000858306884766,0,0
1596165435.112747,46.80205821990967,0,0
1596165435.122747,48.60076904296875,0,0
1596165435.132747,50.401625633239746,0,0
1596165435.142747,52.20304012298584,0,0
1596165435.152747,54.00175094604492,0,0
1596165435.162747,55.79998970031738,0,0
1596165435.172747,57.600717544555664,0,0
1596165435.182747,59.40183162689209,0,0
1596165435.1927469,61.200199127197266,0,0
1596165435.2027469,63.002686500549316,0,0
1596165435.2127469,64.80053901672363,0,0
1596165435.2227468,66.60242557525635,0,0
1596165435.2327468,68.40049266815186,0,0
1596165435.2427468,70.2009630203247,0,0
1596165435.2527468,72.00332164764404,0,0
1596165435.2627468,73.80117416381836,0,0
1596165435.2727468,75.6009578704834,0,0
1596165435.2827468,77.40052700042725,0,0
1596165435.2927468,79.20207023620605,0,0
1596165435.3027468,81.00086688995361,0,0
1596165435.3127468,82.80090808868408,0,0
1596165435.3227468,84.60262298583984,0,0
1596165435.3327467,86.4008617401123,0,0
1596165435.3427467,88.2008171081543,0,0
1596165435.3527467,90.00339031219482,0,0
1596165435.3627467,91.79991245269775,0,0
1596165435.3727467,93.60308647155762,0,0
1596165435.3827467,95.39990901947021,0,0
1596165435.3927467,97.20291137695312,0,0
1596165435.4027467,99.00003433227539,0,0
1596165435.4127467,100.80016136169434,0,0
1596165435.4227467,102.60007381439209,0,0
1596165435.4327466,104.40303325653076,0,0
1596165435.4427466,106.20217323303223,0,0
1596165435.4527466,108.00307273864746,0,0
1596165435.4627466,109.80289936065674,0,0
1596165435.4727466,111.60010814666748,0,0
1596165435.4827466,113.40315341949463,0,0
1596165435.4927466,115.2031946182251,0,0
1596165435.5027466,117.00044631958008,0,0
1596165435.5127466,118.80151748657227,0,0
1596165435.5227466,120.60035705566406,0,0
1596165435.5327466,122.4012565612793,0,0
1596165435.5427465,124.19992446899414,0,0
1596165435.5527465,126.00245475769043,0,0
1596165435.5627465,127.80236721038818,0,0
1596165435.5727465,129.60206508636475,0,0
1596165435.5827465,131.40154838562012,0,0
1596165435.5927465,133.2011604309082,0,0
1596165435.6027465,135.00115871429443,0,0
1596165435.6127465,136.8017578125,0,0
1596165435.6227465,138.60089778900146,0,0
1596165435.6327465,140.40128231048584,0,0
1596165435.6427464,142.20089435577393,0,0
1596165435.6527464,144.00166511535645,0,0
1596165435.6627464,145.8008909225464,0,0
1596165435.6727464,147.602219581604,0,0
1596165435.6827464,149.39990043640137,0,0
1596165435.6927464,151.2004566192627,0,0
1596165435.7027464,153.00195693969727,0,0
1596165435.7127464,154.79998111724854,0,0
1596165435.7227464,156.6019105911255,0,0
1596165435.7327464,158.4001922607422,0,0
1596165435.7427464,160.2009630203247,0,0
1596165435.7527463,162.00074672698975,0,0
1596165435.7627463,163.80173206329346,0,0
1596165435.7727463,165.6007432937622,0,0
1596165435.7827463,167.40056991577148,0,0
1596165435.7927463,169.20116901397705,0,0
1596165435.8027463,171.00314140319824,0,0
1596165435.8127463,172.80245304107666,0,0
1596165435.8227463,174.6022367477417,0,0
1596165435.8327463,176.4027500152588,0,0
1596165435.8427463,178.20231914520264,0,0
1596165435.8527462,180.00012874603271,0,0
1596165435.8627462,181.80188655853271,0,0
1596165435.8727462,183.6022710800171,0,0
1596165435.8827462,185.4001235961914,0,0
1596165435.8927462,187.20025062561035,0,0
1596165435.9027462,189.0003776550293,0,0
1596165435.9127462,190.79994678497314,0,0
1596165435.9227462,192.6000738143921,0,0
1596165435.9327462,194.3998146057129,0,0
1596165435.9427462,196.20200157165527,0,0
1596165435.9527462,198.00015449523926,0,0
1596165435.9627461,199.80199813842773,0,0
1596165435.9727461,201.60208225250244,0,0
1596165435.9827461,203.40173721313477,0,0
1596165435.992746,205.20190715789795,0,0
1596165436.002746,207.00040340423584,0,0
1596165436.012746,208.8015604019165,0,0
1596165436.022746,210.6022024154663,0,0
1596165436.032746,212.40087032318115,0,0
1596165436.042746,214.20069694519043,0,0
1596165436.052746,216.00172519683838,0,0
1596165436.062746,217.80275344848633,0,0
1596165436.072746,219.6029233932495,0,0
1596165436.082746,221.40257835388184,0,0
1596165436.092746,223.20154666900635,0,0
1596165436.102746,225.00004291534424,0,0
1596165436.112746,226.80038452148438,0,0
1596165436.122746,228.60270023345947,0,0
1596165436.132746,230.40128231048584,0,0
1596165436.142746,232.20282554626465,0,0
1596165436.152746,234.00230884552002,0,0
1596165436.162746,235.80200672149658,0,0
1596165436.172746,237.60191917419434,0,0
1596165436.182746,239.40264701843262,0,0
1596165436.192746,241.20152950286865,0,0
1596165436.202746,243.0005407333374,0,0
1596165436.212746,244.80053901672363,0,0
1596165436.222746,246.60199642181396,0,0
1596165436.232746,248.4019947052002,0,0
1596165436.2427459,250.20280838012695,0,0
1596165436.2527459,252.00078964233398,0,0
1596165436.2627459,253.80224704742432,0,0
1596165436.2727458,255.6016445159912,0,0
1596165436.2827458,257.40129947662354,0,0
1596165436.2927458,259.203143119812,0,0
1596165436.3027458,261.00202560424805,0,0
1596165436.3127458,262.8011655807495,0,0
1596165436.3227458,264.60129261016846,0,0
1596165436.3327458,266.40159130096436,0,0
1596165436.3427458,268.1999158859253,0,0
1596165436.3527458,270.00150203704834,0,0
1596165436.3627458,271.8032169342041,0,0
1596165436.3727458,273.60312938690186,0,0
1596165436.3827457,275.4020118713379,0,0
1596165436.3927457,277.2028684616089,0,0
1596165436.4027457,279.0008497238159,0,0
1596165436.4127457,280.8026933670044,0,0
1596165436.4227457,282.60260581970215,0,0
1596165436.4327457,284.40256118774414,0,0
1596165436.4427457,286.2021732330322,0,0
1596165436.4527457,288.002986907959,0,0
1596165436.4627457,289.802770614624,0,0
1596165436.4727457,291.60208225250244,0,0
1596165436.4827456,293.40259552001953,0,0
1596165436.4927456,295.2016067504883,0,0
1596165436.5027456,296.99997425079346,0,0
1596165436.5127456,298.8016891479492,0,0
1596165436.5227456,300.601601600647,0,0
1596165436.5327456,302.40310192108154,0,0
1596165436.5427456,304.20228481292725,0,0
1596165436.5527456,306.0029697418213,0,0
1596165436.5627456,307.801251411438,0,0
1596165436.5727456,309.60249423980713,0,0
1596165436.5827456,311.4013338088989,0,0
1596165436.5927455,313.2023620605469,0,0
1596165436.6027455,315.0021028518677,0,0
1596165436.6127455,316.80150032043457,0,0
1596165436.6227455,318.6021423339844,0,0
1596165436.6327455,320.400595664978,0,0
1596165436.6427455,322.2021818161011,0,0
1596165436.6527455,324.0026092529297,0,0
1596165436.6627455,325.8001184463501,0,0
1596165436.6727455,327.60106086730957,0,0
1596165436.6827455,329.40178871154785,0,0
1596165436.6927454,331.19972705841064,0,0
1596165436.7027454,333.000111579895,0,0
1596165436.7127454,334.80053901672363,0,0
1596165436.7227454,336.60221099853516,0,0
1596165436.7327454,338.4015226364136,0,0
1596165436.7427454,340.2014350891113,0,0
1596165436.7527454,341.99997425079346,0,0
1596165436.7627454,343.8012170791626,0,0
1596165436.7727454,345.60065746307373,0,0
1596165436.7827454,347.4015140533447,0,0
1596165436.7927454,349.20039653778076,0,0
1596165436.8027453,351.0027551651001,0,0
1596165436.8127453,352.8024959564209,0,0
1596165436.8227453,354.60052013397217,0,0
1596165436.8327453,356.40283584594727,0,0
1596165436.8427453,358.20055961608887,0,0
1596165436.8527598,360,0,1
1596165436.8527598,0,0,0
1596165436.8627598,1.8001270294189453,0,0
1596165436.8727598,3.6014556884765625,0,0
1596165436.8827598,5.400338172912598,0,0
1596165436.8927598,7.200722694396973,0,0
1596165436.9027598,9.002695083618164,0,0
1596165436.9127598,10.802178382873535,0,0
1596165436.9227598,12.60183334350586,0,0
1596165436.9327598,14.40058708190918,0,0
1596165436.9427598,16.201786994934082,0,0
1596165436.9527597,18.00135612487793,0,0
1596165436.9627597,19.802770614624023,0,0
1596165436.9727597,21.60238265991211,0,0
1596165436.9827597,23.402681350708008,0,0
1596165436.9927597,25.201435089111328,0,0
1596165437.0027597,27.00212001800537,0,0
1596165437.0127597,28.80087375640869,0,0
1596165437.0227597,30.601816177368164,0,0
1596165437.0327597,32.40091323852539,0,0
1596165437.0427597,34.201083183288574,0,0
1596165437.0527596,36.00000858306885,0,0
1596165437.0627596,37.80176639556885,0,0
1596165437.0727596,39.60142135620117,0,0
1596165437.0827596,41.40279293060303,0,0
1596165437.0927596,43.20154666900635,0,0
1596165437.1027596,45.000343322753906,0,0
1596165437.1127596,46.801114082336426,0,0
1596165437.1227596,48.60300064086914,0,0
1596165437.1327596,50.402140617370605,0,0
1596165437.1427596,52.20286846160889,0,0
1596165437.1527596,54.00076389312744,0,0
1596165437.1627595,55.80239295959473,0,0
1596165437.1727595,57.602949142456055,0,0
1596165437.1827595,59.40264701843262,0,0
1596165437.1927595,61.20084285736084,0,0
1596165437.2027595,62.999939918518066,0,0
1596165437.2127595,64.80062484741211,0,0
1596165437.2227595,66.60281181335449,0,0
1596165437.2327595,68.40105056762695,0,0
1596165437.2427595,70.2015209197998,0,0
1596165437.2527595,72.00074672698975,0,0
1596165437.2627594,73.80044460296631,0,0
1596165437.2727594,75.60280323028564,0,0
1596165437.2827594,77.40207195281982,0,0
1596165437.2927594,79.20331478118896,0,0
1596165437.3027594,81.00056648254395,0,0
1596165437.3127594,82.80052185058594,0,0
1596165437.3227594,84.60219383239746,0,0
1596165437.3327594,86.40154838562012,0,0
1596165437.3427594,88.20279121398926,0,0
1596165437.3527594,90.00047206878662,0,0
1596165437.3627594,91.8014144897461,0,0
1596165437.3727593,93.60021114349365,0,0
1596165437.3827593,95.40149688720703,0,0
1596165437.3927593,97.20231056213379,0,0
1596165437.4027593,99.00166511535645,0,0
1596165437.4127593,100.8015775680542,0,0
1596165437.4227593,102.60260581970215,0,0
1596165437.4327593,104.40114498138428,0,0
1596165437.4427593,106.20277404785156,0,0
1596165437.4527593,108.00011157989502,0,0
1596165437.4627593,109.80002403259277,0,0
1596165437.4727592,111.6020393371582,0,0
1596165437.4827592,113.40027809143066,0,0
1596165437.4927592,115.20074844360352,0,0
1596165437.5027592,117.00332164764404,0,0
1596165437.5127592,118.80113124847412,0,0
1596165437.5227592,120.60293197631836,0,0
1596165437.5327592,122.40275859832764,0,0
1596165437.5427592,124.20297145843506,0,0
1596165437.5527592,126.00133895874023,0,0
1596165437.5627592,127.8015947341919,0,0
1596165437.5727592,129.60017681121826,0,0
1596165437.5827591,131.40103340148926,0,0
1596165437.5927591,133.19987297058105,0,0
1596165437.6027591,135.00085830688477,0,0
1596165437.612759,136.80150032043457,0,0
1596165437.622759,138.60167026519775,0,0
1596165437.632759,140.40149688720703,0,0
1596165437.642759,142.20003604888916,0,0
1596165437.652759,144.0023946762085,0,0
1596165437.662759,145.80252170562744,0,0
1596165437.672759,147.60140419006348,0,0
1596165437.682759,149.402174949646,0,0
1596165437.692759,151.19994163513184,0,0
1596165437.702759,153.00011157989502,0,0
1596165437.712759,154.80315685272217,0,0
1596165437.722759,156.60178184509277,0,0
1596165437.732759,158.40190887451172,0,0
1596165437.742759,160.20134925842285,0,0
1596165437.752759,162.0021629333496,0,0
1596165437.762759,163.8004446029663,0,0
1596165437.772759,165.60233116149902,0,0
1596165437.782759,167.40018367767334,0,0
1596165437.792759,169.20292854309082,0,0
1596165437.802759,171.00232601165771,0,0
1596165437.812759,172.80000686645508,0,0
1596165437.822759,174.60052013397217,0,0
1596165437.832759,176.4019775390625,0,0
1596165437.842759,178.20313453674316,0,0
1596165437.852759,180.00210285186768,0,0
1596165437.8627589,181.8015432357788,0,0
1596165437.8727589,183.60119819641113,0,0
1596165437.8827589,185.4008960723877,0,0
1596165437.8927588,187.19995021820068,0,0
1596165437.9027588,189.00110721588135,0,0
1596165437.9127588,190.80312252044678,0,0
1596165437.9227588,192.60084629058838,0,0
1596165437.9327588,194.403076171875,0,0
1596165437.9427588,196.20019912719727,0,0
1596165437.9527588,198.00066947937012,0,0
1596165437.9627588,199.80036735534668,0,0
1596165437.9727588,201.60208225250244,0,0
1596165437.9827588,203.40040683746338,0,0
1596165437.9927588,205.2031946182251,0,0
1596165438.0027587,207.00177669525146,0,0
1596165438.0127587,208.80057334899902,0,0
1596165438.0227587,210.59997081756592,0,0
1596165438.0327587,212.4023723602295,0,0
1596165438.0427587,214.19992446899414,0,0
1596165438.0527587,216.00206851959229,0,0
1596165438.0627587,217.80288219451904,0,0
1596165438.0727587,219.6000051498413,0,0
1596165438.0827587,221.40189170837402,0,0
1596165438.0927587,223.20111751556396,0,0
1596165438.1027586,225.00128746032715,0,0
1596165438.1127586,226.800856590271,0,0
1596165438.1227586,228.6027431488037,0,0
1596165438.1327586,230.4031276702881,0,0
1596165438.1427586,232.2002935409546,0,0
1596165438.1527586,233.9998197555542,0,0
1596165438.1627586,235.80286502838135,0,0
1596165438.1727586,237.60127544403076,0,0
1596165438.1827586,239.40303325653076,0,0
1596165438.1927586,241.20238780975342,0,0
1596165438.2027586,243.00066947937012,0,0
1596165438.2127585,244.8008394241333,0,0
1596165438.2227585,246.60229682922363,0,0
1596165438.2327585,248.40075016021729,0,0
1596165438.2427585,250.2013063430786,0,0
1596165438.2527585,252.00207710266113,0,0
1596165438.2627585,253.80224704742432,0,0
1596165438.2727585,255.60211658477783,0,0
1596165438.2827585,257.39996910095215,0,0
1596165438.2927585,259.20318603515625,0,0
1596165438.3027585,261.0025405883789,0,0
1596165438.3127584,262.80309677124023,0,0
1596165438.3227584,264.6028804779053,0,0
1596165438.3327584,266.400089263916,0,0
1596165438.3427584,268.19987297058105,0,0
1596165438.3527584,270.00030040740967,0,0
1596165438.3627584,271.80214405059814,0,0
1596165438.3727584,273.6007261276245,0,0
1596165438.3827584,275.40184020996094,0,0
1596165438.3927584,277.2024393081665,0,0
1596165438.4027584,279.0004634857178,0,0
1596165438.4127584,280.8031225204468,0,0
1596165438.4227583,282.5997734069824,0,0
1596165438.4327583,284.40101623535156,0,0
1596165438.4427583,286.19994163513184,0,0
1596165438.4527583,288.00195693969727,0,0
1596165438.4627583,289.8009252548218,0,0
1596165438.4727583,291.6016960144043,0,0
1596165438.4827583,293.40027809143066,0,0
1596165438.4927583,295.20100593566895,0,0
1596165438.5027583,297.0025062561035,0,0
1596165438.5127583,298.80091667175293,0,0
1596165438.5227582,300.6017732620239,0,0
1596165438.5327582,302.40142822265625,0,0
1596165438.5427582,304.2028856277466,0,0
1596165438.5527582,306.0026264190674,0,0
1596165438.5627582,307.802152633667,0,0
1596165438.5727582,309.600133895874,0,0
1596165438.5827582,311.40159130096436,0,0
1596165438.5927582,313.2030916213989,0,0
1596165438.6027582,314.99982833862305,0,0
1596165438.6127582,316.8012857437134,0,0
1596165438.6227582,318.5998249053955,0,0
1596165438.6327581,320.4024839401245,0,0
1596165438.6427581,322.2004222869873,0,0
1596165438.6527581,324.0013647079468,0,0
1596165438.662758,325.8000326156616,0,0
1596165438.672758,327.6026487350464,0,0
1596165438.682758,329.40054416656494,0,0
1596165438.692758,331.2001132965088,0,0
1596165438.6990185,332.3265552520752,0,0
1596165438.6990185,360.0,0.15374135971069336,0
1596165438.6991735,360,0.15374135971069336,1
1596165438.6991735,0,0,0
1596165438.7091734,1.8009424209594727,0,0
1596165438.7191734,3.6026573181152344,0,0
1596165438.7291734,5.401325225830078,0,0
1596165438.7391734,7.201581001281738,0,0
1596165438.7491734,9.0012788772583,0,0
1596165438.7591734,10.800762176513672,0,0
1596165438.7691734,12.600760459899902,0,0
1596165438.7791734,14.403076171875,0,0
1596165438.7891734,16.200156211853027,0,0
1596165438.7991734,18.00307273864746,0,0
1596165438.8091733,19.801182746887207,0,0
1596165438.8191733,21.60289764404297,0,0
1596165438.8291733,23.400707244873047,0,0
1596165438.8391733,25.202550888061523,0,0
1596165438.8491733,27.001519203186035,0,0
1596165438.8591733,28.80194664001465,0,0
1596165438.8691733,30.602288246154785,0,0
1596165438.8791733,32.40284442901611,0,0
1596165438.8891733,34.20241355895996,0,0
1596165438.8991733,36.00039482116699,0,0
1596165438.9091733,37.800564765930176,0,0
1596165438.9191732,39.60288047790527,0,0
1596165438.9291732,41.40172004699707,0,0
1596165438.9391732,43.201847076416016,0,0
1596165438.9491732,45.00150203704834,0,0
1596165438.9591732,46.80283069610596,0,0
1596165438.9691732,48.60154151916504,0,0
1596165438.9791732,50.40295600891113,0,0
1596165438.9891732,52.20183849334717,0,0
1596165438.9991732,54.002437591552734,0,0
1596165439.0091732,55.80024719238281,0,0
1596165439.0191731,57.59998798370361,0,0
1596165439.0291731,59.40200328826904,0,0
1596165439.0391731,61.20007038116455,0,0
1596165439.049173,63.00234317779541,0,0
1596165439.059173,64.80247020721436,0,0
1596165439.069173,66.60015106201172,0,0
1596165439.079173,68.40208053588867,0,0
1596165439.089173,70.20315170288086,0,0
1596165439.099173,72.00014591217041,0,0
1596165439.109173,73.80259037017822,0,0
1596165439.119173,75.60009956359863,0,0
1596165439.129173,77.4021577835083,0,0
1596165439.139173,79.20005321502686,0,0
1596165439.149173,81.00305557250977,0,0
1596165439.159173,82.80202388763428,0,0
1596165439.169173,84.6002197265625,0,0
1596165439.179173,86.40073299407959,0,0
1596165439.189173,88.20077419281006,0,0
1596165439.199173,90.00184535980225,0,0
1596165439.209173,91.8032169342041,0,0
1596165439.219173,93.6018419265747,0,0
1596165439.229173,95.40158271789551,0,0
1596165439.239173,97.20033645629883,0,0
1596165439.249173,99.00123596191406,0,0
1596165439.259173,100.80277919769287,0,0
1596165439.269173,102.60294914245605,0,0
1596165439.279173,104.40299034118652,0,0
1596165439.289173,106.2004566192627,0,0
1596165439.2991729,108.00139904022217,0,0
1596165439.3091729,109.80088233947754,0,0
1596165439.3191729,111.60066604614258,0,0
1596165439.3291728,113.40293884277344,0,0
1596165439.3391728,115.20246505737305,0,0
1596165439.3491728,117.00048923492432,0,0
1596165439.3591728,118.80078792572021,0,0
1596165439.3691728,120.60078620910645,0,0
1596165439.3791728,122.40121364593506,0,0
1596165439.3891728,124.20249938964844,0,0
1596165439.3991728,126.00039482116699,0,0
1596165439.4091728,127.80107975006104,0,0
1596165439.4191728,129.60124969482422,0,0
1596165439.4291728,131.4017629623413,0,0
1596165439.4391727,133.20021629333496,0,0
1596165439.4491727,135.00012874603271,0,0
1596165439.4591727,136.80102825164795,0,0
1596165439.4691727,138.60162734985352,0,0
1596165439.4791727,140.40244102478027,0,0
1596165439.4891727,142.20067977905273,0,0
1596165439.4991727,144.0007209777832,0,0
1596165439.5091727,145.80114841461182,0,0
1596165439.5191727,147.60213375091553,0,0
1596165439.5291727,149.40002918243408,0,0
1596165439.5391726,151.1998987197876,0,0
1596165439.5491726,153.0004119873047,0,0
1596165439.5591726,154.80088233947754,0,0
1596165439.5691726,156.60311222076416,0,0
1596165439.5791726,158.40208053588867,0,0
1596165439.5891726,160.20134925842285,0,0
1596165439.5991726,162.00280666351318,0,0
1596165439.6091726,163.8026762008667,0,0
1596165439.6191726,165.60091495513916,0,0
1596165439.6291726,167.40310192108154,0,0
1596165439.6391726,169.2024564743042,0,0
1596165439.6491725,171.001296043396,0,0
1596165439.6591725,172.802152633667,0,0
1596165439.6691725,174.60034847259521,0,0
1596165439.6791725,176.40193462371826,0,0
1596165439.6891725,178.19987297058105,0,0
1596165439.6991725,180.00102996826172,0,0
1596165439.7091725,181.80222988128662,0,0
1596165439.7191725,183.60055446624756,0,0
1596165439.7291725,185.40038108825684,0,0
1596165439.7391725,187.2009801864624,0,0
1596165439.7491724,188.99986267089844,0,0
1596165439.7591724,190.80316543579102,0,0
1596165439.7691724,192.6007604598999,0,0
1596165439.7791724,194.40041542053223,0,0
1596165439.7891724,196.2011432647705,0,0
1596165439.7991724,197.9999828338623,0,0
1596165439.8091724,199.80272769927979,0,0
1596165439.8191724,201.6025972366333,0,0
1596165439.8291724,203.40276718139648,0,0
1596165439.8391724,205.199933052063,0,0
1596165439.8491724,207.0012617111206,0,0
1596165439.8591723,208.8010025024414,0,0
1596165439.8691723,210.60052871704102,0,0
1596165439.8791723,212.4018144607544,0,0
1596165439.8891723,214.20035362243652,0,0
1596165439.8991723,216.0014247894287,0,0
1596165439.9091723,217.8019380569458,0,0
1596165439.9191723,219.60034847259521,0,0
1596165439.9291723,221.40026092529297,0,0
1596165439.9391723,223.2020616531372,0,0
1596165439.9491723,225.0022315979004,0,0
1596165439.9591722,226.80188655853271,0,0
1596165439.9691722,228.6020565032959,0,0
1596165439.9791722,230.40016651153564,0,0
1596165439.9891722,232.19990730285645,0,0
1596165439.9991722,234.00175094604492,0,0
1596165440.0091722,235.8003330230713,0,0
1596165440.0191722,237.6020908355713,0,0
1596165440.0291722,239.40204620361328,0,0
1596165440.0391722,241.20105743408203,0,0
1596165440.0491722,243.0004119873047,0,0
1596165440.0591722,244.80109691619873,0,0
1596165440.0691721,246.60272598266602,0,0
1596165440.0791721,248.40298175811768,0,0
1596165440.0891721,250.20272254943848,0,0
1596165440.099172,252.0022487640381,0,0
1596165440.109172,253.80297660827637,0,0
1596165440.119172,255.6017303466797,0,0
1596165440.129172,257.4010419845581,0,0
1596165440.139172,259.2009115219116,0,0
1596165440.149172,261.0000944137573,0,0
1596165440.159172,262.80253887176514,0,0
1596165440.169172,264.60283756256104,0,0
1596165440.179172,266.4021062850952,0,0
1596165440.189172,268.20120334625244,0,0
1596165440.199172,270.0013303756714,0,0
1596165440.209172,271.80102825164795,0,0
1596165440.219172,273.60325813293457,0,0
1596165440.229172,275.4031276702881,0,0
1596165440.239172,277.202353477478,0,0
1596165440.249172,279.0020513534546,0,0
1596165440.259172,280.8019208908081,0,0
1596165440.269172,282.60191917419434,0,0
1596165440.279172,284.40144538879395,0,0
1596165440.289172,286.2026023864746,0,0
1596165440.299172,288.0025577545166,0,0
1596165440.309172,289.80135440826416,0,0
1596165440.319172,291.6015672683716,0,0
1596165440.329172,293.39993476867676,0,0
1596165440.339172,295.20023345947266,0,0
1596165440.3491719,297.0013904571533,0,0
1596165440.3591719,298.8019037246704,0,0
1596165440.3691719,300.60314655303955,0,0
1596165440.3791718,302.40232944488525,0,0
1596165440.3891718,304.1997528076172,0,0
1596165440.3991718,306.0017681121826,0,0
1596165440.4091718,307.80142307281494,0,0
1596165440.4191718,309.60137844085693,0,0
1596165440.4291718,311.4010763168335,0,0
1596165440.4391718,313.20098876953125,0,0
1596165440.4491718,315.00128746032715,0,0
1596165440.4591718,316.8019723892212,0,0
1596165440.4691718,318.6028289794922,0,0
1596165440.4791718,320.40209770202637,0,0
1596165440.4891717,322.20192432403564,0,0
1596165440.4991717,324.0012788772583,0,0
1596165440.5091717,325.80209255218506,0,0
1596165440.5191717,327.6020050048828,0,0
1596165440.5291717,329.4023036956787,0,0
1596165440.5391717,331.20255947113037,0,0
1596165440.5491717,333.00182819366455,0,0
1596165440.5591717,334.8011827468872,0,0
1596165440.5691717,336.60233974456787,0,0
1596165440.5791717,338.40049266815186,0,0
1596165440.5891716,340.2020788192749,0,0
1596165440.5991716,342.0019483566284,0,0
1596165440.6091716,343.8010025024414,0,0
1596165440.6191716,345.6024169921875,0,0
1596165440.6291716,347.4008274078369,0,0
1596165440.6391716,349.20138359069824,0,0
1596165440.6491716,351.000394821167,0,0
1596165440.6591716,352.8004789352417,0,0
1596165440.6691716,354.60047721862793,0,0
1596165440.6791716,356.400089263916,0,0
1596165440.6891716,358.2023620605469,0,0
1596165440.6991715,359.99969959259033,0,0
1596165440.6991937,360,0,1
1596165440.6991937,0,0,0
1596165440.7091937,1.8015432357788086,0,0
1596165440.7191937,3.60201358795166,0,0
1596165440.7291937,5.4032135009765625,0,0
1596165440.7391937,7.200379371643066,0,0
1596165440.7491937,9.002523422241211,0,0
1596165440.7591937,10.80329418182373,0,0
1596165440.7691936,12.599987983703613,0,0
1596165440.7791936,14.401531219482422,0,0
1596165440.7891936,16.20307445526123,0,0
1596165440.7991936,18.002429008483887,0,0
1596165440.8091936,19.801998138427734,0,0
1596165440.8191936,21.600537300109863,0,0
1596165440.8291936,23.402509689331055,0,0
1596165440.8391936,25.202207565307617,0,0
1596165440.8491936,27.00216293334961,0,0
1596165440.8591936,28.802762031555176,0,0
1596165440.8691936,30.599970817565918,0,0
1596165440.8791935,32.40039825439453,0,0
1596165440.8891935,34.20262813568115,0,0
1596165440.8991935,36.002068519592285,0,0
1596165440.9091935,37.80022144317627,0,0
1596165440.9191935,39.60322380065918,0,0
1596165440.9291935,41.40326499938965,0,0
1596165440.9391935,43.20150375366211,0,0
1596165440.9491935,45.00197410583496,0,0
1596165440.9591935,46.80184364318848,0,0
1596165440.9691935,48.60145568847656,0,0
1596165440.9791934,50.40222644805908,0,0
1596165440.9891934,52.20179557800293,0,0
1596165440.9991934,54.00149345397949,0,0
1596165441.0091934,55.80089092254639,0,0
1596165441.0191934,57.6033353805542,0,0
1596165441.0291934,59.40299034118652,0,0
1596165441.0391934,61.20041370391846,0,0
1596165441.0491934,63.000969886779785,0,0
1596165441.0591934,64.80015277862549,0,0
1596165441.0691934,66.6031551361084,0,0
1596165441.0791934,68.40302467346191,0,0
1596165441.0891933,70.20263671875,0,0
1596165441.0991933,72.00006008148193,0,0
1596165441.1091933,73.80035877227783,0,0
1596165441.1191933,75.60009956359863,0,0
1596165441.1291933,77.40318775177002,0,0
1596165441.1391933,79.20069694519043,0,0
1596165441.1491933,81.00284099578857,0,0
1596165441.1591933,82.80232429504395,0,0
1596165441.1691933,84.60318088531494,0,0
1596165441.1791933,86.40236377716064,0,0
1596165441.1891932,88.20055961608887,0,0
1596165441.1991932,90.00180244445801,0,0
1596165441.2091932,91.80038452148438,0,0
1596165441.2191932,93.60235691070557,0,0
1596165441.2291932,95.4006814956665,0,0
1596165441.2391932,97.20325469970703,0,0
1596165441.2491932,99.0012788772583,0,0
1596165441.2591932,100.8030366897583,0,0
1596165441.2691932,102.60256290435791,0,0
1596165441.2791932,104.40247535705566,0,0
1596165441.2891932,106.20058536529541,0,0
1596165441.2991931,108.00302982330322,0,0
1596165441.3091931,109.80328559875488,0,0
1596165441.3191931,111.60191059112549,0,0
1596165441.329193,113.39993476867676,0,0
1596165441.339193,115.2011775970459,0,0
1596165441.349193,117.00121879577637,0,0
1596165441.359193,118.80246162414551,0,0
1596165441.369193,120.60284614562988,0,0
1596165441.379193,122.40056991577148,0,0
1596165441.389193,124.20305728912354,0,0
1596165441.399193,126.00000858306885,0,0
1596165441.409193,127.80073642730713,0,0
1596165441.419193,129.60210800170898,0,0
1596165441.429193,131.40008926391602,0,0
1596165441.439193,133.20274829864502,0,0
1596165441.449193,135.00253200531006,0,0
1596165441.459193,136.8010711669922,0,0
1596165441.469193,138.6001682281494,0,0
1596165441.479193,140.4015827178955,0,0
1596165441.489193,142.20316886901855,0,0
1596165441.499193,144.00282382965088,0,0
1596165441.509193,145.8028221130371,0,0
1596165441.519193,147.60213375091553,0,0
1596165441.529193,149.40097332000732,0,0
1596165441.539193,151.202130317688,0,0
1596165441.549193,153.00135612487793,0,0
1596165441.559193,154.8031997680664,0,0
1596165441.569193,156.6029405593872,0,0
1596165441.5791929,158.40126514434814,0,0
1596165441.5891929,160.2000617980957,0,0
1596165441.5991929,162.00190544128418,0,0
1596165441.6091928,163.80147457122803,0,0
1596165441.6191928,165.60323238372803,0,0
1596165441.6291928,167.4012565612793,0,0
1596165441.6391928,169.20254230499268,0,0
1596165441.6491928,171.00176811218262,0,0
1596165441.6591928,172.80206680297852,0,0
1596165441.6691928,174.6029233932495,0,0
1596165441.6791928,176.40008926391602,0,0
1596165441.6891928,178.20141792297363,0,0
1596165441.6991928,180.00012874603271,0,0
1596165441.7091928,181.80137157440186,0,0
1596165441.7191927,183.6031723022461,0,0
1596165441.7291927,185.40029525756836,0,0
1596165441.7391927,187.2008514404297,0,0
1596165441.7491927,189.0025234222412,0,0
1596165441.7591927,190.80217838287354,0,0
1596165441.7691927,192.60234832763672,0,0
1596165441.7791927,194.40187454223633,0,0
1596165441.7891927,196.19981288909912,0,0
1596165441.7991927,198.00101280212402,0,0
1596165441.8091927,199.80101108551025,0,0
1596165441.8191926,201.60096645355225,0,0
1596165441.8291926,203.40272426605225,0,0
1596165441.8391926,205.20092010498047,0,0
1596165441.8491926,207.00297832489014,0,0
1596165441.8591926,208.79992961883545,0,0
1596165441.8691926,210.60203075408936,0,0
1596165441.8791926,212.40164279937744,0,0
1596165441.8891926,214.20048236846924,0,0
1596165441.8991926,216.00048065185547,0,0
1596165441.9091926,217.80301094055176,0,0
1596165441.9191926,219.59991931915283,0,0
1596165441.9291925,221.40099048614502,0,0
1596165441.9391925,223.20322036743164,0,0
1596165441.9491925,225.0032615661621,0,0
1596165441.9591925,226.80295944213867,0,0
1596165441.9691925,228.60192775726318,0,0
1596165441.9791925,230.4024839401245,0,0
1596165441.9891925,232.20012187957764,0,0
1596165441.9991925,234.0014934539795,0,0
1596165442.0091925,235.8008050918579,0,0
1596165442.0191925,237.60149002075195,0,0
1596165442.0291924,239.39977169036865,0,0
1596165442.0391924,241.2019157409668,0,0
1596165442.0491924,243.0024290084839,0,0
1596165442.0591924,244.80148315429688,0,0
1596165442.0691924,246.60139560699463,0,0
1596165442.0791924,248.4028959274292,0,0
1596165442.0891924,250.2000617980957,0,0
1596165442.0991924,252.00173377990723,0,0
1596165442.1091924,253.80070209503174,0,0
1596165442.1191924,255.60271739959717,0,0
1596165442.1291924,257.4000549316406,0,0
1596165442.1391923,259.20297145843506,0,0
1596165442.1491923,260.9999656677246,0,0
1596165442.1591923,262.801251411438,0,0
1596165442.1691923,264.6029233932495,0,0
1596165442.1791923,266.3998317718506,0,0
1596165442.1891923,268.2006883621216,0,0
1596165442.1991923,270.002703666687,0,0
1596165442.2091923,271.80047035217285,0,0
1596165442.2191923,273.60209941864014,0,0
1596165442.2291923,275.4020118713379,0,0
1596165442.2391922,277.2007656097412,0,0
1596165442.2491922,279.0009355545044,0,0
1596165442.2591922,280.80307960510254,0,0
1596165442.2691922,282.6026487350464,0,0
1596165442.2791922,284.39998626708984,0,0
1596165442.2891922,286.2004566192627,0,0
1596165442.2991922,288.00015449523926,0,0
1596165442.3091922,289.80281352996826,0,0
1596165442.3191922,291.60139560699463,0,0
1596165442.3291922,293.3998918533325,0,0
1596165442.3391922,295.2030658721924,0,0
1596165442.3491921,297.00164794921875,0,0
1596165442.3591921,298.8011312484741,0,0
1596165442.3691921,300.59988498687744,0,0
1596165442.379192,302.3997974395752,0,0
1596165442.389192,304.203143119812,0,0
1596165442.399192,306.0022830963135,0,0
1596165442.409192,307.8009080886841,0,0
1596165442.419192,309.6000051498413,0,0
1596165442.429192,311.40146255493164,0,0
1596165442.439192,313.201847076416,0,0
1596165442.449192,315.0012016296387,0,0
1596165442.459192,316.80270195007324,0,0
1596165442.469192,318.5999536514282,0,0
1596165442.479192,320.4012393951416,0,0
1596165442.489192,322.20067977905273,0,0
1596165442.499192,324.00200843811035,0,0
1596165442.509192,325.80127716064453,0,0
1596165442.519192,327.6012325286865,0,0
1596165442.529192,329.4022607803345,0,0
1596165442.539192,331.20264530181885,0,0
1596165442.549192,333.00281524658203,0,0
1596165442.559192,334.8030710220337,0,0
1596165442.569192,336.60152435302734,0,0
1596165442.579192,338.402681350708,0,0
1596165442.589192,340.2010488510132,0,0
1596165442.599192,342.0028495788574,0,0
1596165442.609192,343.8001871109009,0,0
1596165442.619192,345.6017303466797,0,0
1596165442.6291919,347.40190029144287,0,0
1596165442.6391919,349.2011260986328,0,0
1596165442.6491919,350.9997510910034,0,0
1596165442.6591918,352.8011226654053,0,0
1596165442.6691918,354.60240840911865,0,0
1596165442.6791918,356.4010763168335,0,0
1596165442.6891918,358.2001304626465,0,0
1596165442.6991918,359.9998712539673,0,0
1596165442.6992157,360,0,1
1596165442.6992157,0,0,0
1596165442.7092156,1.8033456802368164,0,0
1596165442.7192156,3.6005115509033203,0,0
1596165442.7292156,5.401453971862793,0,0
1596165442.7392156,7.199993133544922,0,0
1596165442.7492156,8.999991416931152,0,0
1596165442.7592156,10.802865028381348,0,0
1596165442.7692156,12.60282039642334,0,0
1596165442.7792156,14.402132034301758,0,0
1596165442.7892156,16.20255947113037,0,0
1596165442.7992156,18.00062656402588,0,0
1596165442.8092155,19.800710678100586,0,0
1596165442.8192155,21.601996421813965,0,0
1596165442.8292155,23.400707244873047,0,0
1596165442.8392155,25.20310878753662,0,0
1596165442.8492155,27.0023775100708,0,0
1596165442.8592155,28.801217079162598,0,0
1596165442.8692155,30.603361129760742,0,0
1596165442.8792155,32.40147113800049,0,0
1596165442.8892155,34.20095443725586,0,0
1596165442.8992155,36.00224018096924,0,0
1596165442.9092155,37.802324295043945,0,0
1596165442.9192154,39.60120677947998,0,0
1596165442.9292154,41.400389671325684,0,0
1596165442.9392154,43.20120334625244,0,0
1596165442.9492154,45.00218868255615,0,0
1596165442.9592154,46.80248737335205,0,0
1596165442.9692154,48.60179901123047,0,0
1596165442.9792154,50.40196895599365,0,0
1596165442.9892154,52.2009801864624,0,0
1596165442.9992154,54.00106430053711,0,0
1596165443.0092154,55.802693367004395,0,0
1596165443.0192153,57.602691650390625,0,0
1596165443.0292153,59.400930404663086,0,0
1596165443.0392153,61.203246116638184,0,0
1596165443.0492153,63.00036907196045,0,0
1596165443.0592153,64.80071067810059,0,0
1596165443.0692153,66.6007947921753,0,0
1596165443.0792153,68.40066432952881,0,0
1596165443.0892153,70.20156383514404,0,0
1596165443.0992153,72.00070381164551,0,0
1596165443.1092153,73.8017749786377,0,0
1596165443.1192153,75.60327529907227,0,0
1596165443.1292152,77.40284442901611,0,0
1596165443.1392152,79.20185565948486,0,0
1596165443.1492152,81.00318431854248,0,0
1596165443.1592152,82.80296802520752,0,0
1596165443.1692152,84.60245132446289,0,0
1596165443.1792152,86.40180587768555,0,0
1596165443.1892152,88.20094585418701,0,0
1596165443.1992152,90.0011157989502,0,0
1596165443.2092152,91.8023157119751,0,0
1596165443.2192152,93.60330104827881,0,0
1596165443.2292151,95.4014539718628,0,0
1596165443.2392151,97.20329761505127,0,0
1596165443.2492151,99.0007209777832,0,0
1596165443.259215,100.8024787902832,0,0
1596165443.269215,102.60093212127686,0,0
1596165443.279215,104.40264701843262,0,0
1596165443.289215,106.19994163513184,0,0
1596165443.299215,108.00152778625488,0,0
1596165443.309215,109.80302810668945,0,0
1596165443.319215,111.60233974456787,0,0
1596165443.329215,113.39993476867676,0,0
1596165443.339215,115.20310878753662,0,0
1596165443.349215,117.0018196105957,0,0
1596165443.359215,118.80271911621094,0,0
1596165443.369215,120.60100078582764,0,0
1596165443.379215,122.40168571472168,0,0
1596165443.389215,124.20185565948486,0,0
1596165443.399215,126.00121021270752,0,0
1596165443.409215,127.80133724212646,0,0
1596165443.419215,129.60270881652832,0,0
1596165443.429215,131.4007329940796,0,0
1596165443.439215,133.20210456848145,0,0
1596165443.449215,135.0021457672119,0,0
1596165443.459215,136.80047035217285,0,0
1596165443.469215,138.6014986038208,0,0
1596165443.479215,140.40166854858398,0,0
1596165443.489215,142.20149517059326,0,0
1596165443.499215,144.00166511535645,0,0
1596165443.5092149,145.80020427703857,0,0
1596165443.5192149,147.60157585144043,0,0
1596165443.5292149,149.40208911895752,0,0
1596165443.5392148,151.20028495788574,0,0
1596165443.5492148,153.0031156539917,0,0
1596165443.5592148,154.80234146118164,0,0
1596165443.5692148,156.60199642181396,0,0
1596165443.5792148,158.40242385864258,0,0
1596165443.5892148,160.20190715789795,0,0
1596165443.5992148,162.00229167938232,0,0
1596165443.6092148,163.7999725341797,0,0
1596165443.6192148,165.6001853942871,0,0
1596165443.6292148,167.40262985229492,0,0
1596165443.6392148,169.20249938964844,0,0
1596165443.6492147,171.003098487854,0,0
1596165443.6592147,172.8006076812744,0,0
1596165443.6692147,174.60120677947998,0,0
1596165443.6792147,176.40047550201416,0,0
1596165443.6892147,178.20043087005615,0,0
1596165443.6992147,180.0012445449829,0,0
1596165443.7092147,181.8004274368286,0,0
1596165443.7192147,183.6013698577881,0,0
1596165443.7292147,185.40162563323975,0,0
1596165443.7392147,187.20050811767578,0,0
1596165443.7492146,189.000506401062,0,0
1596165443.7592146,190.80029010772705,0,0
1596165443.7692146,192.60140419006348,0,0
1596165443.7792146,194.40311908721924,0,0
1596165443.7892146,196.20230197906494,0,0
1596165443.7992146,198.00045490264893,0,0
1596165443.8092146,199.80247020721436,0,0
1596165443.8192146,201.60233974456787,0,0
1596165443.8292146,203.40152263641357,0,0
1596165443.8392146,205.201735496521,0,0
1596165443.8492146,206.99993133544922,0,0
1596165443.8592145,208.79992961883545,0,0
1596165443.8692145,210.60052871704102,0,0
1596165443.8792145,212.39984035491943,0,0
1596165443.8892145,214.1998815536499,0,0
1596165443.8992145,216.0029697418213,0,0
1596165443.9092145,217.80189514160156,0,0
1596165443.9192145,219.6000051498413,0,0
1596165443.9292145,221.4030933380127,0,0
1596165443.9392145,223.20309162139893,0,0
1596165443.9492145,225.00098705291748,0,0
1596165443.9592144,226.80111408233643,0,0
1596165443.9692144,228.60012531280518,0,0
1596165443.9792144,230.40239810943604,0,0
1596165443.9892144,232.20218181610107,0,0
1596165443.9992144,234.00290966033936,0,0
1596165444.0092144,235.80140590667725,0,0
1596165444.0192144,237.6016616821289,0,0
1596165444.0292144,239.39977169036865,0,0
1596165444.0392144,241.20097160339355,0,0
1596165444.0492144,243.00174236297607,0,0
1596165444.0592144,244.80186939239502,0,0
1596165444.0692143,246.6022539138794,0,0
1596165444.0792143,248.39980602264404,0,0
1596165444.0892143,250.2019500732422,0,0
1596165444.0992143,252.00151920318604,0,0
1596165444.1092143,253.80293369293213,0,0
1596165444.1192143,255.60087203979492,0,0
1596165444.1292143,257.40052700042725,0,0
1596165444.1392143,259.20095443725586,0,0
1596165444.1492143,261.0027551651001,0,0
1596165444.1592143,262.80155181884766,0,0
1596165444.1692142,264.6023225784302,0,0
1596165444.1792142,266.40000343322754,0,0
1596165444.1892142,268.200044631958,0,0
1596165444.1992142,270.00171661376953,0,0
1596165444.2092142,271.8016719818115,0,0
1596165444.2192142,273.59986782073975,0,0
1596165444.2292142,275.40003776550293,0,0
1596165444.2392142,277.202353477478,0,0
1596165444.2492142,279.0009355545044,0,0
1596165444.2592142,280.80050468444824,0,0
1596165444.2692142,282.60106086730957,0,0
1596165444.2792141,284.40157413482666,0,0
1596165444.2892141,286.20277404785156,0,0
1596165444.2992141,287.99993991851807,0,0
1596165444.309214,289.80122566223145,0,0
1596165444.319214,291.6026830673218,0,0
1596165444.329214,293.401780128479,0,0
1596165444.339214,295.1998472213745,0,0
1596165444.349214,297.0011329650879,0,0
1596165444.359214,298.8028049468994,0,0
1596165444.369214,300.602331161499,0,0
1596165444.379214,302.39975452423096,0,0
1596165444.389214,304.1997528076172,0,0
1596165444.399214,306.0014247894287,0,0
1596165444.409214,307.8027105331421,0,0
1596165444.419214,309.60163593292236,0,0
1596165444.429214,311.401891708374,0,0
1596165444.439214,313.20077419281006,0,0
1596165444.449214,315.00240325927734,0,0
1596165444.459214,316.8012857437134,0,0
1596165444.469214,318.60167026519775,0,0
1596165444.479214,320.39982318878174,0,0
1596165444.489214,322.2024393081665,0,0
1596165444.499214,324.00102138519287,0,0
1596165444.509214,325.80183506011963,0,0
1596165444.519214,327.60071754455566,0,0
1596165444.529214,329.4005870819092,0,0
1596165444.539214,331.20277404785156,0,0
1596165444.549214,333.00272941589355,0,0
1596165444.5592139,334.80156898498535,0,0
1596165444.5692139,336.60027980804443,0,0
1596165444.5792139,338.4022092819214,0,0
1596165444.5892138,340.20113468170166,0,0
1596165444.5992138,342.0004463195801,0,0
1596165444.6092138,343.8011312484741,0,0
1596165444.6192138,345.6015157699585,0,0
1596165444.6292138,347.4012565612793,0,0
1596165444.6392138,349.20151233673096,0,0
1596165444.6492138,351.00090980529785,0,0
1596165444.6592138,352.80189514160156,0,0
1596165444.6692138,354.60197925567627,0,0
1596165444.6792138,356.40124797821045,0,0
1596165444.6892138,358.20055961608887,0,0
1596165444.6992195,360,0,1
1596165444.6992195,0,0,0
1596165444.7092195,1.8002986907958984,0,0
1596165444.7192194,3.6031293869018555,0,0
1596165444.7292194,5.4029130935668945,0,0
1596165444.7392194,7.2011518478393555,0,0
1596165444.7492194,9.000120162963867,0,0
1596165444.7592194,10.802650451660156,0,0
1596165444.7692194,12.600116729736328,0,0
1596165444.7792194,14.403290748596191,0,0
1596165444.7892194,16.202216148376465,0,0
1596165444.7992194,17.999982833862305,0,0
1596165444.8092194,19.80010986328125,0,0
1596165444.8192194,21.600923538208008,0,0
1596165444.8292193,23.401479721069336,0,0
1596165444.8392193,25.20040512084961,0,0
1596165444.8492193,27.001304626464844,0,0
1596165444.8592193,28.802590370178223,0,0
1596165444.8692193,30.60194492340088,0,0
1596165444.8792193,32.40267276763916,0,0
1596165444.8892193,34.202842712402344,0,0
1596165444.8992193,36.00151062011719,0,0
1596165444.9092193,37.801551818847656,0,0
1596165444.9192193,39.600863456726074,0,0
1596165444.9292192,41.400818824768066,0,0
1596165444.9392192,43.20068836212158,0,0
1596165444.9492192,45.00030040740967,0,0
1596165444.9592192,46.80077075958252,0,0
1596165444.9692192,48.60102653503418,0,0
1596165444.9792192,50.40153980255127,0,0
1596165444.9892192,52.20235347747803,0,0
1596165444.9992192,54.00059223175049,0,0
1596165445.0092192,55.8015775680542,0,0
1596165445.0192192,57.60007381439209,0,0
1596165445.0292192,59.40208911895752,0,0
1596165445.0392191,61.20131492614746,0,0
1596165445.0492191,63.000197410583496,0,0
1596165445.0592191,64.80045318603516,0,0
1596165445.069219,66.6007947921753,0,0
1596165445.079219,68.40083599090576,0,0
1596165445.089219,70.20237922668457,0,0
1596165445.099219,72.00134754180908,0,0
1596165445.109219,73.80216121673584,0,0
1596165445.119219,75.60314655303955,0,0
1596165445.129219,77.40262985229492,0,0
1596165445.139219,79.2027997970581,0,0
1596165445.149219,81.00155353546143,0,0
1596165445.159219,82.80275344848633,0,0
1596165445.169219,84.60124969482422,0,0
1596165445.179219,86.40214920043945,0,0
1596165445.189219,88.1999158859253,0,0
1596165445.199219,90.00030040740967,0,0
1596165445.209219,91.80222988128662,0,0
1596165445.219219,93.6029577255249,0,0
1596165445.229219,95.40132522583008,0,0
1596165445.239219,97.2000789642334,0,0
1596165445.249219,99.00222301483154,0,0
1596165445.259219,100.80299377441406,0,0
1596165445.269219,102.60174751281738,0,0
1596165445.279219,104.40286159515381,0,0
1596165445.289219,106.20187282562256,0,0
1596165445.299219,108.00066947937012,0,0
1596165445.309219,109.80264186859131,0,0
1596165445.3192189,111.60096645355225,0,0
1596165445.3292189,113.40285301208496,0,0
1596165445.3392189,115.20315170288086,0,0
1596165445.3492188,117.00156211853027,0,0
1596165445.3592188,118.80276203155518,0,0
1596165445.3692188,120.60301780700684,0,0
1596165445.3792188,122.39992618560791,0,0
1596165445.3892188,124.2015552520752,0,0
1596165445.3992188,126.00082397460938,0,0
1596165445.4092188,127.80035018920898,0,0
1596165445.4192188,129.60060596466064,0,0
1596165445.4292188,131.40154838562012,0,0
1596165445.4392188,133.20279121398926,0,0
1596165445.4492188,135.00261783599854,0,0
1596165445.4592187,136.8017578125,0,0
1596165445.4692187,138.6000394821167,0,0
1596165445.4792187,140.40218353271484,0,0
1596165445.4892187,142.20089435577393,0,0
1596165445.4992187,144.00136470794678,0,0
1596165445.5092187,145.8024787902832,0,0
1596165445.5192187,147.60170459747314,0,0
1596165445.5292187,149.40277576446533,0,0
1596165445.5392187,151.20238780975342,0,0
1596165445.5492187,153.0007553100586,0,0
1596165445.5592186,154.80289936065674,0,0
1596165445.5692186,156.6014814376831,0,0
1596165445.5792186,158.40246677398682,0,0
1596165445.5892186,160.20019054412842,0,0
1596165445.5992186,162.00109004974365,0,0
1596165445.6092186,163.8015604019165,0,0
1596165445.6192186,165.60280323028564,0,0
1596165445.6292186,167.40323066711426,0,0
1596165445.6392186,169.20091152191162,0,0
1596165445.6492186,171.00189685821533,0,0
1596165445.6592185,172.80052185058594,0,0
1596165445.6692185,174.6014642715454,0,0
1596165445.6792185,176.4008617401123,0,0
1596165445.6892185,178.20120334625244,0,0
1596165445.6992185,180.00115871429443,0,0
1596165445.7092185,181.8030023574829,0,0
1596165445.7192185,183.6018419265747,0,0
1596165445.7292185,185.4019260406494,0,0
1596165445.7392185,187.19999313354492,0,0
1596165445.7492185,189.0000343322754,0,0
1596165445.7592185,190.80003261566162,0,0
1596165445.7692184,192.60260581970215,0,0
1596165445.7792184,194.40303325653076,0,0
1596165445.7892184,196.20208740234375,0,0
1596165445.7992184,198.00302982330322,0,0
1596165445.8092184,199.80289936065674,0,0
1596165445.8192184,201.6025972366333,0,0
1596165445.8292184,203.4030246734619,0,0
1596165445.8392184,205.200834274292,0,0
1596165445.8492184,207.00048923492432,0,0
1596165445.8592184,208.80083084106445,0,0
1596165445.8692183,210.59988498687744,0,0
1596165445.8792183,212.40164279937744,0,0
1596165445.8892183,214.20288562774658,0,0
1596165445.8992183,216.00065231323242,0,0
1596165445.9092183,217.80176639556885,0,0
1596165445.9192183,219.60116386413574,0,0
1596165445.9292183,221.40172004699707,0,0
1596165445.9392183,223.20107460021973,0,0
1596165445.9492183,225.0014591217041,0,0
1596165445.9592183,226.80171489715576,0,0
1596165445.9692183,228.60201358795166,0,0
1596165445.9792182,230.40153980255127,0,0
1596165445.9892182,232.20312595367432,0,0
1596165445.9992182,233.9998197555542,0,0
1596165446.0092182,235.8023500442505,0,0
1596165446.0192182,237.6011037826538,0,0
1596165446.0292182,239.40303325653076,0,0
1596165446.0392182,241.20092868804932,0,0
1596165446.0492182,243.0027723312378,0,0
1596165446.0592182,244.8006248474121,0,0
1596165446.0692182,246.60306930541992,0,0
1596165446.0792181,248.40083599090576,0,0
1596165446.0892181,250.20233631134033,0,0
1596165446.0992181,251.99993133544922,0,0
1596165446.1092181,253.80319118499756,0,0
1596165446.119218,255.60022830963135,0,0
1596165446.129218,257.4029731750488,0,0
1596165446.139218,259.2016839981079,0,0
1596165446.149218,261.0021114349365,0,0
1596165446.159218,262.80266761779785,0,0
1596165446.169218,264.60296630859375,0,0
1596165446.179218,266.40013217926025,0,0
1596165446.189218,268.2028341293335,0,0
1596165446.199218,270.0026607513428,0,0
1596165446.209218,271.8016719818115,0,0
1596165446.219218,273.6022710800171,0,0
1596165446.229218,275.40029525756836,0,0
1596165446.239218,277.2004222869873,0,0
1596165446.249218,279.0020513534546,0,0
1596165446.259218,280.8009338378906,0,0
1596165446.269218,282.601318359375,0,0
1596165446.279218,284.4005012512207,0,0
1596165446.289218,286.2011432647705,0,0
1596165446.299218,288.00251483917236,0,0
1596165446.309218,289.80311393737793,0,0
1596165446.319218,291.60165309906006,0,0
1596165446.329218,293.40036392211914,0,0
1596165446.339218,295.20259380340576,0,0
1596165446.349218,297.00121879577637,0,0
1596165446.359218,298.8022041320801,0,0
1596165446.3692179,300.60280323028564,0,0
1596165446.3792179,302.4008274078369,0,0
1596165446.3892179,304.2027997970581,0,0
1596165446.3992178,306.00215435028076,0,0
1596165446.4092178,307.8028392791748,0,0
1596165446.4192178,309.60137844085693,0,0
1596165446.4292178,311.402792930603,0,0
1596165446.4392178,313.20167541503906,0,0
1596165446.4492178,315.0015449523926,0,0
1596165446.4592178,316.799955368042,0,0
1596165446.4692178,318.60033988952637,0,0
1596165446.4792178,320.40128231048584,0,0
1596165446.4892178,322.2026538848877,0,0
1596165446.4992177,324.0013647079468,0,0
1596165446.5092177,325.80153465270996,0,0
1596165446.5192177,327.6029920578003,0,0
1596165446.5292177,329.3996858596802,0,0
1596165446.5392177,331.2017011642456,0,0
1596165446.5492177,333.00251483917236,0,0
1596165446.5592177,334.80212688446045,0,0
1596165446.5692177,336.60255432128906,0,0
1596165446.5792177,338.40092182159424,0,0
1596165446.5892177,340.20263671875,0,0
1596165446.5992177,342.00263500213623,0,0
1596165446.6092176,343.8028049468994,0,0
1596165446.6192176,345.6027603149414,0,0
1596165446.6292176,347.3998832702637,0,0
1596165446.6392176,349.2014265060425,0,0
1596165446.6492176,351.00236892700195,0,0
1596165446.6592176,352.8008222579956,0,0
1596165446.6692176,354.60039138793945,0,0
1596165446.6792176,356.4024496078491,0,0
1596165446.6892176,358.2009029388428,0,0
1596165446.6992238,360,0,1
1596165446.6992238,0,0,0
1596165446.7092237,1.801285743713379,0,0
1596165446.7192237,3.603343963623047,0,0
1596165446.7292237,5.400595664978027,0,0
1596165446.7392237,7.201709747314453,0,0
1596165446.7492237,9.00054931640625,0,0
1596165446.7592237,10.80054759979248,0,0
1596165446.7692237,12.602863311767578,0,0
1596165446.7792237,14.402518272399902,0,0
1596165446.7892237,16.201014518737793,0,0
1596165446.7992237,18.002471923828125,0,0
1596165446.8092237,19.80264186859131,0,0
1596165446.8192236,21.6025972366333,0,0
1596165446.8292236,23.40216636657715,0,0
1596165446.8392236,25.20216464996338,0,0
1596165446.8492236,27.000317573547363,0,0
1596165446.8592236,28.800358772277832,0,0
1596165446.8692236,30.60018539428711,0,0
1596165446.8792236,32.39996910095215,0,0
1596165446.8892236,34.202842712402344,0,0
1596165446.8992236,36.000566482543945,0,0
1596165446.9092236,37.80017852783203,0,0
1596165446.9192235,39.6022367477417,0,0
1596165446.9292235,41.40030384063721,0,0
1596165446.9392235,43.20128917694092,0,0
1596165446.9492235,45.00266075134277,0,0
1596165446.9592235,46.8032169342041,0,0
1596165446.9692235,48.60179901123047,0,0
1596165446.9792235,50.40175437927246,0,0
1596165446.9892235,52.200422286987305,0,0
1596165446.9992235,54.00205135345459,0,0
1596165447.0092235,55.80226421356201,0,0
1596165447.0192235,57.60329246520996,0,0
1596165447.0292234,59.403076171875,0,0
1596165447.0392234,61.20255947113037,0,0
1596165447.0492234,63.000197410583496,0,0
1596165447.0592234,64.80234146118164,0,0
1596165447.0692234,66.60152435302734,0,0
1596165447.0792234,68.40092182159424,0,0
1596165447.0892234,70.20122051239014,0,0
1596165447.0992234,72.00096130371094,0,0
1596165447.1092234,73.80250453948975,0,0
1596165447.1192234,75.60121536254883,0,0
1596165447.1292233,77.40112781524658,0,0
1596165447.1392233,79.20176982879639,0,0
1596165447.1492233,81.00236892700195,0,0
1596165447.1592233,82.8019380569458,0,0
1596165447.1692233,84.60232257843018,0,0
1596165447.1792233,86.40313625335693,0,0
1596165447.1892233,88.20313453674316,0,0
1596165447.1992233,90.00128746032715,0,0
1596165447.2092233,91.8000841140747,0,0
1596165447.2192233,93.60051155090332,0,0
1596165447.2292233,95.40239810943604,0,0
1596165447.2392232,97.2004222869873,0,0
1596165447.2492232,99.00012016296387,0,0
1596165447.2592232,100.79994678497314,0,0
1596165447.2692232,102.60290622711182,0,0
1596165447.2792232,104.40075874328613,0,0
1596165447.2892232,106.20058536529541,0,0
1596165447.2992232,108.00264358520508,0,0
1596165447.3092232,109.80041027069092,0,0
1596165447.3192232,111.60324096679688,0,0
1596165447.3292232,113.401780128479,0,0
1596165447.3392231,115.19989013671875,0,0
1596165447.3492231,117.00078964233398,0,0
1596165447.3592231,118.8010025024414,0,0
1596165447.369223,120.60280323028564,0,0
1596165447.379223,122.40164279937744,0,0
1596165447.389223,124.20271396636963,0,0
1596165447.399223,126.00301265716553,0,0
1596165447.409223,127.80017852783203,0,0
1596165447.419223,129.60009098052979,0,0
1596165447.429223,131.40202045440674,0,0
1596165447.439223,133.2011604309082,0,0
1596165447.449223,135.00171661376953,0,0
1596165447.459223,136.80261611938477,0,0
1596165447.469223,138.59991073608398,0,0
1596165447.479223,140.40025234222412,0,0
1596165447.489223,142.2023105621338,0,0
1596165447.499223,144.00333881378174,0,0
1596165447.509223,145.80277919769287,0,0
1596165447.519223,147.6025629043579,0,0
1596165447.529223,149.40290451049805,0,0
1596165447.539223,151.20019912719727,0,0
1596165447.549223,153.00251483917236,0,0
1596165447.559223,154.80191230773926,0,0
1596165447.569223,156.60221099853516,0,0
1596165447.579223,158.40242385864258,0,0
1596165447.589223,160.2004909515381,0,0
1596165447.599223,162.0000171661377,0,0
1596165447.609223,163.80319118499756,0,0
1596165447.6192229,165.60048580169678,0,0
1596165447.6292229,167.40310192108154,0,0
1596165447.6392229,169.20181274414062,0,0
1596165447.6492229,171.00284099578857,0,0
1596165447.6592228,172.8011655807495,0,0
1596165447.6692228,174.6015501022339,0,0
1596165447.6792228,176.40038967132568,0,0
1596165447.6892228,178.20128917694092,0,0
1596165447.6992228,180.0016736984253,0,0
1596165447.7092228,181.80034160614014,0,0
1596165447.7192228,183.60029697418213,0,0
1596165447.7292228,185.40188312530518,0,0
1596165447.7392228,187.20248222351074,0,0
1596165447.7492228,189.0012788772583,0,0
1596165447.7592227,190.80140590667725,0,0
1596165447.7692227,192.6029920578003,0,0
1596165447.7792227,194.4002866744995,0,0
1596165447.7892227,196.20075702667236,0,0
1596165447.7992227,198.0001974105835,0,0
1596165447.8092227,199.8031997680664,0,0
1596165447.8192227,201.60032272338867,0,0
1596165447.8292227,203.40169429779053,0,0
1596165447.8392227,205.20302295684814,0,0
1596165447.8492227,207.00027465820312,0,0
1596165447.8592227,208.80276203155518,0,0
1596165447.8692226,210.60082912445068,0,0
1596165447.8792226,212.40142822265625,0,0
1596165447.8892226,214.20018196105957,0,0
1596165447.8992226,216.00301265716553,0,0
1596165447.9092226,217.8018093109131,0,0
1596165447.9192226,219.60253715515137,0,0
1596165447.9292226,221.40094757080078,0,0
1596165447.9392226,223.2030487060547,0,0
1596165447.9492226,225.00240325927734,0,0
1596165447.9592226,226.80270195007324,0,0
1596165447.9692225,228.6013698577881,0,0
1596165447.9792225,230.40205478668213,0,0
1596165447.9892225,232.2009801864624,0,0
1596165447.9992225,234.00063514709473,0,0
1596165448.0092225,235.80183506011963,0,0
1596165448.0192225,237.60114669799805,0,0
1596165448.0292225,239.40165996551514,0,0
1596165448.0392225,241.20037078857422,0,0
1596165448.0492225,243.00320148468018,0,0
1596165448.0592225,244.8016119003296,0,0
1596165448.0692225,246.5998935699463,0,0
1596165448.0792224,248.399977684021,0,0
1596165448.0892224,250.20100593566895,0,0
1596165448.0992224,252.00053215026855,0,0
1596165448.1092224,253.80168914794922,0,0
1596165448.1192224,255.60035705566406,0,0
1596165448.1292224,257.40198612213135,0,0
1596165448.1392224,259.2012119293213,0,0
1596165448.1492224,261.0010814666748,0,0
1596165448.1592224,262.80077934265137,0,0
1596165448.1692224,264.6017646789551,0,0
1596165448.1792223,266.40081882476807,0,0
1596165448.1892223,268.20167541503906,0,0
1596165448.1992223,270.0022315979004,0,0
1596165448.2092223,271.8010711669922,0,0
1596165448.2192223,273.6000394821167,0,0
1596165448.2292223,275.4010248184204,0,0
1596165448.2392223,277.20149517059326,0,0
1596165448.2492223,279.00299549102783,0,0
1596165448.2592223,280.80132007598877,0,0
1596165448.2692223,282.60080337524414,0,0
1596165448.2792222,284.40144538879395,0,0
1596165448.2892222,286.2014865875244,0,0
1596165448.2992222,288.00294399261475,0,0
1596165448.3092222,289.802942276001,0,0
1596165448.3192222,291.6006660461426,0,0
1596165448.3292222,293.4018659591675,0,0
1596165448.3392222,295.20212173461914,0,0
1596165448.3492222,297.0023775100708,0,0
1596165448.3592222,298.8002300262451,0,0
1596165448.3692222,300.6017732620239,0,0
1596165448.3792222,302.4011707305908,0,0
1596165448.3892221,304.20228481292725,0,0
1596165448.3992221,306.0016393661499,0,0
1596165448.4092221,307.8002643585205,0,0
1596165448.419222,309.6014642715454,0,0
1596165448.429222,311.40081882476807,0,0
1596165448.439222,313.1997871398926,0,0
1596165448.449222,315.0021028518677,0,0
1596165448.459222,316.80012702941895,0,0
1596165448.469222,318.600811958313,0,0
1596165448.479222,320.40050983428955,0,0
1596165448.489222,322.2015380859375,0,0
1596165448.499222,324.00153636932373,0,0
1596165448.509222,325.8028221130371,0,0
1596165448.519222,327.60114669799805,0,0
1596165448.529222,329.39998626708984,0,0
1596165448.539222,331.20041370391846,0,0
1596165448.549222,333.0030298233032,0,0
1596165448.559222,334.8003673553467,0,0
1596165448.569222,336.6020393371582,0,0
1596165448.579222,338.40062141418457,0,0
1596165448.589222,340.19976139068604,0,0
1596165448.599222,342.0025062561035,0,0
1596165448.609222,343.80005836486816,0,0
1596165448.619222,345.602331161499,0,0
1596165448.629222,347.40108489990234,0,0
1596165448.639222,349.1997957229614,0,0
1596165448.649222,351.00022315979004,0,0
1596165448.659222,352.803053855896,0,0
1596165448.6692219,354.60052013397217,0,0
1596165448.6792219,356.40223503112793,0,0
1596165448.6892219,358.20197582244873,0,0
1596165448.6992326,360,0,1
1596165448.6992326,0,0,0
1596165448.7092326,1.800985336303711,0,0
1596165448.7192326,3.601713180541992,0,0
1596165448.7292325,5.402870178222656,0,0
1596165448.7392325,7.203254699707031,0,0
1596165448.7492325,9.003381729125977,0,0
1596165448.7592325,10.800418853759766,0,0
1596165448.7692325,12.601189613342285,0,0
1596165448.7792325,14.402303695678711,0,0
1596165448.7892325,16.200027465820312,0,0
1596165448.7992325,18.002471923828125,0,0
1596165448.8092325,19.801697731018066,0,0
1596165448.8192325,21.60010814666748,0,0
1596165448.8292325,23.400278091430664,0,0
1596165448.8392324,25.201821327209473,0,0
1596165448.8492324,27.000532150268555,0,0
1596165448.8592324,28.8021183013916,0,0
1596165448.8692324,30.601258277893066,0,0
1596165448.8792324,32.40262985229492,0,0
1596165448.8892324,34.2024564743042,0,0
1596165448.8992324,36.00146770477295,0,0
1596165448.9092324,37.80112266540527,0,0
1596165448.9192324,39.6016788482666,0,0
1596165448.9292324,41.400604248046875,0,0
1596165448.9392323,43.20141792297363,0,0
1596165448.9492323,45.00197410583496,0,0
1596165448.9592323,46.80218696594238,0,0
1596165448.9692323,48.60124111175537,0,0
1596165448.9792323,50.400681495666504,0,0
1596165448.9892323,52.202181816101074,0,0
1596165448.9992323,54.00110721588135,0,0
1596165449.0092323,55.80209255218506,0,0
1596165449.0192323,57.60307788848877,0,0
1596165449.0292323,59.402947425842285,0,0
1596165449.0392323,61.20110034942627,0,0
1596165449.0492322,63.00066947937012,0,0
1596165449.0592322,64.80071067810059,0,0
1596165449.0692322,66.60268306732178,0,0
1596165449.0792322,68.40272426605225,0,0
1596165449.0892322,70.20160675048828,0,0
1596165449.0992322,72.0012617111206,0,0
1596165449.1092322,73.80237579345703,0,0
1596165449.1192322,75.60108661651611,0,0
1596165449.1292322,77.40074157714844,0,0
1596165449.1392322,79.20318603515625,0,0
1596165449.1492321,81.0018539428711,0,0
1596165449.1592321,82.80210971832275,0,0
1596165449.1692321,84.60185050964355,0,0
1596165449.1792321,86.40133380889893,0,0
1596165449.189232,88.19995880126953,0,0
1596165449.199232,90.00064373016357,0,0
1596165449.209232,91.79995536804199,0,0
1596165449.219232,93.60141277313232,0,0
1596165449.229232,95.40093898773193,0,0
1596165449.239232,97.20046520233154,0,0
1596165449.249232,99.00024890899658,0,0
1596165449.259232,100.79994678497314,0,0
1596165449.269232,102.60114669799805,0,0
1596165449.279232,104.40243244171143,0,0
1596165449.289232,106.20208740234375,0,0
1596165449.299232,108.00238609313965,0,0
1596165449.309232,109.80075359344482,0,0
1596165449.319232,111.60126686096191,0,0
1596165449.329232,113.39993476867676,0,0
1596165449.339232,115.20293712615967,0,0
1596165449.349232,117.00100421905518,0,0
1596165449.359232,118.80048751831055,0,0
1596165449.369232,120.60057163238525,0,0
1596165449.379232,122.40044116973877,0,0
1596165449.389232,124.20001029968262,0,0
1596165449.399232,126.0016393661499,0,0
1596165449.409232,127.80279636383057,0,0
1596165449.419232,129.60159301757812,0,0
1596165449.429232,131.4007329940796,0,0
1596165449.4392319,133.2022762298584,0,0
1596165449.4492319,135.00163078308105,0,0
1596165449.4592319,136.799955368042,0,0
1596165449.4692318,138.6005973815918,0,0
1596165449.4792318,140.4024839401245,0,0
1596165449.4892318,142.20273971557617,0,0
1596165449.4992318,144.00325298309326,0,0
1596165449.5092318,145.8010196685791,0,0
1596165449.5192318,147.601318359375,0,0
1596165449.5292318,149.4002866744995,0,0
1596165449.5392318,151.2007999420166,0,0
1596165449.5492318,153.00092697143555,0,0
1596165449.5592318,154.80272769927979,0,0
1596165449.5692317,156.60268306732178,0,0
1596165449.5792317,158.40152263641357,0,0
1596165449.5892317,160.20079135894775,0,0
1596165449.5992317,162.0011329650879,0,0
1596165449.6092317,163.8032341003418,0,0
1596165449.6192317,165.60181617736816,0,0
1596165449.6292317,167.4014711380005,0,0
1596165449.6392317,169.20069694519043,0,0
1596165449.6492317,171.00189685821533,0,0
1596165449.6592317,172.80030727386475,0,0
1596165449.6692317,174.6023654937744,0,0
1596165449.6792316,176.40099048614502,0,0
1596165449.6892316,178.20111751556396,0,0
1596165449.6992316,180.00188827514648,0,0
1596165449.7092316,181.8017578125,0,0
1596165449.7192316,183.60312938690186,0,0
1596165449.7292316,185.40063858032227,0,0
1596165449.7392316,187.20256805419922,0,0
1596165449.7492316,189.00097846984863,0,0
1596165449.7592316,190.80196380615234,0,0
1596165449.7692316,192.60033130645752,0,0
1596165449.7792315,194.4023036956787,0,0
1596165449.7892315,196.20238780975342,0,0
1596165449.7992315,197.99981117248535,0,0
1596165449.8092315,199.8011827468872,0,0
1596165449.8192315,201.60276889801025,0,0
1596165449.8292315,203.39989185333252,0,0
1596165449.8392315,205.20126342773438,0,0
1596165449.8492315,207.0009183883667,0,0
1596165449.8592315,208.8030195236206,0,0
1596165449.8692315,210.60293197631836,0,0
1596165449.8792315,212.40026950836182,0,0
1596165449.8892314,214.20026779174805,0,0
1596165449.8992314,216.00048065185547,0,0
1596165449.9092314,217.8010368347168,0,0
1596165449.9192314,219.60107803344727,0,0
1596165449.9292314,221.40111923217773,0,0
1596165449.9392314,223.20055961608887,0,0
1596165449.9492314,225.00137329101562,0,0
1596165449.9592314,226.80132865905762,0,0
1596165449.9692314,228.60111236572266,0,0
1596165449.9792314,230.402569770813,0,0
1596165449.9892313,232.20196723937988,0,0
1596165449.9992313,234.0021800994873,0,0
1596165450.0092313,235.80093383789062,0,0
1596165450.0192313,237.60015964508057,0,0
1596165450.0292313,239.40234661102295,0,0
1596165450.0392313,241.20264530181885,0,0
1596165450.0492313,243.00169944763184,0,0
1596165450.0592313,244.80075359344482,0,0
1596165450.0692313,246.60306930541992,0,0
1596165450.0792313,248.39980602264404,0,0
1596165450.0892313,250.20259380340576,0,0
1596165450.0992312,252.0010471343994,0,0
1596165450.1092312,253.7999725341797,0,0
1596165450.1192312,255.60306072235107,0,0
1596165450.1292312,257.40177154541016,0,0
1596165450.1392312,259.20241355895996,0,0
1596165450.1492312,260.9999656677246,0,0
1596165450.1592312,262.80232429504395,0,0
1596165450.1692312,264.5998764038086,0,0
1596165450.1792312,266.4012050628662,0,0
1596165450.1892312,268.2003879547119,0,0
1596165450.1992311,270.00163078308105,0,0
1596165450.2092311,271.7997407913208,0,0
1596165450.2192311,273.60119819641113,0,0
1596165450.229231,275.40003776550293,0,0
1596165450.239231,277.20055103302,0,0
1596165450.249231,279.00145053863525,0,0
1596165450.259231,280.8010196685791,0,0
1596165450.269231,282.6026916503906,0,0
1596165450.279231,284.40011501312256,0,0
1596165450.289231,286.20187282562256,0,0
1596165450.299231,288.00285816192627,0,0
1596165450.309231,289.8029851913452,0,0
1596165450.319231,291.60062313079834,0,0
1596165450.329231,293.40002059936523,0,0
1596165450.339231,295.2002763748169,0,0
1596165450.349231,297.00220584869385,0,0
1596165450.359231,298.79980087280273,0,0
1596165450.369231,300.6012153625488,0,0
1596165450.379231,302.40108489990234,0,0
1596165450.389231,304.2021131515503,0,0
1596165450.399231,306.00133895874023,0,0
1596165450.409231,307.80073642730713,0,0
1596165450.419231,309.60052013397217,0,0
1596165450.429231,311.4018487930298,0,0
1596165450.439231,313.2016324996948,0,0
1596165450.449231,315.00094413757324,0,0
1596165450.459231,316.8012857437134,0,0
1596165450.469231,318.6025285720825,0,0
1596165450.4792309,320.4018831253052,0,0
1596165450.4892309,322.2008943557739,0,0
1596165450.4992309,324.0002489089966,0,0
1596165450.5092309,325.8011054992676,0,0
1596165450.5192308,327.6007604598999,0,0
1596165450.5292308,329.4002437591553,0,0
1596165450.5392308,331.2017869949341,0,0
1596165450.5492308,333.00285816192627,0,0
1596165450.5592308,334.80058193206787,0,0
1596165450.5692308,336.6029405593872,0,0
1596165450.5792308,338.4013080596924,0,0
1596165450.5892308,340.2027225494385,0,0
1596165450.5992308,342.00212001800537,0,0
1596165450.6092308,343.80091667175293,0,0
1596165450.6192307,345.60280323028564,0,0
1596165450.6292307,347.40121364593506,0,0
1596165450.6392307,349.1999673843384,0,0
1596165450.6492307,351.00133895874023,0,0
1596165450.6592307,352.80301094055176,0,0
1596165450.6692307,354.6022367477417,0,0
1596165450.6792307,356.40146255493164,0,0
1596165450.6892307,358.2025337219238,0,0
1596165450.6992497,360,0,1
1596165450.6992497,0,0,0
1596165450.7092497,1.8020153045654297,0,0
1596165450.7192497,3.6006832122802734,0,0
1596165450.7292497,5.400209426879883,0,0
1596165450.7392497,7.202010154724121,0,0
1596165450.7492497,9.00205135345459,0,0
1596165450.7592497,10.801920890808105,0,0
1596165450.7692497,12.601404190063477,0,0
1596165450.7792497,14.401617050170898,0,0
1596165450.7892497,16.201744079589844,0,0
1596165450.7992496,18.00281524658203,0,0
1596165450.8092496,19.801483154296875,0,0
1596165450.8192496,21.602296829223633,0,0
1596165450.8292496,23.401951789855957,0,0
1596165450.8392496,25.200448036193848,0,0
1596165450.8492496,27.001476287841797,0,0
1596165450.8592496,28.80091667175293,0,0
1596165450.8692496,30.600357055664062,0,0
1596165450.8792496,32.4015998840332,0,0
1596165450.8892496,34.20138359069824,0,0
1596165450.8992496,36.00198268890381,0,0
1596165450.9092495,37.80228137969971,0,0
1596165450.9192495,39.6007776260376,0,0
1596165450.9292495,41.40300750732422,0,0
1596165450.9392495,43.20154666900635,0,0
1596165450.9492495,45.002617835998535,0,0
1596165450.9592495,46.803131103515625,0,0
1596165450.9692495,48.60257148742676,0,0
1596165450.9792495,50.40098190307617,0,0
1596165450.9892495,52.20179557800293,0,0
1596165450.9992495,53.99999141693115,0,0
1596165451.0092494,55.80325126647949,0,0
1596165451.0192494,57.60149002075195,0,0
1596165451.0292494,59.40131664276123,0,0
1596165451.0392494,61.20182991027832,0,0
1596165451.0492494,63.002214431762695,0,0
1596165451.0592494,64.80058193206787,0,0
1596165451.0692494,66.60010814666748,0,0
1596165451.0792494,68.40246677398682,0,0
1596165451.0892494,70.19997596740723,0,0
1596165451.0992494,72.00310707092285,0,0
1596165451.1092494,73.80314826965332,0,0
1596165451.1192493,75.60233116149902,0,0
1596165451.1292493,77.40280151367188,0,0
1596165451.1392493,79.20082569122314,0,0
1596165451.1492493,80.99996566772461,0,0
1596165451.1592493,82.80133724212646,0,0
1596165451.1692493,84.60073471069336,0,0
1596165451.1792493,86.40103340148926,0,0
1596165451.1892493,88.20098876953125,0,0
1596165451.1992493,90.00308990478516,0,0
1596165451.2092493,91.80128574371338,0,0
1596165451.2192492,93.60064029693604,0,0
1596165451.2292492,95.40188312530518,0,0
1596165451.2392492,97.20076560974121,0,0
1596165451.2492492,98.99990558624268,0,0
1596165451.2592492,100.80144882202148,0,0
1596165451.2692492,102.60106086730957,0,0
1596165451.2792492,104.40097332000732,0,0
1596165451.2892492,106.20165824890137,0,0
1596165451.2992492,108.00041198730469,0,0
1596165451.3092492,109.80105400085449,0,0
1596165451.3192492,111.6014814376831,0,0
1596165451.3292491,113.40126514434814,0,0
1596165451.3392491,115.20323753356934,0,0
1596165451.3492491,117.00173377990723,0,0
1596165451.359249,118.80271911621094,0,0
1596165451.369249,120.6024169921875,0,0
1596165451.379249,122.40198612213135,0,0
1596165451.389249,124.20258522033691,0,0
1596165451.399249,126.00099563598633,0,0
1596165451.409249,127.80116558074951,0,0
1596165451.419249,129.60266590118408,0,0
1596165451.429249,131.40008926391602,0,0
1596165451.439249,133.20197582244873,0,0
1596165451.449249,135.0027894973755,0,0
1596165451.459249,136.80274486541748,0,0
1596165451.469249,138.60235691070557,0,0
1596165451.479249,140.402569770813,0,0
1596165451.489249,142.20295429229736,0,0
1596165451.499249,144.00265216827393,0,0
1596165451.509249,145.80183506011963,0,0
1596165451.519249,147.60226249694824,0,0
1596165451.529249,149.40213203430176,0,0
1596165451.539249,151.20007038116455,0,0
1596165451.549249,153.00195693969727,0,0
1596165451.559249,154.80096817016602,0,0
1596165451.569249,156.6031551361084,0,0
1596165451.579249,158.40087890625,0,0
1596165451.589249,160.2019500732422,0,0
1596165451.599249,162.00048923492432,0,0
1596165451.6092489,163.7998867034912,0,0
1596165451.6192489,165.60293197631836,0,0
1596165451.6292489,167.40052700042725,0,0
1596165451.6392488,169.2015552520752,0,0
1596165451.6492488,171.0019826889038,0,0
1596165451.6592488,172.80266761779785,0,0
1596165451.6692488,174.6025800704956,0,0
1596165451.6792488,176.40008926391602,0,0
1596165451.6892488,178.2003879547119,0,0
1596165451.6992488,180.00158786773682,0,0
1596165451.7092488,181.80184364318848,0,0
1596165451.7192488,183.59986782073975,0,0
1596165451.7292488,185.40128231048584,0,0
1596165451.7392488,187.20025062561035,0,0
1596165451.7492487,189.00226593017578,0,0
1596165451.7592487,190.80307960510254,0,0
1596165451.7692487,192.60011672973633,0,0
1596165451.7792487,194.40178871154785,0,0
1596165451.7892487,196.20037078857422,0,0
1596165451.7992487,198.00272941589355,0,0
1596165451.8092487,199.80165481567383,0,0
1596165451.8192487,201.60062313079834,0,0
1596165451.8292487,203.4001922607422,0,0
1596165451.8392487,205.2011775970459,0,0
1596165451.8492486,207.00229167938232,0,0
1596165451.8592486,208.8006591796875,0,0
1596165451.8692486,210.60160160064697,0,0
1596165451.8792486,212.3999261856079,0,0
1596165451.8892486,214.20232772827148,0,0
1596165451.8992486,216.0007381439209,0,0
1596165451.9092486,217.80056476593018,0,0
1596165451.9192486,219.60322380065918,0,0
1596165451.9292486,221.3998317718506,0,0
1596165451.9392486,223.20279121398926,0,0
1596165451.9492486,225.0005578994751,0,0
1596165451.9592485,226.80021286010742,0,0
1596165451.9692485,228.60132694244385,0,0
1596165451.9792485,230.40119647979736,0,0
1596165451.9892485,232.2026538848877,0,0
1596165451.9992485,234.0021800994873,0,0
