Type = DelayAdvance,Function = Wang Sync Simple,Refract = 0.1,Coupling Strength = 0.9,Start_phase = 90
Timestamp,Phase,Offset,Ping?
1595859149.0000234,90,0,0
1595859149.0100427,91.80192947387695,0.5,0
1595859149.0200462,93.60257148742676,0.5,0
1595859149.0300443,95.40222644805908,0.5,0
1595859149.0400345,97.20046520233154,0.5,0
1595859149.0500433,99.00205135345459,0.5,0
1595859149.060044,100.80217838287354,0.5,0
1595859149.0700383,102.60114669799805,0.5,0
1595859149.0800462,104.40256118774414,0.5,0
1595859149.090041,106.20161533355713,0.5,0
1595859149.100045,108.00234317779541,0.5,0
1595859149.1100492,109.80311393737793,0.5,0
1595859149.1200404,111.60152435302734,0.5,0
1595859149.1300426,113.40190887451172,0.5,0
1595859149.1400476,115.20280838012695,0.5,0
1595859149.1500368,117.00087547302246,0.5,0
1595859149.160033,118.80018711090088,0.5,0
1595859149.1700354,120.60061454772949,0.5,0
1595859149.1800354,122.40061283111572,0.5,0
1595859149.1900334,124.20026779174805,0.5,0
1595859149.200032,126.00000858306885,0.5,0
1595859149.2100432,127.80202388763428,0.5,0
1595859149.2200394,129.6013355255127,0.5,0
1595859149.2300444,131.40223503112793,0.5,0
1595859149.2400498,133.20322036743164,0.5,0
1595859149.250048,135.00287532806396,0.5,0
1595859149.2600346,136.80047035217285,0.5,0
1595859149.2700455,138.60244274139404,0.5,0
1595859149.2800486,140.40299892425537,0.5,0
1595859149.290043,142.20201015472412,0.5,0
1595859149.3000317,143.9999485015869,0.5,0
1595859149.3100467,145.80265045166016,0.5,0
1595859149.3200371,147.60093212127686,0.5,0
1595859149.3300464,149.40260410308838,0.5,0
1595859149.3400362,151.20075702667236,0.5,0
1595859149.3500464,153.00260066986084,0.5,0
1595859149.3600485,154.80298519134521,0.5,0
1595859149.3700492,156.60311222076416,0.5,0
1595859149.3800368,158.40087890625,0.5,0
1595859149.390037,160.20092010498047,0.5,0
1595859149.4000478,162.00284957885742,0.5,0
1595859149.410032,163.80001544952393,0.5,0
1595859149.4200432,165.60203075408936,0.5,0
1595859149.4300473,167.40275859832764,0.5,0
1595859149.4400446,169.20228481292725,0.5,0
1595859149.4500477,171.00284099578857,0.5,0
1595859149.4600503,172.80331134796143,0.5,0
1595859149.4700444,174.6022367477417,0.5,0
1595859149.4800386,176.4012050628662,0.5,0
1595859149.490047,178.20270538330078,0.5,0
1595859149.5000389,180.0012445449829,0.5,0
1595859149.5100398,181.8014144897461,0.5,0
1595859149.520043,183.60197067260742,0.5,0
1595859149.5300455,185.40244102478027,0.5,0
1595859149.540043,187.20201015472412,0.5,0
1595859149.5500438,189.00213718414307,0.5,0
1595859149.560037,190.8008909225464,0.5,0
1595859149.570034,192.60037422180176,0.5,0
1595859149.580037,194.4009304046631,0.5,0
1595859149.590042,196.20182991027832,0.5,0
1595859149.6000452,198.00238609313965,0.5,0
1595859149.610035,199.80053901672363,0.5,0
1595859149.6200483,201.6029405593872,0.5,0
1595859149.630037,203.40092182159424,0.5,0
1595859149.6400447,205.2022933959961,0.5,0
1595859149.6500497,207.00319290161133,0.5,0
1595859149.6600397,208.80138874053955,0.5,0
1595859149.670036,210.6007432937622,0.5,0
1595859149.6800423,212.40185737609863,0.5,0
1595859149.6900446,214.20228481292725,0.5,0
1595859149.7000313,215.99987983703613,0.5,0
1595859149.7100468,217.80266761779785,0.5,0
1595859149.7200444,219.6022367477417,0.5,0
1595859149.7300375,221.40099048614502,0.5,0
1595859149.7400448,223.20231914520264,0.5,0
1595859149.7500498,225.00321865081787,0.5,0
1595859149.7600386,226.8011999130249,0.5,0
1595859149.770036,228.6007261276245,0.5,0
1595859149.7800493,230.4031276702881,0.5,0
1595859149.790045,232.20235347747803,0.5,0
1595859149.800047,234.00269508361816,0.5,0
1595859149.8100495,235.80316543579102,0.5,0
1595859149.8200436,237.6020908355713,0.5,0
1595859149.8300426,239.40191745758057,0.5,0
1595859149.8400502,241.20328903198242,0.5,0
1595859149.8500473,243.0027723312378,0.5,0
1595859149.8600392,244.80131149291992,0.5,0
1595859149.8700407,246.60156726837158,0.5,0
1595859149.880035,248.4005355834961,0.5,0
1595859149.8900359,250.20070552825928,0.5,0
1595859149.9000454,252.00242042541504,0.5,0
1595859149.9100466,253.80263328552246,0.5,0
1595859149.920049,255.60306072235107,0.5,0
1595859149.9300342,257.40039825439453,0.5,0
1595859149.9400444,259.202241897583,0.5,0
1595859149.9500475,261.00279808044434,0.5,0
1595859149.9600432,262.8020238876343,0.5,0
1595859149.9700363,264.6007776260376,0.5,0
1595859149.980049,266.40305042266846,0.5,0
1595859149.9900444,268.20223331451416,0.5,0
1595859149.9988163,269.781174659729,0.5,0
1595859149.9988163,350.9781174659729,0.9510941267013551,0
1595859150.000049,351.20003271102905,0.9510941267013551,0
1595859150.0100474,352.9997305870056,0.9510941267013551,0
1595859150.020034,354.7973256111145,0.9510941267013551,0
1595859150.0300357,356.5976243019104,0.9510941267013551,0
1595859150.0400453,358.39933919906616,0.9510941267013551,0
1595859150.048954,360,0.9510941267013551,1
1595859150.048954,0,0,0
1595859150.0589619,1.8014144897460938,0,0
1595859150.0689719,3.603215217590332,0,0
1595859150.078954,5.399994850158691,0,0
1595859150.0889542,7.20003604888916,0,0
1595859150.0989647,9.001922607421875,0,0
1595859150.1089644,10.801877975463867,0,0
1595859150.1189632,12.601661682128906,0,0
1595859150.1289651,14.402003288269043,0,0
1595859150.1389706,16.202988624572754,0,0
1595859150.1489701,18.002901077270508,0,0
1595859150.158971,19.80307102203369,0,0
1595859150.168968,21.602511405944824,0,0
1595859150.178969,23.402681350708008,0,0
1595859150.188956,25.20036220550537,0,0
1595859150.1989667,27.002291679382324,0,0
1595859150.2089584,28.800787925720215,0,0
1595859150.2189555,30.600271224975586,0,0
1595859150.2289634,32.40168571472168,0,0
1595859150.2389562,34.20039653778076,0,0
1595859150.248961,36.00125312805176,0,0
1595859150.2589576,37.80065059661865,0,0
1595859150.2689588,39.600863456726074,0,0
1595859150.2789576,41.40064716339111,0,0
1595859150.2889702,43.20291996002197,0,0
1595859150.2989564,45.00042915344238,0,0
1595859150.308966,46.802144050598145,0,0
1595859150.3189545,48.60008239746094,0,0
1595859150.3289688,50.402655601501465,0,0
1595859150.338964,52.20179557800293,0,0
1595859150.3489714,54.00312423706055,0,0
1595859150.3589687,55.802650451660156,0,0
1595859150.3689644,57.6018762588501,0,0
1595859150.3789716,59.40316200256348,0,0
1595859150.3889637,61.201744079589844,0,0
1595859150.3989553,63.000240325927734,0,0
1595859150.4089699,64.8028564453125,0,0
1595859150.41896,66.60109519958496,0,0
1595859150.428972,68.4032392501831,0,0
1595859150.4389722,70.20328044891357,0,0
1595859150.448968,72.00250625610352,0,0
1595859150.4589705,73.80297660827637,0,0
1595859150.4689536,75.59992790222168,0,0
1595859150.4789627,77.40155696868896,0,0
1595859150.488965,79.20198440551758,0,0
1595859150.4989579,81.00069522857666,0,0
1595859150.508969,82.80271053314209,0,0
1595859150.518955,84.60017681121826,0,0
1595859150.5289626,86.40154838562012,0,0
1595859150.5389624,88.20150375366211,0,0
1595859150.5489655,90.00205993652344,0,0
1595859150.558961,91.80124282836914,0,0
1595859150.5689552,93.60021114349365,0,0
1595859150.5789688,95.40265560150146,0,0
1595859150.5889602,97.20110893249512,0,0
1595859150.5989652,99.00200843811035,0,0
1595859150.6089609,100.8012342453003,0,0
1595859150.6189668,102.60230541229248,0,0
1595859150.6289566,104.40045833587646,0,0
1595859150.638955,106.20019912719727,0,0
1595859150.6489682,108.0025577545166,0,0
1595859150.6589663,109.80221271514893,0,0
1595859150.668972,111.60324096679688,0,0
1595859150.678965,113.4019947052002,0,0
1595859150.6889577,115.20066261291504,0,0
1595859150.6989565,117.00044631958008,0,0
1595859150.7089663,118.80220413208008,0,0
1595859150.7189631,120.60164451599121,0,0
1595859150.7289677,122.40245819091797,0,0
1595859150.7389646,124.2018985748291,0,0
1595859150.7489614,126.00133895874023,0,0
1595859150.7589703,127.80292510986328,0,0
1595859150.7689564,129.6004343032837,0,0
1595859150.7789626,131.40154838562012,0,0
1595859150.788968,133.20253372192383,0,0
1595859150.7989655,135.00205993652344,0,0
1595859150.808958,136.80072784423828,0,0
1595859150.8189716,138.6031723022461,0,0
1595859150.8289564,140.40042400360107,0,0
1595859150.838968,142.20252513885498,0,0
1595859150.8489554,144.00024890899658,0,0
1595859150.8589609,145.8012342453003,0,0
1595859150.8689651,147.6020050048828,0,0
1595859150.8789558,149.40032958984375,0,0
1595859150.888972,151.20324611663818,0,0
1595859150.8989587,153.00084114074707,0,0
1595859150.9089575,154.8006248474121,0,0
1595859150.9189703,156.6029405593872,0,0
1595859150.9289668,158.40229511260986,0,0
1595859150.9389586,160.200834274292,0,0
1595859150.9489706,162.00297832489014,0,0
1595859150.9589577,163.8006591796875,0,0
1595859150.9689643,165.6018590927124,0,0
1595859150.9789672,167.4023723602295,0,0
1595859150.9889665,169.202241897583,0,0
1595859150.9989583,171.00078105926514,0,0
1595859151.0089712,172.80309677124023,0,0
1595859151.0189602,174.6011209487915,0,0
1595859151.0289648,176.40193462371826,0,0
1595859151.03897,178.20287704467773,0,0
1595859151.0489707,180.00300407409668,0,0
1595859151.0589547,181.80012702941895,0,0
1595859151.068958,183.6007261276245,0,0
1595859151.078959,185.4008960723877,0,0
1595859151.088955,187.20016479492188,0,0
1595859151.0989695,189.00278091430664,0,0
1595859151.1089547,190.8001184463501,0,0
1595859151.1189604,192.60114669799805,0,0
1595859151.128962,194.40144538879395,0,0
1595859151.1389608,196.20122909545898,0,0
1595859151.148968,198.00251483917236,0,0
1595859151.1589587,199.8008394241333,0,0
1595859151.1689692,201.60272598266602,0,0
1595859151.1789596,203.40100765228271,0,0
1595859151.18897,205.20289421081543,0,0
1595859151.1989605,207.00117588043213,0,0
1595859151.2089665,208.80224704742432,0,0
1595859151.2189546,210.60009956359863,0,0
1595859151.2289634,212.40168571472168,0,0
1595859151.2389555,214.20026779174805,0,0
1595859151.2489598,216.00103855133057,0,0
1595859151.2589693,217.80275344848633,0,0
1595859151.2689528,219.59979057312012,0,0
1595859151.2789686,221.40262126922607,0,0
1595859151.2889643,223.20184707641602,0,0
1595859151.2989686,225.00261783599854,0,0
1595859151.3089664,226.80222988128662,0,0
1595859151.3189578,228.60068321228027,0,0
1595859151.3289554,230.40025234222412,0,0
1595859151.33897,232.2028684616089,0,0
1595859151.3489707,234.00299549102783,0,0
1595859151.3589585,235.8008050918579,0,0
1595859151.3689537,237.59994506835938,0,0
1595859151.3789606,239.40118789672852,0,0
1595859151.3889582,241.20075702667236,0,0
1595859151.398967,243.0023431777954,0,0
1595859151.4089556,244.8002815246582,0,0
1595859151.4189622,246.6014814376831,0,0
1595859151.428965,248.4019947052002,0,0
1595859151.43896,250.20109176635742,0,0
1595859151.4489584,252.00078964233398,0,0
1595859151.4589531,253.79984378814697,0,0
1595859151.4689603,255.60112953186035,0,0
1595859151.4789588,257.40087032318115,0,0
1595859151.4889615,259.201340675354,0,0
1595859151.4989645,261.00189685821533,0,0
1595859151.5089538,262.79996395111084,0,0
1595859151.5189657,264.602108001709,0,0
1595859151.5289671,266.40236377716064,0,0
1595859151.538955,268.2001733779907,0,0
1595859151.5489686,270.00261783599854,0,0
1595859151.5589638,271.8017578125,0,0
1595859151.5689666,273.6022710800171,0,0
1595859151.578957,275.4005527496338,0,0
1595859151.5889528,277.19977855682373,0,0
1595859151.5989661,279.0021800994873,0,0
1595859151.6089654,280.8020496368408,0,0
1595859151.6189535,282.59990215301514,0,0
1595859151.6289594,284.4009733200073,0,0
1595859151.63896,286.20105743408203,0,0
1595859151.6489677,288.0024719238281,0,0
1595859151.6589618,289.8013973236084,0,0
1595859151.6689656,291.60208225250244,0,0
1595859151.6789637,293.40173721313477,0,0
1595859151.6889577,295.20066261291504,0,0
1595859151.698962,297.00143337249756,0,0
1595859151.7089524,298.79971504211426,0,0
1595859151.7189636,300.6017303466797,0,0
1595859151.7289526,302.39975452423096,0,0
1595859151.7389565,304.200439453125,0,0
1595859151.7489548,306.00013732910156,0,0
1595859151.7589653,307.8020238876343,0,0
1595859151.7689557,309.600305557251,0,0
1595859151.7789524,311.39970302581787,0,0
1595859151.7889686,313.2026195526123,0,0
1595859151.798966,315.0021457672119,0,0
1595859151.8089664,316.8022298812866,0,0
1595859151.8189602,318.60111236572266,0,0
1595859151.82896,320.40106773376465,0,0
1595859151.8389566,322.20046520233154,0,0
1595859151.8489535,323.9999055862427,0,0
1595859151.858969,325.8026933670044,0,0
1595859151.868961,327.60127544403076,0,0
1595859151.878953,329.3998146057129,0,0
1595859151.8889678,331.2024736404419,0,0
1595859151.898965,333.00195693969727,0,0
1595859151.9089665,334.80225563049316,0,0
1595859151.9189572,336.6005802154541,0,0
1595859151.9289536,338.39993476867676,0,0
1595859151.9389527,340.19976139068604,0,0
1595859151.948961,342.0012617111206,0,0
1595859151.9589653,343.8020324707031,0,0
1595859151.9689546,345.60009956359863,0,0
1595859151.978962,347.40142822265625,0,0
1595859151.988958,349.20069694519043,0,0
1595859151.9989321,350.9960603713989,0,0
1595859151.9989321,359.0996060371399,0.045019698143005375,0
1595859151.9990804,359.1262993812561,0.045019698143005375,0
1595859152.0039444,360,0.045019698143005375,1
1595859152.0039444,0,0,0
1595859152.0139546,1.8018436431884766,0,0
1595859152.0239627,3.6033010482788086,0,0
1595859152.033957,5.40226936340332,0,0
1595859152.043959,7.202610969543457,0,0
1595859152.0539634,9.003424644470215,0,0
1595859152.0639553,10.801963806152344,0,0
1595859152.0739584,12.602519989013672,0,0
1595859152.0839589,14.402604103088379,0,0
1595859152.093961,16.202988624572754,0,0
1595859152.103961,18.002986907958984,0,0
1595859152.1139624,19.803242683410645,0,0
1595859152.1239622,21.603198051452637,0,0
1595859152.133947,23.400449752807617,0,0
1595859152.143948,25.20066261291504,0,0
1595859152.1539443,26.999974250793457,0,0
1595859152.163956,28.802075386047363,0,0
1595859152.1739485,30.600743293762207,0,0
1595859152.1839626,32.403273582458496,0,0
1595859152.1939492,34.20086860656738,0,0
1595859152.2039583,36.00249767303467,0,0
1595859152.2139556,37.80202388763428,0,0
1595859152.223952,39.601378440856934,0,0
1595859152.2339523,41.4014196395874,0,0
1595859152.2439563,43.202147483825684,0,0
1595859152.2539456,45.00021457672119,0,0
1595859152.2639632,46.803388595581055,0,0
1595859152.2739618,48.603129386901855,0,0
1595859152.2839634,50.403428077697754,0,0
1595859152.2939522,52.201409339904785,0,0
1595859152.3039572,54.00230884552002,0,0
1595859152.313961,55.80299377441406,0,0
1595859152.3239577,57.60239124298096,0,0
1595859152.333951,59.401187896728516,0,0
1595859152.3439445,61.20002746582031,0,0
1595859152.353949,63.00084114074707,0,0
1595859152.3639505,64.80109691619873,0,0
1595859152.3739574,66.60233974456787,0,0
1595859152.383955,68.40190887451172,0,0
1595859152.3939588,70.20259380340576,0,0
1595859152.4039526,72.0014762878418,0,0
1595859152.413961,73.80297660827637,0,0
1595859152.4239545,75.60181617736816,0,0
1595859152.4339514,77.4012565612793,0,0
1595859152.4439557,79.20202732086182,0,0
1595859152.453956,81.00206851959229,0,0
1595859152.4639518,82.80133724212646,0,0
1595859152.4739537,84.6016788482666,0,0
1595859152.4839444,86.40000343322754,0,0
1595859152.49395,88.20098876953125,0,0
1595859152.503963,90.00334739685059,0,0
1595859152.513959,91.80261611938477,0,0
1595859152.5239613,93.60304355621338,0,0
1595859152.5339453,95.40016651153564,0,0
1595859152.5439615,97.20308303833008,0,0
1595859152.5539496,99.0009355545044,0,0
1595859152.5639439,100.7999038696289,0,0
1595859152.573954,102.60174751281738,0,0
1595859152.5839603,104.40286159515381,0,0
1595859152.5939507,106.20114326477051,0,0
1595859152.603956,108.00208568572998,0,0
1595859152.61396,109.80281352996826,0,0
1595859152.6239533,111.60161018371582,0,0
1595859152.6339521,113.40139389038086,0,0
1595859152.6439612,115.20302295684814,0,0
1595859152.6539588,117.00259208679199,0,0
1595859152.6639528,118.80151748657227,0,0
1595859152.673945,120.60009956359863,0,0
1595859152.6839437,122.39988327026367,0,0
1595859152.6939461,124.20031070709229,0,0
1595859152.7039487,126.00078105926514,0,0
1595859152.7139585,127.80253887176514,0,0
1595859152.7239497,129.60094928741455,0,0
1595859152.733962,131.40317916870117,0,0
1595859152.7439563,133.20214748382568,0,0
1595859152.7539585,135.00253200531006,0,0
1595859152.763944,136.79991245269775,0,0
1595859152.7739558,138.6020565032959,0,0
1595859152.7839541,140.40175437927246,0,0
1595859152.7939603,142.2028684616089,0,0
1595859152.8039544,144.00179386138916,0,0
1595859152.8139455,145.80020427703857,0,0
1595859152.823956,147.6020908355713,0,0
1595859152.83395,149.40101623535156,0,0
1595859152.8439474,151.20054244995117,0,0
1595859152.8539464,153.00036907196045,0,0
1595859152.8639598,154.80277061462402,0,0
1595859152.8739464,156.6003656387329,0,0
1595859152.8839452,158.40014934539795,0,0
1595859152.8939505,160.20109176635742,0,0
1595859152.903947,162.00048923492432,0,0
1595859152.9139538,163.80168914794922,0,0
1595859152.9239457,165.60022830963135,0,0
1595859152.9339547,167.40185737609863,0,0
1595859152.9439445,169.20001029968262,0,0
1595859152.95396,171.00279808044434,0,0
1595859152.963961,172.80296802520752,0,0
1595859152.9739592,174.60266590118408,0,0
1595859152.9839568,176.40223503112793,0,0
1595859152.9939625,178.20326328277588,0,0
1595859153.0039458,180.00025749206543,0,0
1595859153.013956,181.8021011352539,0,0
1595859153.0239482,183.60068321228027,0,0
1595859153.033956,185.40209770202637,0,0
1595859153.043946,187.2002935409546,0,0
1595859153.0539443,188.99999141693115,0,0
1595859153.0639608,190.80295085906982,0,0
1595859153.073958,192.6024341583252,0,0
1595859153.0839467,194.40041542053223,0,0
1595859153.0939498,196.20097160339355,0,0
1595859153.1039524,198.0014419555664,0,0
1595859153.1139503,199.8010540008545,0,0
1595859153.1239614,201.60306930541992,0,0
1595859153.133945,203.4001064300537,0,0
1595859153.143946,205.2002763748169,0,0
1595859153.1539457,207.0002317428589,0,0
1595859153.1639564,208.80216121673584,0,0
1595859153.1739542,210.60177326202393,0,0
1595859153.1839535,212.40164279937744,0,0
1595859153.1939485,214.20073986053467,0,0
1595859153.203949,216.00082397460938,0,0
1595859153.21396,217.80279636383057,0,0
1595859153.2239547,219.60185050964355,0,0
1595859153.233958,221.40244960784912,0,0
1595859153.2439516,223.20128917694092,0,0
1595859153.2539597,225.00274658203125,0,0
1595859153.2639499,226.8009853363037,0,0
1595859153.2739487,228.60076904296875,0,0
1595859153.2839513,230.4012393951416,0,0
1595859153.2939572,232.2023105621338,0,0
1595859153.3039515,234.0012788772583,0,0
1595859153.3139617,235.80312252044678,0,0
1595859153.3239586,237.6025629043579,0,0
1595859153.3339522,239.4014024734497,0,0
1595859153.343955,241.2019157409668,0,0
1595859153.3539438,242.99989700317383,0,0
1595859153.363957,244.80225563049316,0,0
1595859153.3739493,246.60088062286377,0,0
1595859153.3839462,248.4003210067749,0,0
1595859153.3939536,250.20164966583252,0,0
1595859153.4039464,252.0003604888916,0,0
1595859153.4139585,253.80254745483398,0,0
1595859153.4239457,255.60022830963135,0,0
1595859153.4339533,257.4015998840332,0,0
1595859153.4439516,259.20129776000977,0,0
1595859153.4539573,261.0023260116577,0,0
1595859153.4639597,262.8027534484863,0,0
1595859153.473948,264.6006488800049,0,0
1595859153.4839535,266.4016342163086,0,0
1595859153.4939559,268.2020616531372,0,0
1595859153.503961,270.0030040740967,0,0
1595859153.5139465,271.8003845214844,0,0
1595859153.523944,273.599910736084,0,0
1595859153.533961,275.40299892425537,0,0
1595859153.5439467,277.2004222869873,0,0
1595859153.5539608,279.0029525756836,0,0
1595859153.5639467,280.80041885375977,0,0
1595859153.5739603,282.6028633117676,0,0
1595859153.5839515,284.401273727417,0,0
1595859153.5939584,286.20251655578613,0,0
1595859153.6039436,287.9998540878296,0,0
1595859153.6139524,289.80144023895264,0,0
1595859153.6239498,291.60096645355225,0,0
1595859153.633956,293.4020805358887,0,0
1595859153.6439483,295.2007055282593,0,0
1595859153.653954,297.0017337799072,0,0
1595859153.663947,298.80048751831055,0,0
1595859153.6739452,300.60014247894287,0,0
1595859153.6839583,302.4025011062622,0,0
1595859153.6939583,304.20249938964844,0,0
1595859153.7039478,306.0006093978882,0,0
1595859153.7139454,307.80017852783203,0,0
1595859153.7239478,309.60060596466064,0,0
1595859153.7339525,311.40146255493164,0,0
1595859153.7439547,313.201847076416,0,0
1595859153.753944,314.9999141693115,0,0
1595859153.7639441,316.799955368042,0,0
1595859153.773943,318.59973907470703,0,0
1595859153.7839494,320.4008960723877,0,0
1595859153.7939494,322.2008943557739,0,0
1595859153.8039606,324.00290966033936,0,0
1595859153.8139532,325.8015775680542,0,0
1595859153.823955,327.60191917419434,0,0
1595859153.8339546,329.4018316268921,0,0
1595859153.843945,331.2001132965088,0,0
1595859153.8539479,333.0006265640259,0,0
1595859153.8639576,334.8023843765259,0,0
1595859153.8739548,336.60186767578125,0,0
1595859153.8839571,338.40229511260986,0,0
1595859153.8939505,340.2010917663574,0,0
1595859153.903954,342.0017337799072,0,0
1595859153.9139452,343.80014419555664,0,0
1595859153.9239557,345.60203075408936,0,0
1595859153.9339573,347.40232944488525,0,0
1595859153.943958,349.2024564743042,0,0
1595859153.953947,351.00048065185547,0,0
1595859153.9639516,352.8012943267822,0,0
1595859153.9739425,354.5996618270874,0,0
1595859153.9839525,356.40146255493164,0,0
1595859153.9939575,358.2023620605469,0,0
1595859153.999023,359.1141414642334,0,0
1595859153.999023,359.91141414642334,0.004429292678833008,0
1595859153.9995313,360,0.004429292678833008,1
1595859153.9995313,0,0,0
1595859154.009543,1.8021011352539062,0,0
1595859154.0195408,3.601713180541992,0,0
1595859154.0295408,5.401711463928223,0,0
1595859154.0395355,7.200765609741211,0,0
1595859154.04954,9.001579284667969,0,0
1595859154.05955,10.803380012512207,0,0
1595859154.0695422,12.601962089538574,0,0
1595859154.0795386,14.40131664276123,0,0
1595859154.0895383,16.201272010803223,0,0
1595859154.0995393,18.001441955566406,0,0
1595859154.1095357,19.800796508789062,0,0
1595859154.1195438,21.602253913879395,0,0
1595859154.1295407,23.401694297790527,0,0
1595859154.1395423,25.201992988586426,0,0
1595859154.1495454,27.002549171447754,0,0
1595859154.1595457,28.802590370178223,0,0
1595859154.1695375,30.60112953186035,0,0
1595859154.1795325,32.40022659301758,0,0
1595859154.1895375,34.20112609863281,0,0
1595859154.1995451,36.00249767303467,0,0
1595859154.2095466,37.80275344848633,0,0
1595859154.2195492,39.60322380065918,0,0
1595859154.229543,41.402106285095215,0,0
1595859154.2395463,43.20270538330078,0,0
1595859154.2495368,45.00098705291748,0,0
1595859154.2595341,46.80051326751709,0,0
1595859154.2695386,48.60132694244385,0,0
1595859154.2795484,50.40308475494385,0,0
1595859154.2895453,52.20252513885498,0,0
1595859154.29955,54.00338172912598,0,0
1595859154.3095458,55.80260753631592,0,0
1595859154.3195465,57.60273456573486,0,0
1595859154.3295484,59.403076171875,0,0
1595859154.3395348,61.20062828063965,0,0
1595859154.3495445,63.00238609313965,0,0
1595859154.3595462,64.80268478393555,0,0
1595859154.3695378,66.60118103027344,0,0
1595859154.379547,68.40285301208496,0,0
1595859154.3895316,70.2000617980957,0,0
1595859154.3995364,72.0009183883667,0,0
1595859154.4095354,73.80074501037598,0,0
1595859154.419544,75.60228824615479,0,0
1595859154.4295375,77.40112781524658,0,0
1595859154.4395494,79.20327186584473,0,0
1595859154.449535,81.00065231323242,0,0
1595859154.4595454,82.80253887176514,0,0
1595859154.4695375,84.6011209487915,0,0
1595859154.4795384,86.40129089355469,0,0
1595859154.489543,88.20210456848145,0,0
1595859154.4995353,90.00072956085205,0,0
1595859154.5095448,91.80244445800781,0,0
1595859154.5195441,93.60231399536133,0,0
1595859154.529549,95.40317058563232,0,0
1595859154.5395443,97.20235347747803,0,0
1595859154.5495355,99.00076389312744,0,0
1595859154.5595446,100.80239295959473,0,0
1595859154.5695403,102.60161876678467,0,0
1595859154.5795374,104.40110206604004,0,0
1595859154.5895362,106.20088577270508,0,0
1595859154.599544,108.00230026245117,0,0
1595859154.6095462,109.80268478393555,0,0
1595859154.6195412,111.60178184509277,0,0
1595859154.629545,113.40246677398682,0,0
1595859154.6395452,115.20250797271729,0,0
1595859154.649531,116.99993133544922,0,0
1595859154.659548,118.8030195236206,0,0
1595859154.6695454,120.60254573822021,0,0
1595859154.6795492,122.40323066711426,0,0
1595859154.689534,124.20048236846924,0,0
1595859154.6995437,126.00224018096924,0,0
1595859154.7095387,127.80133724212646,0,0
1595859154.719541,129.60176467895508,0,0
1595859154.7295399,131.40154838562012,0,0
1595859154.7395492,133.20322036743164,0,0
1595859154.7495368,135.00098705291748,0,0
1595859154.759542,136.80192947387695,0,0
1595859154.76954,138.60158443450928,0,0
1595859154.779533,140.40029525756836,0,0
1595859154.789533,142.2002935409546,0,0
1595859154.7995384,144.0012788772583,0,0
1595859154.8095462,145.8026933670044,0,0
1595859154.8195484,147.60307788848877,0,0
1595859154.8295345,149.40058708190918,0,0
1595859154.8395395,151.2014865875244,0,0
1595859154.8495412,153.0017852783203,0,0
1595859154.8595414,154.80182647705078,0,0
1595859154.8695395,156.6014814376831,0,0
1595859154.8795378,158.40117931365967,0,0
1595859154.8895454,160.20255088806152,0,0
1595859154.8995454,162.00254917144775,0,0
1595859154.909539,163.80138874053955,0,0
1595859154.9195337,165.60044288635254,0,0
1595859154.9295304,167.39984035491943,0,0
1595859154.9395452,169.20249938964844,0,0
1595859154.9495306,170.99987983703613,0,0
1595859154.959543,172.80210971832275,0,0
1595859154.9695408,174.60172176361084,0,0
1595859154.9795377,176.40116214752197,0,0
1595859154.9895387,178.20133209228516,0,0
1595859154.9995363,180.000901222229,0,0
1595859155.0095456,181.80257320404053,0,0
1595859155.01954,183.60158443450928,0,0
1595859155.0295396,185.40149688720703,0,0
1595859155.039547,187.20282554626465,0,0
1595859155.0495448,189.00243759155273,0,0
1595859155.0595484,190.80307960510254,0,0
1595859155.0695355,192.6007604598999,0,0
1595859155.0795438,194.40226078033447,0,0
1595859155.0895329,196.20028495788574,0,0
1595859155.0995495,198.00328731536865,0,0
1595859155.109537,199.80101108551025,0,0
1595859155.1195436,201.60221099853516,0,0
1595859155.129549,203.40319633483887,0,0
1595859155.1395452,205.20250797271729,0,0
1595859155.1495333,207.0003604888916,0,0
1595859155.1595356,208.80078792572021,0,0
1595859155.1695352,210.60070037841797,0,0
1595859155.1795344,212.40056991577148,0,0
1595859155.1895342,214.20052528381348,0,0
1595859155.199548,216.00301265716553,0,0
1595859155.2095413,217.8018093109131,0,0
1595859155.2195432,219.60215091705322,0,0
1595859155.229548,221.40300750732422,0,0
1595859155.239536,223.20086002349854,0,0
1595859155.2495368,225.00098705291748,0,0
1595859155.2595417,226.80188655853271,0,0
1595859155.2695472,228.60287189483643,0,0
1595859155.2795424,230.4020118713379,0,0
1595859155.2895455,232.20256805419922,0,0
1595859155.2995474,234.00290966033936,0,0
1595859155.309537,235.8010196685791,0,0
1595859155.3195374,237.6011037826538,0,0
1595859155.329543,239.40213203430176,0,0
1595859155.3395455,241.20255947113037,0,0
1595859155.3495395,243.00148487091064,0,0
1595859155.3595471,244.8028564453125,0,0
1595859155.3695428,246.60208225250244,0,0
1595859155.3795428,248.40208053588867,0,0
1595859155.3895395,250.20147800445557,0,0
1595859155.3995342,252.00053215026855,0,0
1595859155.4095352,253.80070209503174,0,0
1595859155.4195385,255.6013011932373,0,0
1595859155.4295464,257.4027156829834,0,0
1595859155.439538,259.2012119293213,0,0
1595859155.4495416,261.0018539428711,0,0
1595859155.4595413,262.8018093109131,0,0
1595859155.4695346,264.60060596466064,0,0
1595859155.4795468,266.402792930603,0,0
1595859155.4895382,268.2012462615967,0,0
1595859155.4995456,270.0025749206543,0,0
1595859155.5095444,271.80235862731934,0,0
1595859155.5195365,273.6009407043457,0,0
1595859155.5295432,275.4021406173706,0,0
1595859155.5395355,277.2007656097412,0,0
1595859155.5495365,279.0009355545044,0,0
1595859155.5595353,280.80071926116943,0,0
1595859155.5695438,282.60226249694824,0,0
1595859155.5795307,284.39990043640137,0,0
1595859155.5895314,286.2000274658203,0,0
1595859155.5995378,288.001184463501,0,0
1595859155.609547,289.80281352996826,0,0
1595859155.6195428,291.60208225250244,0,0
1595859155.6295311,293.399977684021,0,0
1595859155.639547,295.2028512954712,0,0
1595859155.6495311,296.99997425079346,0,0
1595859155.6595418,298.8019037246704,0,0
1595859155.6695478,300.6029748916626,0,0
1595859155.6795378,302.4011707305908,0,0
1595859155.689537,304.20104026794434,0,0
1595859155.6995354,306.0007381439209,0,0
1595859155.7095325,307.80022144317627,0,0
1595859155.7195442,309.6023225784302,0,0
1595859155.7295444,311.40236377716064,0,0
1595859155.739534,313.2004737854004,0,0
1595859155.749535,315.0006866455078,0,0
1595859155.759543,316.8021011352539,0,0
1595859155.7695465,318.6027431488037,0,0
1595859155.7795398,320.40153980255127,0,0
1595859155.78954,322.20158100128174,0,0
1595859155.7995453,324.0025234222412,0,0
1595859155.8095448,325.80243587493896,0,0
1595859155.8195455,327.6025629043579,0,0
1595859155.8295445,329.4023895263672,0,0
1595859155.8395464,331.2027311325073,0,0
1595859155.8495395,333.00148487091064,0,0
1595859155.8595421,334.8019552230835,0,0
1595859155.8695483,336.6030693054199,0,0
1595859155.8795307,338.3998918533325,0,0
1595859155.8895345,340.20057678222656,0,0
1595859155.8995473,342.00289249420166,0,0
1595859155.9095335,343.80040168762207,0,0
1595859155.919543,345.60211658477783,0,0
1595859155.9295313,347.4000120162964,0,0
1595859155.939533,349.2003107070923,0,0
1595859155.9495475,351.00292682647705,0,0
1595859155.9595413,352.8018093109131,0,0
1595859155.9695463,354.6027088165283,0,0
1595859155.9795415,356.4018487930298,0,0
1595859155.989537,358.2010316848755,0,0
1595859155.99914,359.929575920105,0,0
1595859155.99914,359.9929575920105,0.0003521203994750977,0
1595859155.9992535,360,0.0003521203994750977,1
1595859155.9992535,0,0,0
1595859156.009269,1.8027877807617188,0,0
1595859156.0192711,3.6031723022460938,0,0
1595859156.0292544,5.4001665115356445,0,0
1595859156.0392663,7.202310562133789,0,0
1595859156.0492587,9.000935554504395,0,0
1595859156.059261,10.801362991333008,0,0
1595859156.0692708,12.603120803833008,0,0
1595859156.0792687,14.402732849121094,0,0
1595859156.0892642,16.201915740966797,0,0
1595859156.0992665,18.00234317779541,0,0
1595859156.1092696,19.80289936065674,0,0
1595859156.1192634,21.601781845092773,0,0
1595859156.1292672,23.402466773986816,0,0
1595859156.139261,25.20134925842285,0,0
1595859156.1492686,27.002720832824707,0,0
1595859156.1592538,28.800058364868164,0,0
1595859156.1692724,30.60340404510498,0,0
1595859156.1792672,32.40245819091797,0,0
1595859156.1892629,34.20168399810791,0,0
1595859156.199265,36.002068519592285,0,0
1595859156.2092671,37.80245304107666,0,0
1595859156.2192607,39.60129261016846,0,0
1595859156.22927,41.40296459197998,0,0
1595859156.2392547,43.20021629333496,0,0
1595859156.249254,45.00008583068848,0,0
1595859156.2592685,46.80270195007324,0,0
1595859156.2692573,48.60068321228027,0,0
1595859156.2792578,50.40076732635498,0,0
1595859156.2892542,52.20012187957764,0,0
1595859156.29926,54.001150131225586,0,0
1595859156.3092675,55.80252170562744,0,0
1595859156.3192635,57.60179042816162,0,0
1595859156.3292582,59.40084457397461,0,0
1595859156.3392656,61.20217323303223,0,0
1595859156.3492596,63.0010986328125,0,0
1595859156.3592694,64.8028564453125,0,0
1595859156.3692534,66.59997940063477,0,0
1595859156.379267,68.40242385864258,0,0
1595859156.3892658,70.20220756530762,0,0
1595859156.3992717,72.0032787322998,0,0
1595859156.4092705,73.80306243896484,0,0
1595859156.4192607,75.6013011932373,0,0
1595859156.429255,77.40026950836182,0,0
1595859156.4392655,79.20215606689453,0,0
1595859156.449262,81.00151062011719,0,0
1595859156.459265,82.80206680297852,0,0
1595859156.4692688,84.60275173187256,0,0
1595859156.4792712,86.40317916870117,0,0
1595859156.4892554,88.20034503936768,0,0
1595859156.4992664,90.00231742858887,0,0
1595859156.509272,91.80334568023682,0,0
1595859156.5192688,93.60274314880371,0,0
1595859156.5292678,95.40256977081299,0,0
1595859156.5392594,97.20106601715088,0,0
1595859156.5492554,99.00033473968506,0,0
1595859156.5592701,100.80299377441406,0,0
1595859156.5692706,102.60307788848877,0,0
1595859156.5792665,104.40234661102295,0,0
1595859156.589258,106.2007999420166,0,0
1595859156.5992548,108.00024032592773,0,0
1595859156.6092541,109.80010986328125,0,0
1595859156.6192636,111.60182476043701,0,0
1595859156.629268,113.40259552001953,0,0
1595859156.6392567,115.20057678222656,0,0
1595859156.6492567,117.0005750656128,0,0
1595859156.6592548,118.80023002624512,0,0
1595859156.6692595,120.60108661651611,0,0
1595859156.6792579,122.40078449249268,0,0
1595859156.6892629,124.20168399810791,0,0
1595859156.6992593,126.00103855133057,0,0
1595859156.709264,127.80189514160156,0,0
1595859156.7192628,129.6016788482666,0,0
1595859156.7292588,131.40094757080078,0,0
1595859156.7392564,133.20051670074463,0,0
1595859156.7492635,135.001802444458,0,0
1595859156.7592607,136.80128574371338,0,0
1595859156.7692537,138.6000394821167,0,0
1595859156.7792714,140.40321350097656,0,0
1595859156.7892597,142.20110893249512,0,0
1595859156.79927,144.0029525756836,0,0
1595859156.8092542,145.8001184463501,0,0
1595859156.8192687,147.60273456573486,0,0
1595859156.8292627,149.40165996551514,0,0
1595859156.839269,151.20277404785156,0,0
1595859156.8492703,153.00302982330322,0,0
1595859156.8592548,154.80023860931396,0,0
1595859156.869259,156.60100936889648,0,0
1595859156.8792706,158.40306758880615,0,0
1595859156.8892696,160.20289421081543,0,0
1595859156.899253,161.99988842010498,0,0
1595859156.909253,163.7998867034912,0,0
1595859156.9192667,165.60237407684326,0,0
1595859156.929253,167.3999261856079,0,0
1595859156.939258,169.20082569122314,0,0
1595859156.9492686,171.00271224975586,0,0
1595859156.9592707,172.80309677124023,0,0
1595859156.9692552,174.60030555725098,0,0
1595859156.979269,176.40279293060303,0,0
1595859156.9892604,178.20124626159668,0,0
1595859156.9992564,180.00051498413086,0,0
1595859157.0092585,181.80089950561523,0,0
1595859157.01927,183.6029577255249,0,0
1595859157.029264,185.40188312530518,0,0
1595859157.0392566,187.20055103302002,0,0
1595859157.0492556,189.0003776550293,0,0
1595859157.0592551,190.80029010772705,0,0
1595859157.0692623,192.60157585144043,0,0
1595859157.0792713,194.40320491790771,0,0
1595859157.0892644,196.20195865631104,0,0
1595859157.0992568,198.00058364868164,0,0
1595859157.1092548,199.80023860931396,0,0
1595859157.1192691,201.6028118133545,0,0
1595859157.1292713,203.40319633483887,0,0
1595859157.1392698,205.20293712615967,0,0
1595859157.1492553,207.00031757354736,0,0
1595859157.1592715,208.8032341003418,0,0
1595859157.1692615,210.60142993927002,0,0
1595859157.1792676,212.40254402160645,0,0
1595859157.1892567,214.20056819915771,0,0
1595859157.1992643,216.00193977355957,0,0
1595859157.2092586,217.80090808868408,0,0
1595859157.2192645,219.60197925567627,0,0
1595859157.229258,221.40081882476807,0,0
1595859157.2392585,223.20090293884277,0,0
1595859157.249265,225.00205993652344,0,0
1595859157.2592707,226.8030881881714,0,0
1595859157.2692645,228.60197067260742,0,0
1595859157.2792547,230.40020942687988,0,0
1595859157.2892673,232.20248222351074,0,0
1595859157.2992654,234.00213718414307,0,0
1595859157.309271,235.80316543579102,0,0
1595859157.31926,237.60114669799805,0,0
1595859157.329264,239.40187454223633,0,0
1595859157.33926,241.20118618011475,0,0
1595859157.3492699,243.00294399261475,0,0
1595859157.359263,244.80169773101807,0,0
1595859157.3692617,246.6014814376831,0,0
1595859157.3792598,248.40113639831543,0,0
1595859157.3892646,250.20199298858643,0,0
1595859157.3992558,252.00040340423584,0,0
1595859157.4092605,253.80125999450684,0,0
1595859157.4192638,255.6018590927124,0,0
1595859157.4292557,257.40039825439453,0,0
1595859157.4392636,259.2018127441406,0,0
1595859157.4492714,261.0032272338867,0,0
1595859157.459265,262.8020668029785,0,0
1595859157.469252,264.5997476577759,0,0
1595859157.4792602,266.4012050628662,0,0
1595859157.4892664,268.20231914520264,0,0
1595859157.4992688,270.00274658203125,0,0
1595859157.5092587,271.8009424209595,0,0
1595859157.5192606,273.6012840270996,0,0
1595859157.5292554,275.4003381729126,0,0
1595859157.5392563,277.2005081176758,0,0
1595859157.5492702,279.00299549102783,0,0
1595859157.5592554,280.8003330230713,0,0
1595859157.5692573,282.6006746292114,0,0
1595859157.5792613,284.4014024734497,0,0
1595859157.5892584,286.2008857727051,0,0
1595859157.5992675,288.00251483917236,0,0
1595859157.6092613,289.8013973236084,0,0
1595859157.6192665,291.60233974456787,0,0
1595859157.629266,293.4022521972656,0,0
1595859157.6392596,295.2010917663574,0,0
1595859157.6492565,297.00053215026855,0,0
1595859157.65927,298.80297660827637,0,0
1595859157.6692665,300.602331161499,0,0
1595859157.6792567,302.4005699157715,0,0
1595859157.689254,304.2000961303711,0,0
1595859157.6992576,306.0007381439209,0,0
1595859157.709263,307.8017234802246,0,0
1595859157.7192628,309.6016788482666,0,0
1595859157.7292616,311.40146255493164,0,0
1595859157.7392542,313.2001304626465,0,0
1595859157.7492623,315.0015878677368,0,0
1595859157.7592556,316.8003845214844,0,0
1595859157.7692711,318.6031723022461,0,0
1595859157.7792628,320.401668548584,0,0
1595859157.7892702,322.2029972076416,0,0
1595859157.799269,324.00278091430664,0,0
1595859157.809261,325.801362991333,0,0
1595859157.819261,327.60136127471924,0,0
1595859157.8292592,329.40101623535156,0,0
1595859157.8392608,331.20131492614746,0,0
1595859157.84926,333.001184463501,0,0
1595859157.8592618,334.8014831542969,0,0
1595859157.8692524,336.5998077392578,0,0
1595859157.8792613,338.40139389038086,0,0
1595859157.8892658,340.2022075653076,0,0
1595859157.8992562,342.0004892349243,0,0
1595859157.909254,343.8001012802124,0,0
1595859157.919266,345.60224533081055,0,0
1595859157.9292529,347.3998832702637,0,0
1595859157.939258,349.20082569122314,0,0
1595859157.949266,351.00224018096924,0,0
1595859157.9592674,352.8024959564209,0,0
1595859157.969267,354.60240840911865,0,0
1595859157.9792583,356.4008617401123,0,0
1595859157.9892552,358.20030212402344,0,0
1595859157.9979925,359.77302074432373,0,0
1595859157.9979925,359.9773020744324,0.0011348962783813477,0
1595859157.9981403,360,0.0011348962783813477,1
1595859157.9981403,0,0,0
1595859158.0081437,1.8005990982055664,0,0
1595859158.018145,3.6008548736572266,0,0
1595859158.0281453,5.400896072387695,0,0
1595859158.0381413,7.200164794921875,0,0
1595859158.0481546,9.00256633758545,0,0
1595859158.0581584,10.803251266479492,0,0
1595859158.0681405,12.600030899047852,0,0
1595859158.0781548,14.402604103088379,0,0
1595859158.088144,16.200671195983887,0,0
1595859158.0981581,18.003201484680176,0,0
1595859158.108149,19.80156898498535,0,0
1595859158.1181545,21.602554321289062,0,0
1595859158.1281452,23.40087890625,0,0
1595859158.1381483,25.201435089111328,0,0
1595859158.1481564,27.00289249420166,0,0
1595859158.1581523,28.80216121673584,0,0
1595859158.1681528,30.602245330810547,0,0
1595859158.1781437,32.40061283111572,0,0
1595859158.1881576,34.20310020446777,0,0
1595859158.198143,36.00048065185547,0,0
1595859158.2081478,37.801337242126465,0,0
1595859158.2181582,39.60322380065918,0,0
1595859158.22814,41.3999605178833,0,0
1595859158.2381408,43.200087547302246,0,0
1595859158.2481527,45.00223159790039,0,0
1595859158.2581587,46.80330276489258,0,0
1595859158.2681413,48.600168228149414,0,0
1595859158.2781591,50.403385162353516,0,0
1595859158.2881458,52.2009801864624,0,0
1595859158.2981417,54.00024890899658,0,0
1595859158.3081536,55.80239295959473,0,0
1595859158.318152,57.60209083557129,0,0
1595859158.3281443,59.400715827941895,0,0
1595859158.3381405,61.20002746582031,0,0
1595859158.3481543,63.00251483917236,0,0
1595859158.358142,64.8002815246582,0,0
1595859158.3681488,66.60152435302734,0,0
1595859158.37814,68.39993476867676,0,0
1595859158.3881445,70.20074844360352,0,0
1595859158.398145,72.00083255767822,0,0
1595859158.4081488,73.80151748657227,0,0
1595859158.418153,75.60228824615479,0,0
1595859158.4281523,77.4021577835083,0,0
1595859158.438143,79.20048236846924,0,0
1595859158.448153,81.00228309631348,0,0
1595859158.458157,82.80301094055176,0,0
1595859158.468143,84.60047721862793,0,0
1595859158.4781494,86.4016342163086,0,0
1595859158.4881468,88.2011604309082,0,0
1595859158.4981556,90.00274658203125,0,0
1595859158.5081437,91.80059909820557,0,0
1595859158.5181577,93.60312938690186,0,0
1595859158.5281558,95.40278434753418,0,0
1595859158.5381498,97.20170974731445,0,0
1595859158.5481498,99.00170803070068,0,0
1595859158.5581582,100.80320835113525,0,0
1595859158.5681543,102.60251998901367,0,0
1595859158.5781522,104.40213203430176,0,0
1595859158.5881503,106.20178699493408,0,0
1595859158.5981588,108.00333023071289,0,0
1595859158.6081429,109.80045318603516,0,0
1595859158.6181467,111.6011381149292,0,0
1595859158.628144,113.40066432952881,0,0
1595859158.6381404,115.20001888275146,0,0
1595859158.6481419,117.00027465820312,0,0
1595859158.658142,118.8003158569336,0,0
1595859158.668142,120.60031414031982,0,0
1595859158.6781552,122.40267276763916,0,0
1595859158.6881576,124.20310020446777,0,0
1595859158.6981506,126.0018539428711,0,0
1595859158.7081528,127.80223846435547,0,0
1595859158.7181435,129.6005630493164,0,0
1595859158.7281537,131.40240669250488,0,0
1595859158.7381473,133.20124626159668,0,0
1595859158.7481549,135.00261783599854,0,0
1595859158.7581484,136.80145740509033,0,0
1595859158.768156,138.6028289794922,0,0
1595859158.7781494,140.40162563323975,0,0
1595859158.788141,142.20012187957764,0,0
1595859158.7981524,144.0021800994873,0,0
1595859158.8081539,145.80243587493896,0,0
1595859158.818155,147.6026487350464,0,0
1595859158.8281405,149.40002918243408,0,0
1595859158.8381517,151.2020444869995,0,0
1595859158.8481452,153.0008840560913,0,0
1595859158.8581562,154.8028564453125,0,0
1595859158.868142,156.60027980804443,0,0
1595859158.8781476,158.40130805969238,0,0
1595859158.8881571,160.20302295684814,0,0
1595859158.8981454,162.0009183883667,0,0
1595859158.908153,163.80228996276855,0,0
1595859158.9181476,165.6013011932373,0,0
1595859158.9281538,167.40241527557373,0,0
1595859158.9381428,169.200439453125,0,0
1595859158.9481535,171.00236892700195,0,0
1595859158.9581428,172.80043601989746,0,0
1595859158.9681404,174.6000051498413,0,0
1595859158.9781399,176.39991760253906,0,0
1595859158.988144,178.20064544677734,0,0
1595859158.9981503,180.001802444458,0,0
1595859159.0081534,181.80235862731934,0,0
1595859159.0181394,183.5998249053955,0,0
1595859159.0281496,185.40166854858398,0,0
1595859159.0381513,187.20196723937988,0,0
1595859159.048151,189.00192260742188,0,0
1595859159.0581424,190.80037593841553,0,0
1595859159.0681498,192.60170459747314,0,0
1595859159.0781548,194.40260410308838,0,0
1595859159.0881448,196.2007999420166,0,0
1595859159.0981443,198.00071239471436,0,0
1595859159.1081557,199.80277061462402,0,0
1595859159.1181448,201.6007947921753,0,0
1595859159.128152,203.40208053588867,0,0
1595859159.1381423,205.20036220550537,0,0
1595859159.1481588,207.00332164764404,0,0
1595859159.1581528,208.80224704742432,0,0
1595859159.168155,210.6026315689087,0,0
1595859159.1781545,212.40254402160645,0,0
1595859159.1881416,214.2002248764038,0,0
1595859159.1981504,216.00181102752686,0,0
1595859159.2081556,217.80275344848633,0,0
1595859159.2181566,219.6029233932495,0,0
1595859159.2281487,221.40150547027588,0,0
1595859159.238153,223.2022762298584,0,0
1595859159.2481582,225.00321865081787,0,0
1595859159.258158,226.80317401885986,0,0
1595859159.2681448,228.600811958313,0,0
1595859159.2781525,230.40218353271484,0,0
1595859159.2881393,232.19982147216797,0,0
1595859159.2981427,234.00042057037354,0,0
1595859159.308139,235.7997751235962,0,0
1595859159.3181486,237.60149002075195,0,0
1595859159.3281574,239.403076171875,0,0
1595859159.3381455,241.20092868804932,0,0
1595859159.3481393,242.99981117248535,0,0
1595859159.3581502,244.80178356170654,0,0
1595859159.3681498,246.6016960144043,0,0
1595859159.378142,248.4003210067749,0,0
1595859159.3881521,250.20212173461914,0,0
1595859159.398156,252.00280666351318,0,0
1595859159.4081419,253.80027294158936,0,0
1595859159.4181504,255.60181617736816,0,0
1595859159.4281538,257.40241527557373,0,0
1595859159.4381459,259.2009973526001,0,0
1595859159.4481456,261.0009527206421,0,0
1595859159.458148,262.8013801574707,0,0
1595859159.4681401,264.59996223449707,0,0
1595859159.4781578,266.40313625335693,0,0
1595859159.4881573,268.2030487060547,0,0
1595859159.4981425,270.00038623809814,0,0
1595859159.5081515,271.80201530456543,0,0
1595859159.5181568,273.6029577255249,0,0
1595859159.5281532,275.40231227874756,0,0
1595859159.5381467,277.20115184783936,0,0
1595859159.5481398,278.9999055862427,0,0
1595859159.558156,280.8028221130371,0,0
1595859159.5681403,282.5999879837036,0,0
1595859159.578146,284.40101623535156,0,0
1595859159.588156,286.2028169631958,0,0
1595859159.5981543,288.00251483917236,0,0
1595859159.6081486,289.8014831542969,0,0
1595859159.618157,291.60298347473145,0,0
1595859159.6281571,293.4030246734619,0,0
1595859159.6381524,295.2021646499634,0,0
1595859159.648153,297.0022916793823,0,0
1595859159.658148,298.80138874053955,0,0
1595859159.6681523,300.60215950012207,0,0
1595859159.678153,302.402286529541,0,0
1595859159.688155,304.20262813568115,0,0
1595859159.6981454,306.00090980529785,0,0
1595859159.7081454,307.8009080886841,0,0
1595859159.7181418,309.60026264190674,0,0
1595859159.7281556,311.4027500152588,0,0
1595859159.7381403,313.20000171661377,0,0
1595859159.7481425,315.00038623809814,0,0
1595859159.7581387,316.79969787597656,0,0
1595859159.768142,318.60029697418213,0,0
1595859159.7781472,320.4012393951416,0,0
1595859159.7881558,322.2027826309204,0,0
1595859159.7981458,324.00097846984863,0,0
1595859159.8081448,325.8008050918579,0,0
1595859159.818149,327.60157585144043,0,0
1595859159.8281407,329.4000720977783,0,0
1595859159.8381493,331.20161533355713,0,0
1595859159.848151,333.001914024353,0,0
1595859159.858139,334.79976654052734,0,0
1595859159.8681462,336.6010522842407,0,0
1595859159.878145,338.40083599090576,0,0
1595859159.888144,340.20066261291504,0,0
1595859159.898142,342.00031757354736,0,0
1595859159.908154,343.8024616241455,0,0
1595859159.918148,345.6013870239258,0,0
1595859159.9281428,347.40044116973877,0,0
1595859159.93815,349.20172691345215,0,0
1595859159.9481444,351.0007381439209,0,0
1595859159.9581466,352.8011226654053,0,0
1595859159.9681547,354.6025800704956,0,0
1595859159.978157,356.4030075073242,0,0
1595859159.9881554,358.2027053833008,0,0
1595859159.9981458,360,0,1
1595859159.9981458,0,0,0
1595859160.0081651,1.8034744262695312,0,0
1595859160.0181537,3.601412773132324,0,0
1595859160.02816,5.402569770812988,0,0
1595859160.038152,7.201108932495117,0,0
1595859160.0481582,9.002223014831543,0,0
1595859160.058164,10.803251266479492,0,0
1595859160.0681505,12.600846290588379,0,0
1595859160.07815,14.400758743286133,0,0
1595859160.088163,16.20307445526123,0,0
1595859160.0981612,18.002772331237793,0,0
1595859160.108161,19.802727699279785,0,0
1595859160.1181588,21.60233974456787,0,0
1595859160.1281502,23.400793075561523,0,0
1595859160.1381571,25.202035903930664,0,0
1595859160.1481633,27.00314998626709,0,0
1595859160.1581552,28.80168914794922,0,0
1595859160.1681585,30.602288246154785,0,0
1595859160.178153,32.401299476623535,0,0
1595859160.188157,34.202027320861816,0,0
1595859160.1981463,36.000094413757324,0,0
1595859160.2081547,37.801594734191895,0,0
1595859160.2181551,39.6016788482666,0,0
1595859160.2281587,41.402320861816406,0,0
1595859160.2381568,43.20197582244873,0,0
1595859160.2481618,45.002875328063965,0,0
1595859160.2581482,46.80042743682861,0,0
1595859160.2681568,48.60197067260742,0,0
1595859160.2781467,50.400166511535645,0,0
1595859160.288147,52.20020771026611,0,0
1595859160.298152,54.00110721588135,0,0
1595859160.308161,55.80273628234863,0,0
1595859160.3181617,57.60286331176758,0,0
1595859160.328157,59.40200328826904,0,0
1595859160.3381457,61.199984550476074,0,0
1595859160.3481612,63.00277233123779,0,0
1595859160.3581636,64.8031997680664,0,0
1595859160.3681536,66.60139560699463,0,0
1595859160.3781552,68.40169429779053,0,0
1595859160.388164,70.20328044891357,0,0
1595859160.3981502,72.00078964233398,0,0
1595859160.4081554,73.80173206329346,0,0
1595859160.418151,75.60091495513916,0,0
1595859160.4281502,77.40078449249268,0,0
1595859160.4381595,79.2024564743042,0,0
1595859160.4481597,81.00249767303467,0,0
1595859160.4581552,82.80168056488037,0,0
1595859160.4681642,84.60330963134766,0,0
1595859160.4781468,86.40017509460449,0,0
1595859160.4881544,88.20154666900635,0,0
1595859160.4981594,90.00244617462158,0,0
1595859160.5081584,91.80227279663086,0,0
1595859160.5181572,93.6020565032959,0,0
1595859160.5281584,95.40226936340332,0,0
1595859160.5381463,97.2000789642334,0,0
1595859160.5481458,98.99999141693115,0,0
1595859160.5581563,100.80187797546387,0,0
1595859160.5681612,102.6027774810791,0,0
1595859160.578162,104.40290451049805,0,0
1595859160.5881517,106.20105743408203,0,0
1595859160.5981624,108.00298690795898,0,0
1595859160.6081502,109.80079650878906,0,0
1595859160.6181593,111.60242557525635,0,0
1595859160.6281505,113.40083599090576,0,0
1595859160.6381576,115.20212173461914,0,0
1595859160.6481502,117.00078964233398,0,0
1595859160.65816,118.80254745483398,0,0
1595859160.6681466,120.60014247894287,0,0
1595859160.6781466,122.4001407623291,0,0
1595859160.6881459,124.20001029968262,0,0
1595859160.6981492,126.00060939788818,0,0
1595859160.7081532,127.80133724212646,0,0
1595859160.718149,129.6005630493164,0,0
1595859160.728161,131.4027500152588,0,0
1595859160.7381568,133.20197582244873,0,0
1595859160.7481637,135.00321865081787,0,0
1595859160.7581577,136.80214405059814,0,0
1595859160.7681625,138.60300064086914,0,0
1595859160.7781487,140.40050983428955,0,0
1595859160.7881472,142.20025062561035,0,0
1595859160.7981634,144.00316715240479,0,0
1595859160.808159,145.80239295959473,0,0
1595859160.8181603,147.60260581970215,0,0
1595859160.8281493,149.40062999725342,0,0
1595859160.838154,151.2014865875244,0,0
1595859160.848145,152.9998540878296,0,0
1595859160.8581586,154.8022985458374,0,0
1595859160.868156,156.601824760437,0,0
1595859160.8781545,158.4015655517578,0,0
1595859160.8881557,160.20177841186523,0,0
1595859160.8981543,162.00151920318604,0,0
1595859160.9081457,163.7999725341797,0,0
1595859160.9181464,165.60009956359863,0,0
1595859160.9281456,167.39996910095215,0,0
1595859160.9381475,169.20031070709229,0,0
1595859160.9481483,171.00043773651123,0,0
1595859160.9581473,172.8002643585205,0,0
1595859160.968149,174.6005630493164,0,0
1595859160.9781542,176.40150547027588,0,0
1595859160.9881556,178.20176124572754,0,0
1595859160.99816,180.00253200531006,0,0
1595859161.0081515,181.80102825164795,0,0
1595859161.0181565,183.60192775726318,0,0
1595859161.0281472,185.40025234222412,0,0
1595859161.0381534,187.20136642456055,0,0
1595859161.0481546,189.00157928466797,0,0
1595859161.0581627,190.8030366897583,0,0
1595859161.068158,192.60217666625977,0,0
1595859161.078162,194.40290451049805,0,0
1595859161.088153,196.20127201080322,0,0
1595859161.098161,198.00272941589355,0,0
1595859161.1081638,199.80324268341064,0,0
1595859161.1181479,201.6003656387329,0,0
1595859161.1281624,203.40298175811768,0,0
1595859161.1381474,205.2002763748169,0,0
1595859161.1481504,207.00083255767822,0,0
1595859161.1581476,208.8003158569336,0,0
1595859161.1681519,210.6010866165161,0,0
1595859161.178158,212.40220069885254,0,0
1595859161.1881526,214.2012119293213,0,0
1595859161.1981463,216.00009441375732,0,0
1595859161.208163,217.80309677124023,0,0
1595859161.2181578,219.60215091705322,0,0
1595859161.2281454,221.39991760253906,0,0
1595859161.2381544,223.20154666900635,0,0
1595859161.2481449,224.99982833862305,0,0
1595859161.2581549,226.80162906646729,0,0
1595859161.2681568,228.60197067260742,0,0
1595859161.2781515,230.4010248184204,0,0
1595859161.2881515,232.20102310180664,0,0
1595859161.2981448,233.9998197555542,0,0
1595859161.308153,235.80127716064453,0,0
1595859161.3181448,237.59981632232666,0,0
1595859161.3281496,239.40067291259766,0,0
1595859161.3381476,241.20032787322998,0,0
1595859161.348148,243.0004119873047,0,0
1595859161.3581629,244.8030710220337,0,0
1595859161.3681502,246.6007947921753,0,0
1595859161.3781538,248.4014368057251,0,0
1595859161.388148,250.2004051208496,0,0
1595859161.3981447,251.9998025894165,0,0
1595859161.4081588,253.8023328781128,0,0
1595859161.4181561,255.6018590927124,0,0
1595859161.4281592,257.40241527557373,0,0
1595859161.4381528,259.2012548446655,0,0
1595859161.448148,261.000394821167,0,0
1595859161.4581618,262.80288219451904,0,0
1595859161.468151,264.60094928741455,0,0
1595859161.4781487,266.4005184173584,0,0
1595859161.4881587,268.20231914520264,0,0
1595859161.4981575,270.0021028518677,0,0
1595859161.508148,271.8003845214844,0,0
1595859161.5181444,273.59973907470703,0,0
1595859161.5281613,275.4027843475342,0,0
1595859161.5381534,277.20136642456055,0,0
1595859161.5481493,279.0006351470947,0,0
1595859161.558159,280.8023929595947,0,0
1595859161.5681472,282.60024547576904,0,0
1595859161.5781505,284.4008445739746,0,0
1595859161.5881515,286.2010145187378,0,0
1595859161.5981543,288.0015277862549,0,0
1595859161.6081467,289.8001527786255,0,0
1595859161.6181543,291.60152435302734,0,0
1595859161.628149,293.40057849884033,0,0
1595859161.6381576,295.20212173461914,0,0
1595859161.6481533,297.0013475418091,0,0
1595859161.6581466,298.80014419555664,0,0
1595859161.6681597,300.602502822876,0,0
1595859161.6781635,302.40318775177,0,0
1595859161.6881604,304.20262813568115,0,0
1595859161.6981614,306.00279808044434,0,0
1595859161.708147,307.80022144317627,0,0
1595859161.7181497,309.6006917953491,0,0
1595859161.7281528,311.40124797821045,0,0
1595859161.738161,313.202748298645,0,0
1595859161.7481587,315.00231742858887,0,0
1595859161.7581527,316.80124282836914,0,0
1595859161.7681637,318.60321521759033,0,0
1595859161.7781494,320.40063858032227,0,0
1595859161.7881463,322.2000789642334,0,0
1595859161.7981555,324.0017509460449,0,0
1595859161.8081503,325.8008050918579,0,0
1595859161.8181589,327.6023483276367,0,0
1595859161.828153,329.401273727417,0,0
1595859161.8381445,331.1997699737549,0,0
1595859161.8481536,333.00139904022217,0,0
1595859161.8581586,334.8022985458374,0,0
1595859161.8681448,336.5998077392578,0,0
1595859161.8781567,338.40195178985596,0,0
1595859161.8881524,340.2011775970459,0,0
1595859161.8981633,342.0031499862671,0,0
1595859161.9081552,343.8016891479492,0,0
1595859161.9181442,345.5997133255005,0,0
1595859161.9281585,347.402286529541,0,0
1595859161.9381628,349.20305728912354,0,0
1595859161.948159,351.00236892700195,0,0
1595859161.9581547,352.8015947341919,0,0
1595859161.968149,354.6005630493164,0,0
1595859161.9781492,356.4006042480469,0,0
1595859161.9881587,358.20231914520264,0,0
1595859161.9981449,359.99982833862305,0,0
1595859161.9981673,360,0,1
1595859161.9981673,0,0,0
1595859162.0081778,1.8018865585327148,0,0
1595859162.0181835,3.602914810180664,0,0
1595859162.028169,5.400295257568359,0,0
1595859162.0381725,7.200937271118164,0,0
1595859162.0481808,9.002437591552734,0,0
1595859162.0581772,10.80179214477539,0,0
1595859162.068174,12.601189613342285,0,0
1595859162.0781796,14.402217864990234,0,0
1595859162.0881813,16.202516555786133,0,0
1595859162.0981863,18.003416061401367,0,0
1595859162.1081707,19.80062484741211,0,0
1595859162.1181798,21.602253913879395,0,0
1595859162.128169,23.400321006774902,0,0
1595859162.1381767,25.201692581176758,0,0
1595859162.1481702,27.000532150268555,0,0
1595859162.158186,28.80336284637451,0,0
1595859162.1681678,30.600099563598633,0,0
1595859162.1781814,32.402544021606445,0,0
1595859162.1881819,34.20262813568115,0,0
1595859162.1981792,36.00215435028076,0,0
1595859162.20817,37.8004789352417,0,0
1595859162.2181733,39.601078033447266,0,0
1595859162.228175,41.401376724243164,0,0
1595859162.2381728,43.20098876953125,0,0
1595859162.24818,45.00227451324463,0,0
1595859162.258185,46.80317401885986,0,0
1595859162.2681718,48.60081195831299,0,0
1595859162.2781692,50.4003381729126,0,0
1595859162.288176,52.20158100128174,0,0
1595859162.2981694,54.0003776550293,0,0
1595859162.3081803,55.80235004425049,0,0
1595859162.3181703,57.60054588317871,0,0
1595859162.3281803,59.40234661102295,0,0
1595859162.338168,61.20011329650879,0,0
1595859162.3481774,63.00182819366455,0,0
1595859162.3581717,64.80079650878906,0,0
1595859162.3681853,66.60324096679688,0,0
1595859162.3781703,68.4005355834961,0,0
1595859162.3881783,70.20199298858643,0,0
1595859162.3981712,72.00070381164551,0,0
1595859162.4081798,73.80224704742432,0,0
1595859162.418182,75.60263156890869,0,0
1595859162.4281728,77.40099906921387,0,0
1595859162.4381707,79.20061111450195,0,0
1595859162.4481773,81.00181102752686,0,0
1595859162.458183,82.8028392791748,0,0
1595859162.468177,84.60176467895508,0,0
1595859162.4781816,86.40257835388184,0,0
1595859162.4881752,88.20141792297363,0,0
1595859162.4981806,90.00240325927734,0,0
1595859162.5081835,91.80291652679443,0,0
1595859162.5181818,93.602614402771,0,0
1595859162.52818,95.40226936340332,0,0
1595859162.5381784,97.20201015472412,0,0
1595859162.5481784,99.00200843811035,0,0
1595859162.558179,100.80209255218506,0,0
1595859162.568185,102.60320663452148,0,0
1595859162.5781705,104.40058708190918,0,0
1595859162.5881789,106.20208740234375,0,0
1595859162.5981753,108.0014419555664,0,0
1595859162.6081746,109.80131149291992,0,0
1595859162.6181724,111.60092353820801,0,0
1595859162.6281805,113.40238094329834,0,0
1595859162.6381714,115.20074844360352,0,0
1595859162.6481724,117.0009183883667,0,0
1595859162.6581767,118.80168914794922,0,0
1595859162.6681724,120.60091495513916,0,0
1595859162.6781688,122.40026950836182,0,0
1595859162.688185,124.20318603515625,0,0
1595859162.6981683,126.0001802444458,0,0
1595859162.7081828,127.80279636383057,0,0
1595859162.718177,129.60176467895508,0,0
1595859162.7281706,131.40060424804688,0,0
1595859162.7381687,133.2002592086792,0,0
1595859162.7481835,135.0029182434082,0,0
1595859162.7581708,136.8006420135498,0,0
1595859162.768174,138.60119819641113,0,0
1595859162.7781675,140.40003776550293,0,0
1595859162.788169,142.2002935409546,0,0
1595859162.7981775,144.0018367767334,0,0
1595859162.808171,145.8006763458252,0,0
1595859162.8181708,147.6006317138672,0,0
1595859162.8281846,149.40311908721924,0,0
1595859162.8381763,151.20161533355713,0,0
1595859162.8481822,153.00268650054932,0,0
1595859162.8581686,154.80023860931396,0,0
1595859162.868169,156.60032272338867,0,0
1595859162.878176,158.4015655517578,0,0
1595859162.8881712,160.20070552825928,0,0
1595859162.8981705,162.0005750656128,0,0
1595859162.9081848,163.80314826965332,0,0
1595859162.9181678,165.60009956359863,0,0
1595859162.9281855,167.4032735824585,0,0
1595859162.9381814,169.20254230499268,0,0
1595859162.9481692,171.00035190582275,0,0
1595859162.958178,172.8019380569458,0,0
1595859162.968183,174.60283756256104,0,0
1595859162.9781792,176.40214920043945,0,0
1595859162.988183,178.2028341293335,0,0
1595859162.9981785,180.0020170211792,0,0
1595859163.0081847,181.80313110351562,0,0
1595859163.0181766,183.60167026519775,0,0
1595859163.0281727,185.40098190307617,0,0
1595859163.0381722,187.20089435577393,0,0
1595859163.0481803,189.00235176086426,0,0
1595859163.0581775,190.80183506011963,0,0
1595859163.0681725,192.60093212127686,0,0
1595859163.0781717,194.40080165863037,0,0
1595859163.0881698,196.2004566192627,0,0
1595859163.098172,198.00084114074707,0,0
1595859163.1081681,199.8001527786255,0,0
1595859163.118184,201.60302639007568,0,0
1595859163.1281834,203.4028959274292,0,0
1595859163.138181,205.20246505737305,0,0
1595859163.1481845,207.00310707092285,0,0
1595859163.158181,208.8024616241455,0,0
1595859163.168177,210.6017303466797,0,0
1595859163.1781678,212.40009784698486,0,0
1595859163.1881697,214.200439453125,0,0
1595859163.198168,216.00013732910156,0,0
1595859163.2081833,217.80288219451904,0,0
1595859163.2181706,219.60060596466064,0,0
1595859163.2281706,221.40060424804688,0,0
1595859163.2381794,223.20219039916992,0,0
1595859163.2481792,225.0021457672119,0,0
1595859163.2581754,226.80145740509033,0,0
1595859163.268181,228.60248565673828,0,0
1595859163.2781758,230.40153980255127,0,0
1595859163.2881756,232.20149517059326,0,0
1595859163.2981713,234.0007209777832,0,0
1595859163.308169,235.80029010772705,0,0
1595859163.3181667,237.59990215301514,0,0
1595859163.3281815,239.40256118774414,0,0
1595859163.3381705,241.2005853652954,0,0
1595859163.3481817,243.00260066986084,0,0
1595859163.3581812,244.8025131225586,0,0
1595859163.36817,246.60049438476562,0,0
1595859163.3781824,248.40272426605225,0,0
1595859163.3881679,250.20010471343994,0,0
1595859163.3981783,252.00199127197266,0,0
1595859163.40818,253.80228996276855,0,0
1595859163.4181778,255.60190200805664,0,0
1595859163.4281795,257.40220069885254,0,0
1595859163.4381742,259.2012548446655,0,0
1595859163.44818,261.0022830963135,0,0
1595859163.4581785,262.8020238876343,0,0
1595859163.4681833,264.6028804779053,0,0
1595859163.4781837,266.40296459198,0,0
1595859163.4881659,268.19974422454834,0,0
1595859163.49818,270.00227451324463,0,0
1595859163.5081787,271.80205821990967,0,0
1595859163.518181,273.6024856567383,0,0
1595859163.5281827,275.4027843475342,0,0
1595859163.538172,277.2008514404297,0,0
1595859163.5481706,279.0005922317505,0,0
1595859163.5581737,280.8011484146118,0,0
1595859163.568174,282.6011896133423,0,0
1595859163.5781784,284.40200328826904,0,0
1595859163.5881667,286.1998987197876,0,0
1595859163.5981789,288.00208568573,0,0
1595859163.60818,289.8022985458374,0,0
1595859163.6181812,291.6025114059448,0,0
1595859163.6281772,293.401780128479,0,0
1595859163.6381838,295.2029800415039,0,0
1595859163.6481678,297.0001029968262,0,0
1595859163.658167,298.79992961883545,0,0
1595859163.6681783,300.6019878387451,0,0
1595859163.6781688,302.4002695083618,0,0
1595859163.6881754,304.2014694213867,0,0
1595859163.6981688,306.0002660751343,0,0
1595859163.7081692,307.800350189209,0,0
1595859163.718181,309.6024513244629,0,0
1595859163.728173,311.40103340148926,0,0
1595859163.7381706,313.2006025314331,0,0
1595859163.7481713,315.00072956085205,0,0
1595859163.758166,316.79978370666504,0,0
1595859163.7681735,318.60111236572266,0,0
1595859163.7781801,320.40231227874756,0,0
1595859163.7881696,322.2004222869873,0,0
1595859163.798172,324.0008497238159,0,0
1595859163.8081775,325.80183506011963,0,0
1595859163.8181832,327.6028633117676,0,0
1595859163.8281715,329.40075874328613,0,0
1595859163.8381693,331.2003707885742,0,0
1595859163.8481658,332.9997253417969,0,0
1595859163.8581662,334.7998094558716,0,0
1595859163.868174,336.6012239456177,0,0
1595859163.8781683,338.4001922607422,0,0
1595859163.8881736,340.20113468170166,0,0
1595859163.8981826,342.00276374816895,0,0
1595859163.908182,343.80263328552246,0,0
1595859163.9181745,345.6013011932373,0,0
1595859163.928177,347.40177154541016,0,0
1595859163.938181,349.2024564743042,0,0
1595859163.9481766,351.00168228149414,0,0
1595859163.9581757,352.8015089035034,0,0
1595859163.968166,354.5997905731201,0,0
1595859163.9781666,356.3998746871948,0,0
1595859163.9881725,358.200945854187,0,0
1595859163.9981697,360,0,1
1595859163.9981697,0,0,0
