Type = Reachback Firefly,Function = Reachback Firefly (ln/e^),Refract = 0.05,Epsilon = 0.005,Start_phase = 53
Timestamp,Phase,Offset,Ping?
1596171514,53,0,0
1596171514.01,54.79798126220703,0.29444444444444445,0,42
1596171514.02,56.59827995300293,0.29444444444444445,0,42
1596171514.03,58.39707660675049,0.29444444444444445,0,42
1596171514.04,60.196946144104004,0.29444444444444445,0,42
1596171514.05,61.99527072906494,0.29444444444444445,0,42
1596171514.06,63.7975435256958,0.29444444444444445,0,42
1596171514.07,65.59556770324707,0.29444444444444445,0,42
1596171514.08,67.3950080871582,0.29444444444444445,0,42
1596171514.09,69.19590759277344,0.29444444444444445,0,42
1596171514.1,70.99517631530762,0.29444444444444445,0,42
1596171514.11,72.79757785797119,0.29444444444444445,0,42
1596171514.12,74.59568786621094,0.29444444444444445,0,42
1596171514.1299999,76.3962869644165,0.29444444444444445,0,42
1596171514.1399999,78.19607067108154,0.29444444444444445,0,42
1596171514.1499999,79.99594020843506,0.29444444444444445,0,42
1596171514.1599998,81.79632472991943,0.29444444444444445,0,42
1596171514.1699998,83.59688091278076,0.29444444444444445,0,42
1596171514.1799998,85.39645004272461,0.29444444444444445,0,42
1596171514.1899998,87.1958475112915,0.29444444444444445,0,42
1596171514.1999998,88.99700450897217,0.29444444444444445,0,42
1596171514.2099998,90.79683113098146,0.29444444444444445,0,42
1596171514.2199998,92.59648609161378,0.29444444444444445,0,42
1596171514.2299998,94.39807224273683,0.29444444444444445,0,42
1596171514.2399998,96.1960964202881,0.29444444444444445,0,42
1596171514.2499998,97.99699592590333,0.29444444444444445,0,42
1596171514.2599998,99.79802417755128,0.29444444444444445,0,42
1596171514.2699997,101.5967779159546,0.29444444444444445,0,42
1596171514.2799997,103.39604663848878,0.29444444444444445,0,42
1596171514.2899997,105.19840526580812,0.29444444444444445,0,42
1596171514.2999997,106.99728775024415,0.29444444444444445,0,42
1596171514.3099997,108.7970714569092,0.29444444444444445,0,42
1596171514.3148203,109.66267395019533,0.29444444444444445,0
1596171514.3148203,109.66267395019533,0.29444444444444445,0
1596171514.3199997,110.59586811065675,0.29444444444444445,0,42
1596171514.3299997,112.39676761627199,0.29444444444444445,0,42
1596171514.3399997,114.19668006896974,0.29444444444444445,0,42
1596171514.3449342,115.08318233489992,0.29444444444444445,0
1596171514.3449342,115.08318233489992,0.29444444444444445,0
1596171514.3499997,115.99530506134035,0.29444444444444445,0,42
1596171514.3599997,117.79517459869386,0.29444444444444445,0,42
1596171514.3699996,119.595516204834,0.29444444444444445,0,42
1596171514.3799996,121.39663028717042,0.29444444444444445,0,42
1596171514.3899996,123.19761562347414,0.29444444444444445,0,42
1596171514.3999996,124.99804306030275,0.29444444444444445,0,42
1596171514.4099996,126.7970542907715,0.29444444444444445,0,42
1596171514.4199996,128.59709548950195,0.29444444444444445,0,42
1596171514.4299996,130.3979949951172,0.29444444444444445,0,42
1596171514.4399996,132.19726371765137,0.29444444444444445,0,42
1596171514.4499996,133.9969186782837,0.29444444444444445,0,42
1596171514.4599996,135.79743194580078,0.29444444444444445,0,42
1596171514.4699996,137.59524154663086,0.29444444444444445,0,42
1596171514.4799995,139.39506816864014,0.29444444444444445,0,42
1596171514.4899995,141.1949806213379,0.29444444444444445,0,42
1596171514.4999995,142.99635219573975,0.29444444444444445,0,42
1596171514.5099995,144.7953634262085,0.29444444444444445,0,42
1596171514.5199995,146.59759330749512,0.29444444444444445,0,42
1596171514.5299995,148.39578914642334,0.29444444444444445,0,42
1596171514.5399995,150.19617366790771,0.29444444444444445,0,42
1596171514.5499995,151.99810314178467,0.29444444444444445,0,42
1596171514.5599995,153.7982301712036,0.29444444444444445,0,42
1596171514.5699995,155.5961685180664,0.29444444444444445,0,42
1596171514.5799994,157.39595222473145,0.29444444444444445,0,42
1596171514.5899994,159.19740962982178,0.29444444444444445,0,42
1596171514.5999994,160.99590587615967,0.29444444444444445,0,42
1596171514.6099994,162.79796409606934,0.29444444444444445,0,42
1596171514.6199994,164.59723281860352,0.29444444444444445,0,42
1596171514.6299994,166.39542865753174,0.29444444444444445,0,42
1596171514.6399994,168.1978302001953,0.29444444444444445,0,42
1596171514.6499994,169.99718475341797,0.29444444444444445,0,42
1596171514.6599994,171.796067237854,0.29444444444444445,0,42
1596171514.6699994,173.5962371826172,0.29444444444444445,0,42
1596171514.6799994,175.39760875701904,0.29444444444444445,0,42
1596171514.6899993,177.19795036315918,0.29444444444444445,0,42
1596171514.6999993,178.9970474243164,0.29444444444444445,0,42
1596171514.7099993,180.79704570770264,0.29444444444444445,0,42
1596171514.7199993,182.595627784729,0.29444444444444445,0,42
1596171514.7299993,184.39764308929443,0.29444444444444445,0,42
1596171514.7399993,186.1960964202881,0.29444444444444445,0,42
1596171514.7499993,187.9977684020996,0.29444444444444445,0,42
1596171514.7599993,189.79635047912598,0.29444444444444445,0,42
1596171514.7699993,191.5980224609375,0.29444444444444445,0,42
1596171514.7799993,193.39750576019287,0.29444444444444445,0,42
1596171514.7899992,195.19776153564453,0.29444444444444445,0,42
1596171514.7999992,196.9956569671631,0.29444444444444445,0,42
1596171514.8099992,198.79707145690918,0.29444444444444445,0,42
1596171514.8199992,200.5976276397705,0.29444444444444445,0,42
1596171514.8299992,202.39655303955078,0.29444444444444445,0,42
1596171514.8399992,204.19659423828125,0.29444444444444445,0,42
1596171514.8499992,205.99732208251953,0.29444444444444445,0,42
1596171514.8599992,207.79744911193848,0.29444444444444445,0,42
1596171514.8699992,209.59581661224365,0.29444444444444445,0,42
1596171514.8799992,211.3977460861206,0.29444444444444445,0,42
1596171514.8899992,213.19813060760498,0.29444444444444445,0,42
1596171514.8999991,214.99748516082764,0.29444444444444445,0,42
1596171514.9099991,216.79589557647705,0.29444444444444445,0,42
1596171514.9199991,218.59499263763428,0.29444444444444445,0,42
1596171514.929999,220.39726543426514,0.29444444444444445,0,42
1596171514.939999,222.1964054107666,0.29444444444444445,0,42
1596171514.949999,223.9980344772339,0.29444444444444445,0,42
1596171514.959999,225.7975606918335,0.29444444444444445,0,42
1596171514.969999,227.5952844619751,0.29444444444444445,0,42
1596171514.979999,229.39622688293457,0.29444444444444445,0,42
1596171514.989999,231.19819927215576,0.29444444444444445,0,42
1596171514.999999,232.99789714813232,0.29444444444444445,0,42
1596171515.009999,234.7959213256836,0.29444444444444445,0,42
1596171515.019999,236.59506130218506,0.29444444444444445,0,42
1596171515.029999,238.396990776062,0.29444444444444445,0,42
1596171515.039999,240.19634532928467,0.29444444444444445,0,42
1596171515.049999,241.996901512146,0.29444444444444445,0,42
1596171515.059999,243.7973289489746,0.29444444444444445,0,42
1596171515.069999,245.59809970855713,0.29444444444444445,0,42
1596171515.079999,247.39676761627197,0.29444444444444445,0,42
1596171515.089999,249.19650840759277,0.29444444444444445,0,42
1596171515.099999,250.9970645904541,0.29444444444444445,0,42
1596171515.109999,252.7953462600708,0.29444444444444445,0,42
1596171515.119999,254.59611701965332,0.29444444444444445,0,42
1596171515.129999,256.3948278427124,0.29444444444444445,0,42
1596171515.139999,258.19774436950684,0.29444444444444445,0,42
1596171515.149999,259.99503898620605,0.29444444444444445,0,42
1596171515.159999,261.79701137542725,0.29444444444444445,0,42
1596171515.169999,263.5959367752075,0.29444444444444445,0,42
1596171515.1799989,265.39516258239746,0.29444444444444445,0,42
1596171515.1899989,267.1949462890625,0.29444444444444445,0,42
1596171515.1999989,268.996618270874,0.29444444444444445,0,42
1596171515.2099988,270.7974319458008,0.29444444444444445,0,42
1596171515.2199988,272.5962715148926,0.29444444444444445,0,42
1596171515.2299988,274.3951110839844,0.29444444444444445,0,42
1596171515.2399988,276.19639682769775,0.29444444444444445,0,42
1596171515.2499988,277.9948501586914,0.29444444444444445,0,42
1596171515.2599988,279.7963933944702,0.29444444444444445,0,42
1596171515.2699988,281.5972499847412,0.29444444444444445,0,42
1596171515.2799988,283.3969478607178,0.29444444444444445,0,42
1596171515.2899988,285.1979761123657,0.29444444444444445,0,42
1596171515.2999988,286.99638652801514,0.29444444444444445,0,42
1596171515.3099988,288.7974147796631,0.29444444444444445,0,42
1596171515.3199987,290.5956964492798,0.29444444444444445,0,42
1596171515.3299987,292.3950080871582,0.29444444444444445,0,42
1596171515.3399987,294.1952209472656,0.29444444444444445,0,42
1596171515.3499987,295.9980516433716,0.29444444444444445,0,42
1596171515.3599987,297.7959899902344,0.29444444444444445,0,42
1596171515.3699987,299.59512996673584,0.29444444444444445,0,42
1596171515.3799987,301.39791774749756,0.29444444444444445,0,42
1596171515.3899987,303.1977014541626,0.29444444444444445,0,42
1596171515.3999987,304.9950819015503,0.29444444444444445,0,42
1596171515.4099987,306.79701137542725,0.29444444444444445,0,42
1596171515.4199986,308.5973529815674,0.29444444444444445,0,42
1596171515.4299986,310.39516258239746,0.29444444444444445,0,42
1596171515.4399986,312.1960620880127,0.29444444444444445,0,42
1596171515.4499986,313.99786281585693,0.29444444444444445,0,42
1596171515.4599986,315.7958869934082,0.29444444444444445,0,42
1596171515.4699986,317.5966577529907,0.29444444444444445,0,42
1596171515.4799986,319.3952398300171,0.29444444444444445,0,42
1596171515.4899986,321.19502353668213,0.29444444444444445,0,42
1596171515.4999986,322.9949789047241,0.29444444444444445,0,42
1596171515.5099986,324.7977237701416,0.29444444444444445,0,42
1596171515.5199986,326.5956621170044,0.29444444444444445,0,42
1596171515.5299985,328.3951025009155,0.29444444444444445,0,42
1596171515.5399985,330.1961307525635,0.29444444444444445,0,42
1596171515.5499985,331.99582862854004,0.29444444444444445,0,42
1596171515.5599985,333.794882774353,0.29444444444444445,0,42
1596171515.5699985,335.59634017944336,0.29444444444444445,0,42
1596171515.5799985,337.3975830078125,0.29444444444444445,0,42
1596171515.5899985,339.19715213775635,0.29444444444444445,0,42
1596171515.5999985,340.9957342147827,0.29444444444444445,0,42
1596171515.6099985,342.79573249816895,0.29444444444444445,0,42
1596171515.6199985,344.5980052947998,0.29444444444444445,0,42
1596171515.6299984,346.397274017334,0.29444444444444445,0,42
1596171515.6399984,348.19615650177,0.29444444444444445,0,42
1596171515.6499984,349.99512481689453,0.29444444444444445,0,42
1596171515.6599984,351.79812717437744,0.29444444444444445,0,42
1596171515.6699984,353.59675216674805,0.29444444444444445,0,42
1596171515.6799984,355.3962354660034,0.29444444444444445,0,42
1596171515.6899984,357.1947317123413,0.29444444444444445,0,42
1596171515.6999984,358.9955024719238,0.29444444444444445,0,42
1596171515.7055898,360,0.29444444444444445,1
1596171515.7055898,0,0,0
1596171515.7155898,2.928687343291101,0.006258573848294202,0,42
1596171515.7255898,4.728513965300378,0.006258573848294202,0,42
1596171515.7355897,6.5287268254078,0.006258573848294202,0,42
1596171515.7455897,8.328553447417077,0.006258573848294202,0,42
1596171515.7555897,10.129839191130456,0.006258573848294202,0,42
1596171515.7655897,11.928292522124108,0.006258573848294202,0,42
1596171515.7755897,13.72974992721444,0.006258573848294202,0,42
1596171515.7855897,15.529233226469811,0.006258573848294202,0,42
1596171515.7955897,17.329918155363856,0.006258573848294202,0,42
1596171515.8055897,19.128414401701747,0.006258573848294202,0,42
1596171515.8155897,20.928541431120692,0.006258573848294202,0,42
1596171515.8255897,22.72763849227792,0.006258573848294202,0,42
1596171515.8355896,24.52815175979501,0.006258573848294202,0,42
1596171515.8455896,26.32763505905038,0.006258573848294202,0,42
1596171515.8555896,28.126946696928798,0.006258573848294202,0,42
1596171515.8655896,29.926601657561122,0.006258573848294202,0,42
1596171515.8755896,31.72887445419198,0.006258573848294202,0,42
1596171515.8855896,33.52732778518563,0.006258573848294202,0,42
1596171515.8955896,35.32663942306405,0.006258573848294202,0,42
1596171515.9055896,37.12865472762948,0.006258573848294202,0,42
1596171515.9155896,38.928567180327235,0.006258573848294202,0,42
1596171515.9255896,40.72942377059823,0.006258573848294202,0,42
1596171515.9355896,42.528864154509364,0.006258573848294202,0,42
1596171515.9455895,44.32839036910897,0.006258573848294202,0,42
1596171515.9555895,46.12757326095468,0.006258573848294202,0,42
1596171515.9655895,47.92894483535653,0.006258573848294202,0,42
1596171515.9755895,49.727870235136805,0.006258573848294202,0,42
1596171515.9855895,51.5278256031788,0.006258573848294202,0,42
1596171515.9955895,53.329411754301844,0.006258573848294202,0,42
1596171516.0055895,55.12773633926278,0.006258573848294202,0,42
1596171516.0155895,56.92880750625497,0.006258573848294202,0,42
1596171516.0255895,58.72906328170663,0.006258573848294202,0,42
1596171516.0355895,60.528546580962,0.006258573848294202,0,42
1596171516.0455894,62.32858777969247,0.006258573848294202,0,42
1596171516.0555894,64.1294872853077,0.006258573848294202,0,42
1596171516.0655894,65.92982889144784,0.006258573848294202,0,42
1596171516.0755894,67.7297413441456,0.006258573848294202,0,42
1596171516.0855894,69.52961088149911,0.006258573848294202,0,42
1596171516.0955894,71.32815004318124,0.006258573848294202,0,42
1596171516.1055894,73.1284058186329,0.006258573848294202,0,42
1596171516.1155894,74.92771745651132,0.006258573848294202,0,42
1596171516.1255894,76.7287886235035,0.006258573848294202,0,42
1596171516.1355894,78.52681280105477,0.006258573848294202,0,42
1596171516.1455894,80.32689691512948,0.006258573848294202,0,42
1596171516.1555893,82.12779642074472,0.006258573848294202,0,42
1596171516.1655893,83.92981172531015,0.006258573848294202,0,42
1596171516.1755893,85.72843671768075,0.006258573848294202,0,42
1596171516.1855893,87.52671838729745,0.006258573848294202,0,42
1596171516.1955893,89.32946325271493,0.006258573848294202,0,42
1596171516.2055893,91.12928987472421,0.006258573848294202,0,42
1596171516.2155893,92.92984605758554,0.006258573848294202,0,42
1596171516.2255893,94.7295439335621,0.006258573848294202,0,42
1596171516.2355893,96.52851224868661,0.006258573848294202,0,42
1596171516.2455893,98.32945466964608,0.006258573848294202,0,42
1596171516.2555892,100.12790800063974,0.006258573848294202,0,42
1596171516.2655892,101.92872167556649,0.006258573848294202,0,42
1596171516.2755892,103.72743249862557,0.006258573848294202,0,42
1596171516.2855892,105.52713037460214,0.006258573848294202,0,42
1596171516.2955892,107.32802988021737,0.006258573848294202,0,42
1596171516.3055892,109.1280281636036,0.006258573848294202,0,42
1596171516.315063,110.83172441451913,0.006258573848294202,0
1596171516.315063,110.83172441451913,0.006258573848294202,0
1596171516.3155892,110.92892766921884,0.006258573848294202,0,42
1596171516.3255892,112.7266085240162,0.006258573848294202,0,42
1596171516.3351653,114.45013166396981,0.006258573848294202,0
1596171516.3351653,114.45013166396981,0.006258573848294202,0
1596171516.3355892,114.52776552169686,0.006258573848294202,0,42
1596171516.3455892,116.32935167281991,0.006258573848294202,0,42
1596171516.3555892,118.12965036361581,0.006258573848294202,0,42
1596171516.3655891,119.92874742477304,0.006258573848294202,0,42
1596171516.3755891,121.72968984573251,0.006258573848294202,0,42
1596171516.3855891,123.5281860920704,0.006258573848294202,0,42
1596171516.395589,125.32711149185067,0.006258573848294202,0,42
1596171516.405589,127.12959886520272,0.006258573848294202,0,42
1596171516.415589,128.92835260360604,0.006258573848294202,0,42
1596171516.425589,130.72856546371347,0.006258573848294202,0,42
1596171516.435589,132.52641797988778,0.006258573848294202,0,42
1596171516.445589,134.32946325271493,0.006258573848294202,0,42
1596171516.455589,136.12834573715097,0.006258573848294202,0,42
1596171516.465589,137.9292452427662,0.006258573848294202,0,42
1596171516.475589,139.72855688064462,0.006258573848294202,0,42
1596171516.485589,141.52902723281747,0.006258573848294202,0,42
1596171516.495589,143.32954050033456,0.006258573848294202,0,42
1596171516.505589,145.12936712234384,0.006258573848294202,0,42
1596171516.515589,146.9296228977955,0.006258573848294202,0,42
1596171516.525589,148.7295782658375,0.006258573848294202,0,42
1596171516.535589,150.5264008137501,0.006258573848294202,0,42
1596171516.545589,152.3281586262501,0.006258573848294202,0,42
1596171516.555589,154.12704111068612,0.006258573848294202,0,42
1596171516.565589,155.9276402088917,0.006258573848294202,0,42
1596171516.575589,157.72901178329354,0.006258573848294202,0,42
1596171516.585589,159.5275938603199,0.006258573848294202,0,42
1596171516.595589,161.32930875747567,0.006258573848294202,0,42
1596171516.605589,163.12982202499276,0.006258573848294202,0,42
1596171516.615589,164.92844701736337,0.006258573848294202,0,42
1596171516.625589,166.7290032002247,0.006258573848294202,0,42
1596171516.635589,168.52668405502206,0.006258573848294202,0,42
1596171516.6455889,170.32865644424325,0.006258573848294202,0,42
1596171516.6555889,172.12886930435067,0.006258573848294202,0,42
1596171516.6655889,173.928524264983,0.006258573848294202,0,42
1596171516.6755888,175.72963834731942,0.006258573848294202,0,42
1596171516.6855888,177.5268900486744,0.006258573848294202,0,42
1596171516.6955888,179.32744623153573,0.006258573848294202,0,42
1596171516.7055888,181.129075298003,0.006258573848294202,0,42
1596171516.7155888,182.9289448353565,0.006258573848294202,0,42
1596171516.7255888,184.72851396530035,0.006258573848294202,0,42
1596171516.7355888,186.52941347091559,0.006258573848294202,0,42
1596171516.7455888,188.32722307174566,0.006258573848294202,0,42
1596171516.7555888,190.12953878372076,0.006258573848294202,0,42
1596171516.7655888,191.92670465438727,0.006258573848294202,0,42
1596171516.7755888,193.72799039810064,0.006258573848294202,0,42
1596171516.7855887,195.5275595280445,0.006258573848294202,0,42
1596171516.7955887,197.32807279556158,0.006258573848294202,0,42
1596171516.8055887,199.12867189376715,0.006258573848294202,0,42
1596171516.8155887,200.92716814010504,0.006258573848294202,0,42
1596171516.8255887,202.7286684605396,0.006258573848294202,0,42
1596171516.8355887,204.52707887618902,0.006258573848294202,0,42
1596171516.8455887,206.32896543472174,0.006258573848294202,0,42
1596171516.8555887,208.12840581863287,0.006258573848294202,0,42
1596171516.8655887,209.92926240890387,0.006258573848294202,0,42
1596171516.8755887,211.72908903091314,0.006258573848294202,0,42
1596171516.8855886,213.52724195449713,0.006258573848294202,0,42
1596171516.8955886,215.32835603683355,0.006258573848294202,0,42
1596171516.9055886,217.1264660450733,0.006258573848294202,0,42
1596171516.9155886,218.9282238575733,0.006258573848294202,0,42
1596171516.9255886,220.72835088699225,0.006258573848294202,0,42
1596171516.9355886,222.52650381057623,0.006258573848294202,0,42
1596171516.9455886,224.32774663894537,0.006258573848294202,0,42
1596171516.9555886,226.1288607212818,0.006258573848294202,0,42
1596171516.9655886,227.92877317397955,0.006258573848294202,0,42
1596171516.9755886,229.7264540287769,0.006258573848294202,0,42
1596171516.9855886,231.52937055557135,0.006258573848294202,0,42
1596171516.9955885,233.32786680190924,0.006258573848294202,0,42
1596171517.0055885,235.12692094772223,0.006258573848294202,0,42
1596171517.0155885,236.92683340041998,0.006258573848294202,0,42
1596171517.0255885,238.72631669967535,0.006258573848294202,0,42
1596171517.0355885,240.52747369735602,0.006258573848294202,0,42
1596171517.0455885,242.32811571090582,0.006258573848294202,0,42
1596171517.0555885,244.1287148091114,0.006258573848294202,0,42
1596171517.0655885,245.92648149459723,0.006258573848294202,0,42
1596171517.0755885,247.729097613982,0.006258573848294202,0,42
1596171517.0855885,249.5264780613697,0.006258573848294202,0,42
1596171517.0955884,251.32639051406744,0.006258573848294202,0,42
1596171517.1055884,253.12634588210943,0.006258573848294202,0,42
1596171517.1155884,254.92745996444586,0.006258573848294202,0,42
1596171517.1255884,256.72853113143805,0.006258573848294202,0,42
1596171517.1355884,258.52840066879156,0.006258573848294202,0,42
1596171517.1455884,260.3270685765064,0.006258573848294202,0,42
1596171517.1555884,262.12964178054693,0.006258573848294202,0,42
1596171517.1655884,263.926550159148,0.006258573848294202,0,42
1596171517.1755884,265.7269775959766,0.006258573848294202,0,42
1596171517.1855884,267.5287354084766,0.006258573848294202,0,42
1596171517.1955884,269.3295919987476,0.006258573848294202,0,42
1596171517.2055883,271.1283886524952,0.006258573848294202,0,42
1596171517.2155883,272.9294169041431,0.006258573848294202,0,42
1596171517.2255883,274.72662569015387,0.006258573848294202,0,42
1596171517.2355883,276.5295422169483,0.006258573848294202,0,42
1596171517.2455883,278.3277380558765,0.006258573848294202,0,42
1596171517.2555883,280.1291525456226,0.006258573848294202,0,42
1596171517.2655883,281.9291079136646,0.006258573848294202,0,42
1596171517.2755883,283.7263596150196,0.006258573848294202,0,42
1596171517.2855883,285.5263578984058,0.006258573848294202,0,42
1596171517.2955883,287.3268711659229,0.006258573848294202,0,42
1596171517.3055882,289.12777067153814,0.006258573848294202,0,42
1596171517.3155882,290.92806936233404,0.006258573848294202,0,42
1596171517.3255882,292.7277672383106,0.006258573848294202,0,42
1596171517.3355882,294.5289671513355,0.006258573848294202,0,42
1596171517.3455882,296.3275492283619,0.006258573848294202,0,42
1596171517.3555882,298.12840581863287,0.006258573848294202,0,42
1596171517.3655882,299.9286186787403,0.006258573848294202,0,42
1596171517.3755882,301.72943235366705,0.006258573848294202,0,42
1596171517.3855882,303.5292589756763,0.006258573848294202,0,42
1596171517.3955882,305.32934308975103,0.006258573848294202,0,42
1596171517.4055882,307.12865472762945,0.006258573848294202,0,42
1596171517.4155881,308.92908216445807,0.006258573848294202,0,42
1596171517.4255881,310.72938085525396,0.006258573848294202,0,42
1596171517.4355881,312.5283920857227,0.006258573848294202,0,42
1596171517.445588,314.3277895542896,0.006258573848294202,0,42
1596171517.455588,316.1295473667896,0.006258573848294202,0,42
1596171517.465588,317.9289448353565,0.006258573848294202,0,42
1596171517.475588,319.72718358962896,0.006258573848294202,0,42
1596171517.485588,321.5276110264576,0.006258573848294202,0,42
1596171517.495588,323.3262789341724,0.006258573848294202,0,42
1596171517.505588,325.1281225773609,0.006258573848294202,0,42
1596171517.515588,326.92837835281256,0.006258573848294202,0,42
1596171517.525588,328.7273895832813,0.006258573848294202,0,42
1596171517.535588,330.5263149830616,0.006258573848294202,0,42
1596171517.545588,332.3263132664478,0.006258573848294202,0,42
1596171517.555588,334.1272556874073,0.006258573848294202,0,42
1596171517.565588,335.9266531559742,0.006258573848294202,0,42
1596171517.575588,337.72858262985113,0.006258573848294202,0,42
1596171517.585588,339.52690721481207,0.006258573848294202,0,42
1596171517.595588,341.32651926010016,0.006258573848294202,0,42
1596171517.605588,343.1292212101734,0.006258573848294202,0,42
1596171517.615588,344.9276316258228,0.006258573848294202,0,42
1596171517.625588,346.7275011631763,0.006258573848294202,0,42
1596171517.635588,348.52895856826666,0.006258573848294202,0,42
1596171517.645588,350.327540645293,0.006258573848294202,0,42
1596171517.655588,352.12676645248297,0.006258573848294202,0,42
1596171517.665588,353.9286959263599,0.006258573848294202,0,42
1596171517.675588,355.72702051132086,0.006258573848294202,0,42
1596171517.685588,357.52676130264166,0.006258573848294202,0,42
1596171517.6955879,359.32942033737066,0.006258573848294202,0,42
1596171517.6993344,360,0.006258573848294202,1
1596171517.6993344,0,0,0
1596171517.7093344,2.9318890375670015,0.006273500015766653,0,42
1596171517.7193344,4.7312865061338965,0.006273500015766653,0,42
1596171517.7293344,6.529310683685166,0.006273500015766653,0,42
1596171517.7393343,8.330124358611924,0.006273500015766653,0,42
1596171517.7493343,10.129908065276963,0.006273500015766653,0,42
1596171517.7593343,11.930678824859482,0.006273500015766653,0,42
1596171517.7693343,13.729346732574326,0.006273500015766653,0,42
1596171517.7793343,15.530203322845322,0.006273500015766653,0,42
1596171517.7893343,17.332304458099227,0.006273500015766653,0,42
1596171517.7993343,19.130071143585067,0.006273500015766653,0,42
1596171517.8093343,20.93225810952745,0.006273500015766653,0,42
1596171517.8193343,22.730883101898055,0.006273500015766653,0,42
1596171517.8293343,24.529336432891707,0.006273500015766653,0,42
1596171517.8393342,26.331695060211043,0.006273500015766653,0,42
1596171517.8493342,28.130234221893172,0.006273500015766653,0,42
1596171517.8593342,29.9322495264586,0.006273500015766653,0,42
1596171517.8693342,31.730702857452254,0.006273500015766653,0,42
1596171517.8793342,33.53190277047716,0.006273500015766653,0,42
1596171517.8893342,35.331257323699816,0.006273500015766653,0,42
1596171517.8993342,37.13013980813585,0.006273500015766653,0,42
1596171517.9093342,38.93018100686632,0.006273500015766653,0,42
1596171517.9193342,40.73060844369493,0.006273500015766653,0,42
1596171517.9293342,42.53215167947374,0.006273500015766653,0,42
1596171517.9393342,44.33051917977892,0.006273500015766653,0,42
1596171517.9493341,46.13223407693468,0.006273500015766653,0,42
1596171517.9593341,47.92944286294542,0.006273500015766653,0,42
1596171517.9693341,49.73244522042833,0.006273500015766653,0,42
1596171517.979334,51.531156043487414,0.006273500015766653,0,42
1596171517.989334,53.33124015756212,0.006273500015766653,0,42
1596171517.999334,55.131367186981066,0.006273500015766653,0,42
1596171518.009334,56.93119380899034,0.006273500015766653,0,42
1596171518.019334,58.73029087014757,0.006273500015766653,0,42
1596171518.029334,60.52947376199327,0.006273500015766653,0,42
1596171518.039334,62.33157489724718,0.006273500015766653,0,42
1596171518.049334,64.13187358804308,0.006273500015766653,0,42
1596171518.059334,65.92976901956163,0.006273500015766653,0,42
1596171518.069334,67.73096893258653,0.006273500015766653,0,42
1596171518.079334,69.53195426889025,0.006273500015766653,0,42
1596171518.089334,71.33057926126085,0.006273500015766653,0,42
1596171518.099334,73.13190792031847,0.006273500015766653,0,42
1596171518.109334,74.93216369577013,0.006273500015766653,0,42
1596171518.119334,76.73087451882921,0.006273500015766653,0,42
1596171518.129334,78.53211734719835,0.006273500015766653,0,42
1596171518.139334,80.33069942422472,0.006273500015766653,0,42
1596171518.149334,82.13009689279161,0.006273500015766653,0,42
1596171518.159334,83.93048141427599,0.006273500015766653,0,42
1596171518.169334,85.72966430612169,0.006273500015766653,0,42
1596171518.179334,87.5306496424254,0.006273500015766653,0,42
1596171518.189334,89.32918880410753,0.006273500015766653,0,42
1596171518.199334,91.13231990762316,0.006273500015766653,0,42
1596171518.209334,92.931889037567,0.006273500015766653,0,42
1596171518.219334,94.73175857492052,0.006273500015766653,0,42
1596171518.2293339,96.5299114985045,0.006273500015766653,0,42
1596171518.2393339,98.33235595651232,0.006273500015766653,0,42
1596171518.2493339,100.13042304940782,0.006273500015766653,0,42
1596171518.2593338,101.929691771942,0.006273500015766653,0,42
1596171518.2693338,103.73093460031114,0.006273500015766653,0,42
1596171518.2793338,105.53114746041857,0.006273500015766653,0,42
1596171518.2893338,107.33071659036241,0.006273500015766653,0,42
1596171518.2993338,109.1303286356505,0.006273500015766653,0,42
1596171518.3077898,110.65120552011095,0.006273500015766653,0
1596171518.3077898,110.65120552011095,0.006273500015766653,0
1596171518.3093338,110.93178604074083,0.006273500015766653,0,42
1596171518.3179133,112.47343395181261,0.006273500015766653,0
1596171518.3179133,112.47343395181261,0.006273500015766653,0
1596171518.3193338,112.72989604898058,0.006273500015766653,0,42
1596171518.3293338,114.53251216836534,0.006273500015766653,0,42
1596171518.3393338,116.33208129830919,0.006273500015766653,0,42
1596171518.3493338,118.12984798379503,0.006273500015766653,0,42
1596171518.3593338,119.93031833596788,0.006273500015766653,0,42
1596171518.3693337,121.7322048945006,0.006273500015766653,0,42
1596171518.3793337,123.52958534188829,0.006273500015766653,0,42
1596171518.3893337,125.32979820199571,0.006273500015766653,0,42
1596171518.3993337,127.13147018380724,0.006273500015766653,0,42
1596171518.4093337,128.93078182168566,0.006273500015766653,0,42
1596171518.4193337,130.72983596749864,0.006273500015766653,0,42
1596171518.4293337,132.53069255776964,0.006273500015766653,0,42
1596171518.4393337,134.33180664010607,0.006273500015766653,0,42
1596171518.4493337,136.13004539437853,0.006273500015766653,0,42
1596171518.4593337,137.93060157723986,0.006273500015766653,0,42
1596171518.4693336,139.73012779183946,0.006273500015766653,0,42
1596171518.4793336,141.53085563607775,0.006273500015766653,0,42
1596171518.4893336,143.33171222634874,0.006273500015766653,0,42
1596171518.4993336,145.13149593301378,0.006273500015766653,0,42
1596171518.5093336,146.93007801004015,0.006273500015766653,0,42
1596171518.5193336,148.73050544686876,0.006273500015766653,0,42
1596171518.5293336,150.53247783608995,0.006273500015766653,0,42
1596171518.5393336,152.32985828347765,0.006273500015766653,0,42
1596171518.5493336,154.12981365151964,0.006273500015766653,0,42
1596171518.5593336,155.9302840036925,0.006273500015766653,0,42
1596171518.5693336,157.72933814950548,0.006273500015766653,0,42
1596171518.5793335,159.53152511544786,0.006273500015766653,0,42
1596171518.5893335,161.33148048348986,0.006273500015766653,0,42
1596171518.5993335,163.13113544412218,0.006273500015766653,0,42
1596171518.6093335,164.93173454232775,0.006273500015766653,0,42
1596171518.6193335,166.73065994210802,0.006273500015766653,0,42
1596171518.6293335,168.53052947946153,0.006273500015766653,0,42
1596171518.6393335,170.3307852549132,0.006273500015766653,0,42
1596171518.6493335,172.1294102472838,0.006273500015766653,0,42
1596171518.6593335,173.9293656153258,0.006273500015766653,0,42
1596171518.6693335,175.7314667505797,0.006273500015766653,0,42
1596171518.6793334,177.52979133554064,0.006273500015766653,0,42
1596171518.6893334,179.329274634796,0.006273500015766653,0,42
1596171518.6993334,181.13227699227895,0.006273500015766653,0,42
1596171518.7093334,182.93154571481313,0.006273500015766653,0,42
1596171518.7193334,184.73111484475697,0.006273500015766653,0,42
1596171518.7293334,186.53008315988149,0.006273500015766653,0,42
1596171518.7393334,188.32969520516957,0.006273500015766653,0,42
1596171518.7493334,190.13063762612904,0.006273500015766653,0,42
1596171518.7593334,191.931665877777,0.006273500015766653,0,42
1596171518.7693334,193.7309775156554,0.006273500015766653,0,42
1596171518.7793334,195.53200576730336,0.006273500015766653,0,42
1596171518.7893333,197.33131740518178,0.006273500015766653,0,42
1596171518.7993333,199.1308436197814,0.006273500015766653,0,42
1596171518.8093333,200.93088481851186,0.006273500015766653,0,42
1596171518.8193333,202.73058269448842,0.006273500015766653,0,42
1596171518.8293333,204.5290789408263,0.006273500015766653,0,42
1596171518.8393333,206.3321671289977,0.006273500015766653,0,42
1596171518.8493333,208.1315645975646,0.006273500015766653,0,42
1596171518.8593333,209.92903087564076,0.006273500015766653,0,42
1596171518.8693333,211.73237655587758,0.006273500015766653,0,42
1596171518.8793333,213.53005741067494,0.006273500015766653,0,42
1596171518.8893332,215.33112857766713,0.006273500015766653,0,42
1596171518.8993332,217.13219974465932,0.006273500015766653,0,42
1596171518.9093332,218.93099639840688,0.006273500015766653,0,42
1596171518.9193332,220.7321104807433,0.006273500015766653,0,42
1596171518.9293332,222.53125045724477,0.006273500015766653,0,42
1596171518.9393332,224.33056209512318,0.006273500015766653,0,42
1596171518.9493332,226.1318907541808,0.006273500015766653,0,42
1596171518.9593332,227.9293999476012,0.006273500015766653,0,42
1596171518.9693332,229.73167274423207,0.006273500015766653,0,42
1596171518.9793332,231.5295252604064,0.006273500015766653,0,42
1596171518.9893332,233.33081100411977,0.006273500015766653,0,42
1596171518.9993331,235.12926433511342,0.006273500015766653,0,42
1596171519.0093331,236.9294342798766,0.006273500015766653,0,42
1596171519.0193331,238.73037670083608,0.006273500015766653,0,42
1596171519.029333,240.53020332284535,0.006273500015766653,0,42
1596171519.039333,242.33243320413197,0.006273500015766653,0,42
1596171519.049333,244.12977073617543,0.006273500015766653,0,42
1596171519.059333,245.9301552576598,0.006273500015766653,0,42
1596171519.069333,247.7293381495055,0.006273500015766653,0,42
1596171519.079333,249.52912185617055,0.006273500015766653,0,42
1596171519.089333,251.33045051522816,0.006273500015766653,0,42
1596171519.099333,253.12929008431996,0.006273500015766653,0,42
1596171519.109333,254.92971752114858,0.006273500015766653,0,42
1596171519.119333,256.7298445505675,0.006273500015766653,0,42
1596171519.129333,258.5293278498229,0.006273500015766653,0,42
1596171519.139333,260.3307852549132,0.006273500015766653,0,42
1596171519.149333,262.1298394007262,0.006273500015766653,0,42
1596171519.159333,263.9306959909972,0.006273500015766653,0,42
1596171519.169333,265.73138091989125,0.006273500015766653,0,42
1596171519.179333,267.5323233408507,0.006273500015766653,0,42
1596171519.189333,269.33210704751576,0.006273500015766653,0,42
1596171519.199333,271.1300883097228,0.006273500015766653,0,42
1596171519.209333,272.9315457148131,0.006273500015766653,0,42
1596171519.219333,274.73210189767445,0.006273500015766653,0,42
1596171519.229333,276.52905319161977,0.006273500015766653,0,42
1596171519.239333,278.3305105967101,0.006273500015766653,0,42
1596171519.249333,280.12917850442494,0.006273500015766653,0,42
1596171519.259333,281.93085048623647,0.006273500015766653,0,42
1596171519.269333,283.7315354151305,0.006273500015766653,0,42
1596171519.2793329,285.5301604075011,0.006273500015766653,0,42
1596171519.2893329,287.3302445215758,0.006273500015766653,0,42
1596171519.2993329,289.13092945046986,0.006273500015766653,0,42
1596171519.3093328,290.93144271798695,0.006273500015766653,0,42
1596171519.3193328,292.7317843241271,0.006273500015766653,0,42
1596171519.3293328,294.53058097787465,0.006273500015766653,0,42
1596171519.3393328,296.32989261575307,0.006273500015766653,0,42
1596171519.3493328,298.1316933435973,0.006273500015766653,0,42
1596171519.3593328,299.9298891825255,0.006273500015766653,0,42
1596171519.3693328,301.73108909555043,0.006273500015766653,0,42
1596171519.3793328,303.5303578180846,0.006273500015766653,0,42
1596171519.3893328,305.3317723078307,0.006273500015766653,0,42
1596171519.3993328,307.1316418451842,0.006273500015766653,0,42
1596171519.4093328,308.93129680581654,0.006273500015766653,0,42
1596171519.4193327,310.73103759713734,0.006273500015766653,0,42
1596171519.4293327,312.5315079493102,0.006273500015766653,0,42
1596171519.4393327,314.32961795754994,0.006273500015766653,0,42
1596171519.4493327,316.1294445795592,0.006273500015766653,0,42
1596171519.4593327,317.93193195291127,0.006273500015766653,0,42
1596171519.4693327,319.73141525216664,0.006273500015766653,0,42
1596171519.4793327,321.53025482125844,0.006273500015766653,0,42
1596171519.4893327,323.3305964273986,0.006273500015766653,0,42
1596171519.4993327,325.13042304940785,0.006273500015766653,0,42
1596171519.5093327,326.92947719522084,0.006273500015766653,0,42
1596171519.5193326,328.73226497598256,0.006273500015766653,0,42
1596171519.5293326,330.5313620371398,0.006273500015766653,0,42
1596171519.5393326,332.3296437067565,0.006273500015766653,0,42
1596171519.5493326,334.1305432123717,0.006273500015766653,0,42
1596171519.5593326,335.9298977655944,0.006273500015766653,0,42
1596171519.5693326,337.73118350930775,0.006273500015766653,0,42
1596171519.5793326,339.52933643289174,0.006273500015766653,0,42
1596171519.5893326,341.33053634591664,0.006273500015766653,0,42
1596171519.5993326,343.12894676156606,0.006273500015766653,0,42
1596171519.6093326,344.93079040475453,0.006273500015766653,0,42
1596171519.6193326,346.73121784158315,0.006273500015766653,0,42
1596171519.6293325,348.5290274424132,0.006273500015766653,0,42
1596171519.6393325,350.33194396920766,0.006273500015766653,0,42
1596171519.6493325,352.1303973002013,0.006273500015766653,0,42
1596171519.6593325,353.92983768411244,0.006273500015766653,0,42
1596171519.6693325,355.7296213907775,0.006273500015766653,0,42
1596171519.6793325,357.5310358805236,0.006273500015766653,0,42
1596171519.6893325,359.3293175501403,0.006273500015766653,0,42
1596171519.6930716,360,0.006273500015766653,1
1596171519.6930716,0,0,0
1596171519.7030716,2.920389298820525,0.006213427275551853,0,42
1596171519.7130716,4.7205592435837085,0.006213427275551853,0,42
1596171519.7230716,6.521458749198943,0.006213427275551853,0,42
1596171519.7330716,8.319482926750212,0.006213427275551853,0,42
1596171519.7430716,10.120940331840544,0.006213427275551853,0,42
1596171519.7530715,11.920638207817106,0.006213427275551853,0,42
1596171519.7630715,13.721408967399626,0.006213427275551853,0,42
1596171519.7730715,15.520677689933805,0.006213427275551853,0,42
1596171519.7830715,17.318959359550504,0.006213427275551853,0,42
1596171519.7930715,19.12011635723117,0.006213427275551853,0,42
1596171519.8030715,20.918784264946012,0.006213427275551853,0,42
1596171519.8130715,22.719168786430387,0.006213427275551853,0,42
1596171519.8230715,24.520197038078337,0.006213427275551853,0,42
1596171519.8330715,26.321010713005094,0.006213427275551853,0,42
1596171519.8430715,28.121223573112516,0.006213427275551853,0,42
1596171519.8530715,29.91984856548312,0.006213427275551853,0,42
1596171519.8630714,31.718988541984587,0.006213427275551853,0,42
1596171519.8730714,33.51860058727267,0.006213427275551853,0,42
1596171519.8830714,35.320787553215055,0.006213427275551853,0,42
1596171519.8930714,37.121558312797575,0.006213427275551853,0,42
1596171519.9030714,38.92125618877414,0.006213427275551853,0,42
1596171519.9130714,40.71872246685031,0.006213427275551853,0,42
1596171519.9230714,42.5206948560715,0.006213427275551853,0,42
1596171519.9330714,44.32069313945773,0.006213427275551853,0,42
1596171519.9430714,46.119876031303434,0.006213427275551853,0,42
1596171519.9530714,47.91880143108371,0.006213427275551853,0,42
1596171519.9630713,49.718885545158415,0.006213427275551853,0,42
1596171519.9730713,51.52034295024875,0.006213427275551853,0,42
1596171519.9830713,53.318624619865446,0.006213427275551853,0,42
1596171519.9930713,55.12081158580783,0.006213427275551853,0,42
1596171520.0030713,56.92171109142306,0.006213427275551853,0,42
1596171520.0130713,58.72029316844943,0.006213427275551853,0,42
1596171520.0230713,60.52059185924533,0.006213427275551853,0,42
1596171520.0330713,62.31956017436984,0.006213427275551853,0,42
1596171520.0430713,64.11887181224826,0.006213427275551853,0,42
1596171520.0530713,65.9189988416672,0.006213427275551853,0,42
1596171520.0630713,67.71882546367648,0.006213427275551853,0,42
1596171520.0730712,69.52066910686496,0.006213427275551853,0,42
1596171520.0830712,71.32006657543185,0.006213427275551853,0,42
1596171520.0930712,73.11856282176974,0.006213427275551853,0,42
1596171520.1030712,74.92113602581027,0.006213427275551853,0,42
1596171520.1130712,76.7211343091965,0.006213427275551853,0,42
1596171520.1230712,78.51881516399386,0.006213427275551853,0,42
1596171520.1330712,80.31975758495334,0.006213427275551853,0,42
1596171520.1430712,82.120914582634,0.006213427275551853,0,42
1596171520.1530712,83.91932499828341,0.006213427275551853,0,42
1596171520.1630712,85.72026741924289,0.006213427275551853,0,42
1596171520.1730711,87.51872075023654,0.006213427275551853,0,42
1596171520.1830711,89.32163727703097,0.006213427275551853,0,42
1596171520.1930711,91.12090599956515,0.006213427275551853,0,42
1596171520.203071,92.91910183849338,0.006213427275551853,0,42
1596171520.213071,94.72030175151828,0.006213427275551853,0,42
1596171520.223071,96.51875508251193,0.006213427275551853,0,42
1596171520.233071,98.32175743999484,0.006213427275551853,0,42
1596171520.243071,100.11866581859591,0.006213427275551853,0,42
1596171520.253071,101.92162526073459,0.006213427275551853,0,42
1596171520.263071,103.72162354412082,0.006213427275551853,0,42
1596171520.273071,105.52132142009738,0.006213427275551853,0,42
1596171520.283071,107.3195172590256,0.006213427275551853,0,42
1596171520.293071,109.12118924083713,0.006213427275551853,0,42
1596171520.301787,110.68717015209201,0.006213427275551853,0
1596171520.301787,110.68717015209201,0.006213427275551853,0
1596171520.303071,110.9192134183884,0.006213427275551853,0,42
1596171520.3031561,110.93363297405246,0.006213427275551853,0
1596171520.3031561,110.93363297405246,0.006213427275551853,0
1596171520.313071,112.7209712308884,0.006213427275551853,0,42
1596171520.323071,114.52122700634006,0.006213427275551853,0,42
1596171520.333071,116.321354035759,0.006213427275551853,0,42
1596171520.343071,118.12096608104709,0.006213427275551853,0,42
1596171520.353071,119.92053521099093,0.006213427275551853,0,42
1596171520.363071,121.7185593885422,0.006213427275551853,0,42
1596171520.373071,123.52005970897677,0.006213427275551853,0,42
1596171520.383071,125.32091629924777,0.006213427275551853,0,42
1596171520.393071,127.12160122814181,0.006213427275551853,0,42
1596171520.403071,128.920869950676,0.006213427275551853,0,42
1596171520.413071,130.71867955150609,0.006213427275551853,0,42
1596171520.423071,132.5211240095139,0.006213427275551853,0,42
1596171520.433071,134.31837571086888,0.006213427275551853,0,42
1596171520.443071,136.1191464704514,0.006213427275551853,0,42
1596171520.4530709,137.92163384380345,0.006213427275551853,0,42
1596171520.4630709,139.71944344463353,0.006213427275551853,0,42
1596171520.4730709,141.52077210369114,0.006213427275551853,0,42
1596171520.4830709,143.31948292675023,0.006213427275551853,0,42
1596171520.4930708,145.11870873394017,0.006213427275551853,0,42
1596171520.5030708,146.92025196971898,0.006213427275551853,0,42
1596171520.5130708,148.7199069303513,0.006213427275551853,0,42
1596171520.5230708,150.52080643596653,0.006213427275551853,0,42
1596171520.5330708,152.32101929607396,0.006213427275551853,0,42
1596171520.5430708,154.12140381755833,0.006213427275551853,0,42
1596171520.5530708,155.9192134183884,0.006213427275551853,0,42
1596171520.5630708,157.71878254833226,0.006213427275551853,0,42
1596171520.5730708,159.52157032909398,0.006213427275551853,0,42
1596171520.5830708,161.3208819669724,0.006213427275551853,0,42
1596171520.5930707,163.118605737114,0.006213427275551853,0,42
1596171520.6030707,164.92032063426976,0.006213427275551853,0,42
1596171520.6130707,166.71838772716526,0.006213427275551853,0,42
1596171520.6230707,168.5215188306809,0.006213427275551853,0,42
1596171520.6330707,170.31919968547825,0.006213427275551853,0,42
1596171520.6430707,172.12027085247044,0.006213427275551853,0,42
1596171520.6530707,173.9183808607102,0.006213427275551853,0,42
1596171520.6630707,175.72043908061985,0.006213427275551853,0,42
1596171520.6730707,177.52052319469456,0.006213427275551853,0,42
1596171520.6830707,179.32129395427708,0.006213427275551853,0,42
1596171520.6930707,181.11863148632054,0.006213427275551853,0,42
1596171520.7030706,182.91858685436253,0.006213427275551853,0,42
1596171520.7130706,184.71970093669896,0.006213427275551853,0,42
1596171520.7230706,186.51965630474095,0.006213427275551853,0,42
1596171520.7330706,188.32098496379857,0.006213427275551853,0,42
1596171520.7430706,190.1186229032517,0.006213427275551853,0,42
1596171520.7530706,191.92076695384984,0.006213427275551853,0,42
1596171520.7630706,193.71986401500706,0.006213427275551853,0,42
1596171520.7730706,195.52080643596653,0.006213427275551853,0,42
1596171520.7830706,197.32110512676243,0.006213427275551853,0,42
1596171520.7930706,199.1200305265427,0.006213427275551853,0,42
1596171520.8030705,200.920758370781,0.006213427275551853,0,42
1596171520.8130705,202.71968377056126,0.006213427275551853,0,42
1596171520.8230705,204.52041161479954,0.006213427275551853,0,42
1596171520.8330705,206.32075322093968,0.006213427275551853,0,42
1596171520.8430705,208.12015068950657,0.006213427275551853,0,42
1596171520.8530705,209.9195910734177,0.006213427275551853,0,42
1596171520.8630705,211.7182160657883,0.006213427275551853,0,42
1596171520.8730705,213.51834309520726,0.006213427275551853,0,42
1596171520.8830705,215.3208304685593,0.006213427275551853,0,42
1596171520.8930705,217.11872590007786,0.006213427275551853,0,42
1596171520.9030704,218.9185096067429,0.006213427275551853,0,42
1596171520.9130704,220.71983826580052,0.006213427275551853,0,42
1596171520.9230704,222.51975071849827,0.006213427275551853,0,42
1596171520.9330704,224.32026398601536,0.006213427275551853,0,42
1596171520.9430704,226.1198331159592,0.006213427275551853,0,42
1596171520.9530704,227.91953099193577,0.006213427275551853,0,42
1596171520.9630704,229.718628053093,0.006213427275551853,0,42
1596171520.9730704,231.51939881267552,0.006213427275551853,0,42
1596171520.9830704,233.32038414897923,0.006213427275551853,0,42
1596171520.9930704,235.12136948528294,0.006213427275551853,0,42
1596171521.0030704,236.91965115489964,0.006213427275551853,0,42
1596171521.0130703,238.71943486156468,0.006213427275551853,0,42
1596171521.0230703,240.51904690685276,0.006213427275551853,0,42
1596171521.0330703,242.32153428020482,0.006213427275551853,0,42
1596171521.0430703,244.12015927257542,0.006213427275551853,0,42
1596171521.0530703,245.9206725400925,0.006213427275551853,0,42
1596171521.0630703,247.7183963102341,0.006213427275551853,0,42
1596171521.0730703,249.5192529005051,0.006213427275551853,0,42
1596171521.0830703,251.31912243785862,0.006213427275551853,0,42
1596171521.0930703,253.11954987468724,0.006213427275551853,0,42
1596171521.1030703,254.91907608928685,0.006213427275551853,0,42
1596171521.1130702,256.72006142559053,0.006213427275551853,0,42
1596171521.1230702,258.51958764019014,0.006213427275551853,0,42
1596171521.1330702,260.320959214592,0.006213427275551853,0,42
1596171521.1430702,262.1215153974533,0.006213427275551853,0,42
1596171521.1530702,263.9213420194626,0.006213427275551853,0,42
1596171521.1630702,265.72078240337373,0.006213427275551853,0,42
1596171521.1730702,267.5182486814499,0.006213427275551853,0,42
1596171521.1830702,269.3195773405075,0.006213427275551853,0,42
1596171521.1930702,271.1203051847458,0.006213427275551853,0,42
1596171521.2030702,272.9194880765915,0.006213427275551853,0,42
1596171521.2130702,274.72094548168184,0.006213427275551853,0,42
1596171521.2230701,276.5181971830368,0.006213427275551853,0,42
1596171521.2330701,278.319268350029,0.006213427275551853,0,42
1596171521.2430701,280.11892331066133,0.006213427275551853,0,42
1596171521.25307,281.9187499326706,0.006213427275551853,0,42
1596171521.26307,283.72076523723604,0.006213427275551853,0,42
1596171521.27307,285.5196906370163,0.006213427275551853,0,42
1596171521.28307,287.31968892040254,0.006213427275551853,0,42
1596171521.29307,289.1186143201828,0.006213427275551853,0,42
1596171521.30307,290.9195567411423,0.006213427275551853,0,42
1596171521.31307,292.71856797161104,0.006213427275551853,0,42
1596171521.32307,294.5207120222092,0.006213427275551853,0,42
1596171521.33307,296.31852162303926,0.006213427275551853,0,42
1596171521.34307,298.1212235731125,0.006213427275551853,0,42
1596171521.35307,299.91920483531953,0.006213427275551853,0,42
1596171521.36307,301.72031891765596,0.006213427275551853,0,42
1596171521.37307,303.520102624321,0.006213427275551853,0,42
1596171521.38307,305.3203154844284,0.006213427275551853,0,42
1596171521.39307,307.1185542387009,0.006213427275551853,0,42
1596171521.40307,308.91893876018526,0.006213427275551853,0,42
1596171521.41307,310.72035324993135,0.006213427275551853,0,42
1596171521.42307,312.5182486814499,0.006213427275551853,0,42
1596171521.43307,314.31893361034395,0.006213427275551853,0,42
1596171521.44307,316.12082016887666,0.006213427275551853,0,42
1596171521.45307,317.918501023674,0.006213427275551853,0,42
1596171521.46307,319.720258836174,0.006213427275551853,0,42
1596171521.47307,321.51922715129854,0.006213427275551853,0,42
1596171521.48307,323.31999791088106,0.006213427275551853,0,42
1596171521.49307,325.11849415721895,0.006213427275551853,0,42
1596171521.5030699,326.9205523771286,0.006213427275551853,0,42
1596171521.5130699,328.7199498456955,0.006213427275551853,0,42
1596171521.5230699,330.52042019786836,0.006213427275551853,0,42
1596171521.5330698,332.31925976696016,0.006213427275551853,0,42
1596171521.5430698,334.119730119133,0.006213427275551853,0,42
1596171521.5530698,335.920586709404,0.006213427275551853,0,42
1596171521.5630698,337.721443299675,0.006213427275551853,0,42
1596171521.5730698,339.5207120222092,0.006213427275551853,0,42
1596171521.5830698,341.31873619976045,0.006213427275551853,0,42
1596171521.5930698,343.12062275829317,0.006213427275551853,0,42
1596171521.6030698,344.9189473432541,0.006213427275551853,0,42
1596171521.6130698,346.71838772716524,0.006213427275551853,0,42
1596171521.6230698,348.52048886241914,0.006213427275551853,0,42
1596171521.6330698,350.3206158918381,0.006213427275551853,0,42
1596171521.6430697,352.1210433286667,0.006213427275551853,0,42
1596171521.6530697,353.91971123638154,0.006213427275551853,0,42
1596171521.6630697,355.7182503980637,0.006213427275551853,0,42
1596171521.6730697,357.52043736400606,0.006213427275551853,0,42
1596171521.6830697,359.3192340177536,0.006213427275551853,0,42
1596171521.6868668,360,0.006213427275551853,1
1596171521.6868668,0,0,0
1596171521.6968668,2.9120358962276627,0.0061715494363722145,0,42
1596171521.7068667,4.711647941515748,0.0061715494363722145,0,42
1596171521.7168667,6.51336283867151,0.0061715494363722145,0,42
1596171521.7268667,8.313790275500123,0.0061715494363722145,0,42
1596171521.7368667,10.112544013903443,0.0061715494363722145,0,42
1596171521.7468667,11.911040260241334,0.0061715494363722145,0,42
1596171521.7568667,13.7116393584469,0.0061715494363722145,0,42
1596171521.7668667,15.51189513389856,0.0061715494363722145,0,42
1596171521.7768667,17.312794639513797,0.0061715494363722145,0,42
1596171521.7868667,19.11373706047327,0.0061715494363722145,0,42
1596171521.7968667,20.914121581957644,0.0061715494363722145,0,42
1596171521.8068666,22.711373283312625,0.0061715494363722145,0,42
1596171521.8168666,24.511843635485477,0.0061715494363722145,0,42
1596171521.8268666,26.312356903002566,0.0061715494363722145,0,42
1596171521.8368666,28.11402888481409,0.0061715494363722145,0,42
1596171521.8468666,29.911838485644168,0.0061715494363722145,0,42
1596171521.8568666,31.712909652636355,0.0061715494363722145,0,42
1596171521.8668666,33.512907936022586,0.0061715494363722145,0,42
1596171521.8768666,35.311318351672,0.0061715494363722145,0,42
1596171521.8868666,37.111187889025516,0.0061715494363722145,0,42
1596171521.8968666,38.91161532585413,0.0061715494363722145,0,42
1596171521.9068666,40.711484863207644,0.0061715494363722145,0,42
1596171521.9168665,42.51410098259241,0.0061715494363722145,0,42
1596171521.9268665,44.31255431358606,0.0061715494363722145,0,42
1596171521.9368665,46.11409754936487,0.0061715494363722145,0,42
1596171521.9468665,47.91306586448938,0.0061715494363722145,0,42
1596171521.9568665,49.71220584099085,0.0061715494363722145,0,42
1596171521.9668665,51.51284785454065,0.0061715494363722145,0,42
1596171521.9768665,53.31250281517298,0.0061715494363722145,0,42
1596171521.9868665,55.11194319908411,0.0061715494363722145,0,42
1596171521.9968665,56.91421599571497,0.0061715494363722145,0,42
1596171522.0068665,58.711338951037234,0.0061715494363722145,0,42
1596171522.0168664,60.51275344078333,0.0061715494363722145,0,42
1596171522.0268664,62.31090636436731,0.0061715494363722145,0,42
1596171522.0368664,64.11373706047327,0.0061715494363722145,0,42
1596171522.0468664,65.91240496818811,0.0061715494363722145,0,42
1596171522.0568664,67.7131328124264,0.0061715494363722145,0,42
1596171522.0668664,69.51295943443567,0.0061715494363722145,0,42
1596171522.0768664,71.3109406966427,0.0061715494363722145,0,42
1596171522.0868664,73.11329932396204,0.0061715494363722145,0,42
1596171522.0968664,74.91218180839807,0.0061715494363722145,0,42
1596171522.1068664,76.71256632988245,0.0061715494363722145,0,42
1596171522.1168664,78.51385207359583,0.0061715494363722145,0,42
1596171522.1268663,80.31110377495081,0.0061715494363722145,0,42
1596171522.1368663,82.1116170424679,0.0061715494363722145,0,42
1596171522.1468663,83.913932754443,0.0061715494363722145,0,42
1596171522.1568663,85.71354479973108,0.0061715494363722145,0,42
1596171522.1668663,87.51221270744593,0.0061715494363722145,0,42
1596171522.1768663,89.31401343529016,0.0061715494363722145,0,42
1596171522.1868663,91.11109347526819,0.0061715494363722145,0,42
1596171522.1968663,92.91203589622766,0.0061715494363722145,0,42
1596171522.2068663,94.71366496269495,0.0061715494363722145,0,42
1596171522.2168663,96.51314826195032,0.0061715494363722145,0,42
1596171522.2268662,98.31194491569788,0.0061715494363722145,0,42
1596171522.2368662,100.11082740013391,0.0061715494363722145,0,42
1596171522.2468662,101.91305728142054,0.0061715494363722145,0,42
1596171522.2568662,103.71090979759485,0.0061715494363722145,0,42
1596171522.2668662,105.51352591697962,0.0061715494363722145,0,42
1596171522.2768662,107.31296630089075,0.0061715494363722145,0,42
1596171522.2868662,109.11382289116175,0.0061715494363722145,0,42
1596171522.2945151,110.48758597557337,0.0061715494363722145,0
1596171522.2945151,110.48758597557337,0.0061715494363722145,0
1596171522.2958934,110.73567958061487,0.0061715494363722145,0
1596171522.2958934,110.73567958061487,0.0061715494363722145,0
1596171522.2968662,110.91249079887659,0.0061715494363722145,0,42
1596171522.3068662,112.71124453727991,0.0061715494363722145,0,42
1596171522.3168662,114.512659027026,0.0061715494363722145,0,42
1596171522.3268661,116.31347270195276,0.0061715494363722145,0,42
1596171522.3368661,118.11188311760218,0.0061715494363722145,0,42
1596171522.3468661,119.91110892479212,0.0061715494363722145,0,42
1596171522.3568661,121.71230883781702,0.0061715494363722145,0,42
1596171522.366866,123.51136298363001,0.0061715494363722145,0,42
1596171522.376866,125.3133353728512,0.0061715494363722145,0,42
1596171522.386866,127.11226077263147,0.0061715494363722145,0,42
1596171522.396866,128.91187281791954,0.0061715494363722145,0,42
1596171522.406866,130.71328730766564,0.0061715494363722145,0,42
1596171522.416866,132.5107535857418,0.0061715494363722145,0,42
1596171522.426866,134.31186766807824,0.0061715494363722145,0,42
1596171522.436866,136.11117930595665,0.0061715494363722145,0,42
1596171522.446866,137.91293711845665,0.0061715494363722145,0,42
1596171522.456866,139.7128495711544,0.0061715494363722145,0,42
1596171522.466866,141.5135774153927,0.0061715494363722145,0,42
1596171522.476866,143.31228823845177,0.0061715494363722145,0,42
1596171522.486866,145.11258692924767,0.0061715494363722145,0,42
1596171522.496866,146.91352935020714,0.0061715494363722145,0,42
1596171522.506866,148.71296973411827,0.0061715494363722145,0,42
1596171522.516866,150.51382632438927,0.0061715494363722145,0,42
1596171522.526866,152.3132667083004,0.0061715494363722145,0,42
1596171522.536866,154.11403746788292,0.0061715494363722145,0,42
1596171522.546866,155.91167540733605,0.0061715494363722145,0,42
1596171522.556866,157.71330447380333,0.0061715494363722145,0,42
1596171522.566866,159.51325984184533,0.0061715494363722145,0,42
1596171522.576866,161.3125285643795,0.0061715494363722145,0,42
1596171522.586866,163.1113681334713,0.0061715494363722145,0,42
1596171522.596866,164.91261096184044,0.0061715494363722145,0,42
1596171522.606866,166.7112788695553,0.0061715494363722145,0,42
1596171522.6168659,168.5139379042843,0.0061715494363722145,0,42
1596171522.6268659,170.3116616744259,0.0061715494363722145,0,42
1596171522.6368659,172.1114024657467,0.0061715494363722145,0,42
1596171522.6468658,173.91135783378868,0.0061715494363722145,0,42
1596171522.6568658,175.7138022917965,0.0061715494363722145,0,42
1596171522.6668658,177.51251311485558,0.0061715494363722145,0,42
1596171522.6768658,179.31311221306115,0.0061715494363722145,0,42
1596171522.6868658,181.1128100890377,0.0061715494363722145,0,42
1596171522.6968658,182.9122075576046,0.0061715494363722145,0,42
1596171522.7068658,184.7113904494503,0.0061715494363722145,0,42
1596171522.7168658,186.51254744713097,0.0061715494363722145,0,42
1596171522.7268658,188.31336112205773,0.0061715494363722145,0,42
1596171522.7368658,190.11125655357628,0.0061715494363722145,0,42
1596171522.7468657,191.9129285353878,0.0061715494363722145,0,42
1596171522.7568657,193.71103854362755,0.0061715494363722145,0,42
1596171522.7668657,195.51348300163536,0.0061715494363722145,0,42
1596171522.7768657,197.31253714744835,0.0061715494363722145,0,42
1596171522.7868657,199.11163420860558,0.0061715494363722145,0,42
1596171522.7968657,200.91210456077843,0.0061715494363722145,0,42
1596171522.8068657,202.71261782829552,0.0061715494363722145,0,42
1596171522.8168657,204.5116719741085,0.0061715494363722145,0,42
1596171522.8268657,206.31338687126427,0.0061715494363722145,0,42
1596171522.8368657,208.11196894829064,0.0061715494363722145,0,42
1596171522.8468657,209.9140271682003,0.0061715494363722145,0,42
1596171522.8568656,211.71179385368615,0.0061715494363722145,0,42
1596171522.8668656,213.51140589897423,0.0061715494363722145,0,42
1596171522.8768656,215.3136786956051,0.0061715494363722145,0,42
1596171522.8868656,217.1128615874508,0.0061715494363722145,0,42
1596171522.8968656,218.9107999343136,0.0061715494363722145,0,42
1596171522.9068656,220.7112273711422,0.0061715494363722145,0,42
1596171522.9168656,222.51285643760949,0.0061715494363722145,0,42
1596171522.9268656,224.31315512840538,0.0061715494363722145,0,42
1596171522.9368656,226.11152262871056,0.0061715494363722145,0,42
1596171522.9468656,227.91117758934288,0.0061715494363722145,0,42
1596171522.9568655,229.7138366240719,0.0061715494363722145,0,42
1596171522.9668655,231.51207537834435,0.0061715494363722145,0,42
1596171522.9768655,233.313232376025,0.0061715494363722145,0,42
1596171522.9868655,235.11142821495324,0.0061715494363722145,0,42
1596171522.9968655,236.91245646660118,0.0061715494363722145,0,42
1596171523.0068655,238.7117681044796,0.0061715494363722145,0,42
1596171523.0168655,240.5119380492428,0.0061715494363722145,0,42
1596171523.0268655,242.31193633262902,0.0061715494363722145,0,42
1596171523.0368655,244.11223502342492,0.0061715494363722145,0,42
1596171523.0468655,245.91304869835167,0.0061715494363722145,0,42
1596171523.0568655,247.7106866378048,0.0061715494363722145,0,42
1596171523.0668654,249.51403231804161,0.0061715494363722145,0,42
1596171523.0768654,251.31304354851036,0.0061715494363722145,0,42
1596171523.0868654,253.11063857261925,0.0061715494363722145,0,42
1596171523.0968654,254.91183848564415,0.0061715494363722145,0,42
1596171523.1068654,256.71226592247274,0.0061715494363722145,0,42
1596171523.1168654,258.51157756035116,0.0061715494363722145,0,42
1596171523.1268654,260.31251998131063,0.0061715494363722145,0,42
1596171523.1368654,262.112904502795,0.0061715494363722145,0,42
1596171523.1468654,263.9117440718868,0.0061715494363722145,0,42
1596171523.1568654,265.7109269637325,0.0061715494363722145,0,42
1596171523.1668653,267.51161189262655,0.0061715494363722145,0,42
1596171523.1768653,269.313455535815,0.0061715494363722145,0,42
1596171523.1868653,271.11276717369344,0.0061715494363722145,0,42
1596171523.1968653,272.9114350814083,0.0061715494363722145,0,42
1596171523.2068653,274.7114333647945,0.0061715494363722145,0,42
1596171523.2168653,276.51065917198446,0.0061715494363722145,0,42
1596171523.2268653,278.31220240776327,0.0061715494363722145,0,42
1596171523.2368653,280.1125440139034,0.0061715494363722145,0,42
1596171523.2468653,281.9129285353878,0.0061715494363722145,0,42
1596171523.2568653,283.713828041003,0.0061715494363722145,0,42
1596171523.2668653,285.5122384566524,0.0061715494363722145,0,42
1596171523.2768652,287.31210799400594,0.0061715494363722145,0,42
1596171523.2868652,289.11352248375204,0.0061715494363722145,0,42
1596171523.2968652,290.91103167717245,0.0061715494363722145,0,42
1596171523.3068652,292.71381945793416,0.0061715494363722145,0,42
1596171523.3168652,294.51231570427205,0.0061715494363722145,0,42
1596171523.3268652,296.31282897178914,0.0061715494363722145,0,42
1596171523.3368652,298.1122693557003,0.0061715494363722145,0,42
1596171523.3468652,299.91265387718465,0.0061715494363722145,0,42
1596171523.3568652,301.71072097008016,0.0061715494363722145,0,42
1596171523.3668652,303.5114058989742,0.0061715494363722145,0,42
1596171523.3768651,305.3130349654415,0.0061715494363722145,0,42
1596171523.3868651,307.1106299895504,0.0061715494363722145,0,42
1596171523.3968651,308.9135465163448,0.0061715494363722145,0,42
1596171523.4068651,310.71165652458455,0.0061715494363722145,0,42
1596171523.416865,312.511697723315,0.0061715494363722145,0,42
1596171523.426865,314.3128547209957,0.0061715494363722145,0,42
1596171523.436865,316.1119517821529,0.0061715494363722145,0,42
1596171523.446865,317.9128942031124,0.0061715494363722145,0,42
1596171523.456865,319.7120770949581,0.0061715494363722145,0,42
1596171523.466865,321.51198954765584,0.0061715494363722145,0,42
1596171523.476865,323.3134898680904,0.0061715494363722145,0,42
1596171523.486865,325.1132306594112,0.0061715494363722145,0,42
1596171523.496865,326.91198439781454,0.0061715494363722145,0,42
1596171523.506865,328.71082396690633,0.0061715494363722145,0,42
1596171523.516865,330.51326842491414,0.0061715494363722145,0,42
1596171523.526865,332.3134383696773,0.0061715494363722145,0,42
1596171523.536865,334.1131362456539,0.0061715494363722145,0,42
1596171523.546865,335.91291995231893,0.0061715494363722145,0,42
1596171523.556865,337.71180243675497,0.0061715494363722145,0,42
1596171523.566865,339.5120152968624,0.0061715494363722145,0,42
1596171523.576865,341.31338687126424,0.0061715494363722145,0,42
1596171523.586865,343.11102481071737,0.0061715494363722145,0,42
1596171523.596865,344.91389842216756,0.0061715494363722145,0,42
1596171523.606865,346.7134675521114,0.0061715494363722145,0,42
1596171523.616865,348.51166339103963,0.0061715494363722145,0,42
1596171523.626865,350.31286330406454,0.0061715494363722145,0,42
1596171523.636865,352.1131190795162,0.0061715494363722145,0,42
1596171523.646865,353.91088576500204,0.0061715494363722145,0,42
1596171523.656865,355.71165652458455,0.0061715494363722145,0,42
1596171523.6668649,357.5130280989864,0.0061715494363722145,0,42
1596171523.6768649,359.310751869128,0.0061715494363722145,0,42
1596171523.680705,360,0.0061715494363722145,1
1596171523.680705,0,0,0
1596171523.690705,2.9093136700138156,0.006160479073251124,0,42
1596171523.700705,4.711886874054343,0.006160479073251124,0,42
1596171523.710705,6.5099968822940895,0.006160479073251124,0,42
1596171523.720705,8.312098017547996,0.006160479073251124,0,42
1596171523.730705,10.11123799404946,0.006160479073251124,0,42
1596171523.740705,11.909862986420066,0.006160479073251124,0,42
1596171523.750705,13.711878290985496,0.006160479073251124,0,42
1596171523.760705,15.511576166962058,0.006160479073251124,0,42
1596171523.770705,17.31183194241372,0.006160479073251124,0,42
1596171523.780705,19.11080025753823,0.006160479073251124,0,42
1596171523.790705,20.911871424530418,0.006160479073251124,0,42
1596171523.800705,22.711183062408836,0.006160479073251124,0,42
1596171523.810705,24.509250155304343,0.006160479073251124,0,42
1596171523.820705,26.310750475738914,0.006160479073251124,0,42
1596171523.830705,28.10959004483071,0.006160479073251124,0,42
1596171523.840705,29.90988873562661,0.006160479073251124,0,42
1596171523.850705,31.711260310028464,0.006160479073251124,0,42
1596171523.860705,33.50932740292397,0.006160479073251124,0,42
1596171523.870705,35.31215809902993,0.006160479073251124,0,42
1596171523.8807049,37.10992478451577,0.006160479073251124,0,42
1596171523.8907049,38.910824290131,0.006160479073251124,0,42
1596171523.9007049,40.70996426663247,0.006160479073251124,0,42
1596171523.9107049,42.51172207913247,0.006160479073251124,0,42
1596171523.9207048,44.30991791806069,0.006160479073251124,0,42
1596171523.9307048,46.11171864590493,0.006160479073251124,0,42
1596171523.9407048,47.91137360653725,0.006160479073251124,0,42
1596171523.9507048,49.71141480526772,0.006160479073251124,0,42
1596171523.9607048,51.50892399868813,0.006160479073251124,0,42
1596171523.9707048,53.30990933499184,0.006160479073251124,0,42
1596171523.9807048,55.111624232147605,0.006160479073251124,0,42
1596171523.9907048,56.90934800228921,0.006160479073251124,0,42
1596171524.0007048,58.71153496823159,0.006160479073251124,0,42
1596171524.0107048,60.51011704525796,0.006160479073251124,0,42
1596171524.0207047,62.310201159332664,0.006160479073251124,0,42
1596171524.0307047,64.11071442684975,0.006160479073251124,0,42
1596171524.0407047,65.91204308590737,0.006160479073251124,0,42
1596171524.0507047,67.7120413692936,0.006160479073251124,0,42
1596171524.0607047,69.51070927700844,0.006160479073251124,0,42
1596171524.0707047,71.30920552334634,0.006160479073251124,0,42
1596171524.0807047,73.10907506069985,0.006160479073251124,0,42
1596171524.0907047,74.9106612118229,0.006160479073251124,0,42
1596171524.1007047,76.70962952694741,0.006160479073251124,0,42
1596171524.1107047,78.50919865689126,0.006160479073251124,0,42
1596171524.1207047,80.30962609371987,0.006160479073251124,0,42
1596171524.1307046,82.10958146176186,0.006160479073251124,0,42
1596171524.1407046,83.91159676632729,0.006160479073251124,0,42
1596171524.1507046,85.71172379574624,0.006160479073251124,0,42
1596171524.1607046,87.51137875637856,0.006160479073251124,0,42
1596171524.1707046,89.31051873288003,0.006160479073251124,0,42
1596171524.1807046,91.10974454006997,0.006160479073251124,0,42
1596171524.1907046,92.91193150601235,0.006160479073251124,0,42
1596171524.2007046,94.71154355130044,0.006160479073251124,0,42
1596171524.2107046,96.51184224209634,0.006160479073251124,0,42
1596171524.2207046,98.31055306515542,0.006160479073251124,0,42
1596171524.2307045,100.11042260250893,0.006160479073251124,0,42
1596171524.2407045,101.91218041500893,0.006160479073251124,0,42
1596171524.2507045,103.71029042324868,0.006160479073251124,0,42
1596171524.2607045,105.50921582302895,0.006160479073251124,0,42
1596171524.2707045,107.31071614346352,0.006160479073251124,0,42
1596171524.2807045,109.11058568081704,0.006160479073251124,0,42
1596171524.2859964,110.06133221707192,0.006160479073251124,0
1596171524.2859964,110.06133221707192,0.006160479073251124,0
1596171524.2873685,110.30831002316323,0.006160479073251124,0
1596171524.2873685,110.30831002316323,0.006160479073251124,0
1596171524.2907045,110.9088244350895,0.006160479073251124,0,42
1596171524.3007045,112.71041058621255,0.006160479073251124,0,42
1596171524.3107045,114.51173924527016,0.006160479073251124,0,42
1596171524.3207045,116.31160878262368,0.006160479073251124,0,42
1596171524.3307045,118.1107058437809,0.006160479073251124,0,42
1596171524.3407044,119.91104744992104,0.006160479073251124,0,42
1596171524.3507044,121.70924328884927,0.006160479073251124,0,42
1596171524.3607044,123.51001404843178,0.006160479073251124,0,42
1596171524.3707044,125.3087677868351,0.006160479073251124,0,42
1596171524.3807044,127.10953854641762,0.006160479073251124,0,42
1596171524.3907044,128.91078137478675,0.006160479073251124,0,42
1596171524.4007044,130.7095780285343,0.006160479073251124,0,42
1596171524.4107044,132.50991963467445,0.006160479073251124,0,42
1596171524.4207044,134.3091454418644,0.006160479073251124,0,42
1596171524.4307044,136.1106886776432,0.006160479073251124,0,42
1596171524.4407043,137.90961407742347,0.006160479073251124,0,42
1596171524.4507043,139.7092690380558,0.006160479073251124,0,42
1596171524.4607043,141.51145600399818,0.006160479073251124,0,42
1596171524.4707043,143.31158303341712,0.006160479073251124,0,42
1596171524.4807043,145.11171006283607,0.006160479073251124,0,42
1596171524.4907043,146.910034647797,0.006160479073251124,0,42
1596171524.5007043,148.71106289944495,0.006160479073251124,0,42
1596171524.5107043,150.50930165371742,0.006160479073251124,0,42
1596171524.5207043,152.30921410641517,0.006160479073251124,0,42
1596171524.5307043,154.10972737393226,0.006160479073251124,0,42
1596171524.5407043,155.9091677578434,0.006160479073251124,0,42
1596171524.5507042,157.7116122158512,0.006160479073251124,0,42
1596171524.5607042,159.5103230389103,0.006160479073251124,0,42
1596171524.5707042,161.31070756039466,0.006160479073251124,0,42
1596171524.5807042,163.1095900448307,0.006160479073251124,0,42
1596171524.5907042,164.91027497372474,0.006160479073251124,0,42
1596171524.6007042,166.71005868038978,0.006160479073251124,0,42
1596171524.6107042,168.51134442410316,0.006160479073251124,0,42
1596171524.6207042,170.3103556545719,0.006160479073251124,0,42
1596171524.6307042,172.109066477631,0.006160479073251124,0,42
1596171524.6407042,173.91018055996742,0.006160479073251124,0,42
1596171524.6507041,175.70876263699378,0.006160479073251124,0,42
1596171524.6607041,177.5121083172306,0.006160479073251124,0,42
1596171524.6707041,179.3107333096012,0.006160479073251124,0,42
1596171524.680704,181.10905789456217,0.006160479073251124,0,42
1596171524.690704,182.91137360653727,0.006160479073251124,0,42
1596171524.700704,184.71162938198893,0.006160479073251124,0,42
1596171524.710704,186.5087523373112,0.006160479073251124,0,42
1596171524.720704,188.30926560482828,0.006160479073251124,0,42
1596171524.730704,190.11068009457438,0.006160479073251124,0,42
1596171524.740704,191.91003464779703,0.006160479073251124,0,42
1596171524.750704,193.7093892010197,0.006160479073251124,0,42
1596171524.760704,195.5087008388981,0.006160479073251124,0,42
1596171524.770704,197.31041573605387,0.006160479073251124,0,42
1596171524.780704,199.11049985012858,0.006160479073251124,0,42
1596171524.790704,200.90878151974528,0.006160479073251124,0,42
1596171524.800704,202.71131180844156,0.006160479073251124,0,42
1596171524.810704,204.51203965267985,0.006160479073251124,0,42
1596171524.820704,206.3093771847233,0.006160479073251124,0,42
1596171524.830704,208.11139248928873,0.006160479073251124,0,42
1596171524.840704,209.9092020901188,0.006160479073251124,0,42
1596171524.850704,211.71130322537272,0.006160479073251124,0,42
1596171524.860704,213.5107006939396,0.006160479073251124,0,42
1596171524.870704,215.31202935299723,0.006160479073251124,0,42
1596171524.880704,217.11198472103922,0.006160479073251124,0,42
1596171524.890704,218.91065262875406,0.006160479073251124,0,42
1596171524.900704,220.70889138302653,0.006160479073251124,0,42
1596171524.910704,222.51009129605143,0.006160479073251124,0,42
1596171524.920704,224.31129120907633,0.006160479073251124,0,42
1596171524.9307039,226.1098732861027,0.006160479073251124,0,42
1596171524.9407039,227.90931367001383,0.006160479073251124,0,42
1596171524.9507039,229.7115864666447,0.006160479073251124,0,42
1596171524.9607038,231.51003979763834,0.006160479073251124,0,42
1596171524.9707038,233.30986641964762,0.006160479073251124,0,42
1596171524.9807038,235.10870598873942,0.006160479073251124,0,42
1596171524.9907038,236.91115044674723,0.006160479073251124,0,42
1596171525.0007038,238.71016167721598,0.006160479073251124,0,42
1596171525.0107038,240.51123284420817,0.006160479073251124,0,42
1596171525.0207038,242.30968617520182,0.006160479073251124,0,42
1596171525.0307038,244.1111006649479,0.006160479073251124,0,42
1596171525.0407038,245.9110560329899,0.006160479073251124,0,42
1596171525.0507038,247.71036767086832,0.006160479073251124,0,42
1596171525.0607038,249.5109667690739,0.006160479073251124,0,42
1596171525.0707037,251.31075047573893,0.006160479073251124,0,42
1596171525.0807037,253.11182164273112,0.006160479073251124,0,42
1596171525.0907037,254.91091870388834,0.006160479073251124,0,42
1596171525.1007037,256.71156071743815,0.006160479073251124,0,42
1596171525.1107037,258.50941323361246,0.006160479073251124,0,42
1596171525.1207037,260.3096690090641,0.006160479073251124,0,42
1596171525.1307037,262.10966729245035,0.006160479073251124,0,42
1596171525.1407037,263.9091505917057,0.006160479073251124,0,42
1596171525.1507037,265.7103505047306,0.006160479073251124,0,42
1596171525.1607037,267.50987671933024,0.006160479073251124,0,42
1596171525.1707036,269.31120537838785,0.006160479073251124,0,42
1596171525.1807036,271.111546984528,0.006160479073251124,0,42
1596171525.1907036,272.90909909329264,0.006160479073251124,0,42
1596171525.2007036,274.7086682232365,0.006160479073251124,0,42
1596171525.2107036,276.5101256283268,0.006160479073251124,0,42
1596171525.2207036,278.3106388958439,0.006160479073251124,0,42
1596171525.2307036,280.1117958935246,0.006160479073251124,0,42
1596171525.2407036,281.909305086945,0.006160479073251124,0,42
1596171525.2507036,283.71033333859293,0.006160479073251124,0,42
1596171525.2607036,285.509044161652,0.006160479073251124,0,42
1596171525.2707036,287.3094286831364,0.006160479073251124,0,42
1596171525.2807035,289.10981320462076,0.006160479073251124,0,42
1596171525.2907035,290.91011189541666,0.006160479073251124,0,42
1596171525.3007035,292.7093377026066,0.006160479073251124,0,42
1596171525.3107035,294.5092072399601,0.006160479073251124,0,42
1596171525.3207035,296.309505930756,0.006160479073251124,0,42
1596171525.3307035,298.1114783199772,0.006160479073251124,0,42
1596171525.3407035,299.9106182964787,0.006160479073251124,0,42
1596171525.3507035,301.70945786557047,0.006160479073251124,0,42
1596171525.3607035,303.5116877468571,0.006160479073251124,0,42
1596171525.3707035,305.3119006069645,0.006160479073251124,0,42
1596171525.3807034,307.11009644589274,0.006160479073251124,0,42
1596171525.3907034,308.9107813747868,0.006160479073251124,0,42
1596171525.4007034,310.71039342007487,0.006160479073251124,0,42
1596171525.4107034,312.509833803986,0.006160479073251124,0,42
1596171525.4207034,314.3104758175358,0.006160479073251124,0,42
1596171525.4307034,316.108843317841,0.006160479073251124,0,42
1596171525.4407034,317.9107298763737,0.006160479073251124,0,42
1596171525.4507034,319.7103419216618,0.006160479073251124,0,42
1596171525.4607034,321.5105547817692,0.006160479073251124,0,42
1596171525.4707034,323.30879353604166,0.006160479073251124,0,42
1596171525.4807034,325.1092638882145,0.006160479073251124,0,42
1596171525.4907033,326.9103350552067,0.006160479073251124,0,42
1596171525.5007033,328.71024750790446,0.006160479073251124,0,42
1596171525.5107033,330.5099024685368,0.006160479073251124,0,42
1596171525.5207033,332.30917119107096,0.006160479073251124,0,42
1596171525.5307033,334.11024235806315,0.006160479073251124,0,42
1596171525.5407033,335.90985440335123,0.006160479073251124,0,42
1596171525.5507033,337.71096848568766,0.006160479073251124,0,42
1596171525.5607033,339.50890683255045,0.006160479073251124,0,42
1596171525.5707033,341.30907677731363,0.006160479073251124,0,42
1596171525.5807033,343.10881756863444,0.006160479073251124,0,42
1596171525.5907032,344.9092020901188,0.006160479073251124,0,42
1596171525.6007032,346.7119469555363,0.006160479073251124,0,42
1596171525.6107032,348.5093703182682,0.006160479073251124,0,42
1596171525.6207032,350.3118576916203,0.006160479073251124,0,42
1596171525.6307032,352.10953854641764,0.006160479073251124,0,42
1596171525.6407032,353.9111676128849,0.006160479073251124,0,42
1596171525.6507032,355.70992135128824,0.006160479073251124,0,42
1596171525.6607032,357.510735026215,0.006160479073251124,0,42
1596171525.6707032,359.3111624630436,0.006160479073251124,0,42
1596171525.6745458,360,0.006160479073251124,1
1596171525.6745458,0,0,0
1596171525.6845458,2.9046057118941215,0.00613670793615495,0,42
1596171525.6945457,4.707264746623125,0.00613670793615495,0,42
1596171525.7045457,6.507220114665118,0.00613670793615495,0,42
1596171525.7145457,8.307990874247636,0.00613670793615495,0,42
1596171525.7245457,10.105070914225664,0.00613670793615495,0,42
1596171525.7345457,11.906099165873613,0.00613670793615495,0,42
1596171525.7445457,13.705496634440507,0.00613670793615495,0,42
1596171525.7545457,15.507812346415605,0.00613670793615495,0,42
1596171525.7645457,17.306609000163164,0.00613670793615495,0,42
1596171525.7745457,19.104761923747148,0.00613670793615495,0,42
1596171525.7845457,20.90548976798543,0.00613670793615495,0,42
1596171525.7945457,22.705316389994707,0.00613670793615495,0,42
1596171525.8045456,24.50677379508504,0.00613670793615495,0,42
1596171525.8145456,26.305870856242265,0.00613670793615495,0,42
1596171525.8245456,28.107371176676835,0.00613670793615495,0,42
1596171525.8345456,29.907369460063066,0.00613670793615495,0,42
1596171525.8445456,31.707453574137773,0.00613670793615495,0,42
1596171525.8545456,33.50612148185262,0.00613670793615495,0,42
1596171525.8645456,35.30753597159871,0.00613670793615495,0,42
1596171525.8745456,37.10551723380574,0.00613670793615495,0,42
1596171525.8845456,38.90748962302693,0.00613670793615495,0,42
1596171525.8945456,40.705942954020585,0.00613670793615495,0,42
1596171525.9045455,42.50787242789754,0.00613670793615495,0,42
1596171525.9145455,44.306754912333574,0.00613670793615495,0,42
1596171525.9245455,46.106753195719804,0.00613670793615495,0,42
1596171525.9345455,47.907266463236894,0.00613670793615495,0,42
1596171525.9445455,49.704732741313066,0.00613670793615495,0,42
1596171525.9545455,51.507735098795976,0.00613670793615495,0,42
1596171525.9645455,53.30631717582234,0.00613670793615495,0,42
1596171525.9745455,55.10498508353719,0.00613670793615495,0,42
1596171525.9845455,56.90618499656209,0.00613670793615495,0,42
1596171525.9945455,58.706269110636796,0.00613670793615495,0,42
1596171526.0045455,60.50772651572713,0.00613670793615495,0,42
1596171526.0145454,62.30622276206502,0.00613670793615495,0,42
1596171526.0245454,64.10471900840291,0.00613670793615495,0,42
1596171526.0345454,65.90514644523152,0.00613670793615495,0,42
1596171526.0445454,67.70583137412557,0.00613670793615495,0,42
1596171526.0545454,69.50754627128133,0.00613670793615495,0,42
1596171526.0645454,71.30608543296346,0.00613670793615495,0,42
1596171526.0745454,73.10745700736531,0.00613670793615495,0,42
1596171526.0845454,74.90552410026082,0.00613670793615495,0,42
1596171526.0945454,76.70509323020467,0.00613670793615495,0,42
1596171526.1045454,78.50612148185262,0.00613670793615495,0,42
1596171526.1145453,80.30607684989461,0.00613670793615495,0,42
1596171526.1245453,82.10689052482137,0.00613670793615495,0,42
1596171526.1345453,83.90654548545369,0.00613670793615495,0,42
1596171526.1445453,85.7055138005782,0.00613670793615495,0,42
1596171526.1545453,87.50486835380086,0.00613670793615495,0,42
1596171526.1645453,89.30718406577596,0.00613670793615495,0,42
1596171526.1745453,91.10782607932576,0.00613670793615495,0,42
1596171526.1845453,92.90576442618855,0.00613670793615495,0,42
1596171526.1945453,94.70503314872273,0.00613670793615495,0,42
1596171526.2045453,96.50524600883016,0.00613670793615495,0,42
1596171526.2145452,98.30691799064168,0.00613670793615495,0,42
1596171526.2245452,100.10627254386434,0.00613670793615495,0,42
1596171526.2345452,101.90674289603719,0.00613670793615495,0,42
1596171526.2445452,103.70708450217732,0.00613670793615495,0,42
1596171526.2545452,105.50605281730184,0.00613670793615495,0,42
1596171526.2645452,107.30738147635945,0.00613670793615495,0,42
1596171526.2745452,109.10463317771443,0.00613670793615495,0,42
1596171526.2799928,110.0850771321822,0.00613670793615495,0
1596171526.2799928,110.0850771321822,0.00613670793615495,0
1596171526.283853,110.77991947074422,0.00613670793615495,0
1596171526.283853,110.77991947074422,0.00613670793615495,0
1596171526.2845452,110.90510352988728,0.00613670793615495,0,42
1596171526.2852407,111.02968677421102,0.00613670793615495,0
1596171526.2852407,111.02968677421102,0.00613670793615495,0
1596171526.2945452,112.70484432120809,0.00613670793615495,0,42
1596171526.3045452,114.50587257285603,0.00613670793615495,0,42
1596171526.3145452,116.30664333243855,0.00613670793615495,0,42
1596171526.3245451,118.10466750998982,0.00613670793615495,0,42
1596171526.3345451,119.90621074576863,0.00613670793615495,0,42
1596171526.3445451,121.7053507222701,0.00613670793615495,0,42
1596171526.354545,123.50517734427937,0.00613670793615495,0,42
1596171526.364545,125.30620559592732,0.00613670793615495,0,42
1596171526.374545,127.10483058829793,0.00613670793615495,0,42
1596171526.384545,128.90727504630576,0.00613670793615495,0,42
1596171526.394545,130.70753082175742,0.00613670793615495,0,42
1596171526.404545,132.50465377707968,0.00613670793615495,0,42
1596171526.414545,134.30791362662802,0.00613670793615495,0,42
1596171526.424545,136.1064098729659,0.00613670793615495,0,42
1596171526.434545,137.9052494420577,0.00613670793615495,0,42
1596171526.444545,139.7075651540328,0.00613670793615495,0,42
1596171526.454545,141.50601848502646,0.00613670793615495,0,42
1596171526.464545,143.30588802237997,0.00613670793615495,0,42
1596171526.474545,145.10489925284872,0.00613670793615495,0,42
1596171526.484545,146.90678581138144,0.00613670793615495,0,42
1596171526.494545,148.7050245656539,0.00613670793615495,0,42
1596171526.504545,150.50682529349814,0.00613670793615495,0,42
1596171526.514545,152.3056219472457,0.00613670793615495,0,42
1596171526.524545,154.10785182853232,0.00613670793615495,0,42
1596171526.534545,155.90763553519736,0.00613670793615495,0,42
1596171526.544545,157.70583137412558,0.00613670793615495,0,42
1596171526.554545,159.50540050406943,0.00613670793615495,0,42
1596171526.564545,161.30677207847128,0.00613670793615495,0,42
1596171526.574545,163.10672744651328,0.00613670793615495,0,42
1596171526.584545,164.90629657645712,0.00613670793615495,0,42
1596171526.594545,166.7066810979415,0.00613670793615495,0,42
1596171526.6045449,168.50599273581992,0.00613670793615495,0,42
1596171526.6145449,170.30659183402548,0.00613670793615495,0,42
1596171526.6245449,172.107362593608,0.00613670793615495,0,42
1596171526.6345448,173.90521510978232,0.00613670793615495,0,42
1596171526.6445448,175.70585712333212,0.00613670793615495,0,42
1596171526.6545448,177.50662788291464,0.00613670793615495,0,42
1596171526.6645448,179.3056391133834,0.00613670793615495,0,42
1596171526.6745448,181.10761150260458,0.00613670793615495,0,42
1596171526.6845448,182.90752395530234,0.00613670793615495,0,42
1596171526.6945448,184.70674976249228,0.00613670793615495,0,42
1596171526.7045448,186.50524600883017,0.00613670793615495,0,42
1596171526.7145448,188.30713256736288,0.00613670793615495,0,42
1596171526.7245448,190.10494216819296,0.00613670793615495,0,42
1596171526.7345448,191.90476879020224,0.00613670793615495,0,42
1596171526.7445447,193.7063549413253,0.00613670793615495,0,42
1596171526.7545447,195.50596698661337,0.00613670793615495,0,42
1596171526.7645447,197.30626567740927,0.00613670793615495,0,42
1596171526.7745447,199.10600646873007,0.00613670793615495,0,42
1596171526.7845447,200.90445979972372,0.00613670793615495,0,42
1596171526.7945447,202.70750507255087,0.00613670793615495,0,42
1596171526.8045447,204.50441345115195,0.00613670793615495,0,42
1596171526.8145447,206.30630000968466,0.00613670793615495,0,42
1596171526.8245447,208.10505374808798,0.00613670793615495,0,42
1596171526.8345447,209.90685447593222,0.00613670793615495,0,42
1596171526.8445446,211.70620902915488,0.00613670793615495,0,42
1596171526.8545446,213.50667938132773,0.00613670793615495,0,42
1596171526.8645446,215.30607684989462,0.00613670793615495,0,42
1596171526.8745446,217.1052168263961,0.00613670793615495,0,42
1596171526.8845446,218.90525802512656,0.00613670793615495,0,42
1596171526.8945446,220.70512756248007,0.00613670793615495,0,42
1596171526.9045446,222.5051258458663,0.00613670793615495,0,42
1596171526.9145446,224.30701240439902,0.00613670793615495,0,42
1596171526.9245446,226.10563739676962,0.00613670793615495,0,42
1596171526.9345446,227.90447696586142,0.00613670793615495,0,42
1596171526.9445446,229.70559104819785,0.00613670793615495,0,42
1596171526.9545445,231.50709136863242,0.00613670793615495,0,42
1596171526.9645445,233.30769046683798,0.00613670793615495,0,42
1596171526.9745445,235.1064442052413,0.00613670793615495,0,42
1596171526.9845445,236.90777286429892,0.00613670793615495,0,42
1596171526.9945445,238.7057970418502,0.00613670793615495,0,42
1596171527.0045445,240.50549491782675,0.00613670793615495,0,42
1596171527.0145445,242.30545028586874,0.00613670793615495,0,42
1596171527.0245445,244.1061352147628,0.00613670793615495,0,42
1596171527.0345445,245.90694888968955,0.00613670793615495,0,42
1596171527.0445445,247.70523055930624,0.00613670793615495,0,42
1596171527.0545444,249.5075033559371,0.00613670793615495,0,42
1596171527.0645444,251.30587085624228,0.00613670793615495,0,42
1596171527.0745444,253.10758575339804,0.00613670793615495,0,42
1596171527.0845444,254.90595325370322,0.00613670793615495,0,42
1596171527.0945444,256.70449241538535,0.00613670793615495,0,42
1596171527.1045444,258.5049627675582,0.00613670793615495,0,42
1596171527.1145444,260.30757888694296,0.00613670793615495,0,42
1596171527.1245444,262.1063326253463,0.00613670793615495,0,42
1596171527.1345444,263.90693172355185,0.00613670793615495,0,42
1596171527.1445444,265.7065866841842,0.00613670793615495,0,42
1596171527.1545444,267.5047825231124,0.00613670793615495,0,42
1596171527.1645443,269.3059824361373,0.00613670793615495,0,42
1596171527.1745443,271.1063669576217,0.00613670793615495,0,42
1596171527.1845443,272.9068373097945,0.00613670793615495,0,42
1596171527.1945443,274.70434650321494,0.00613670793615495,0,42
1596171527.2045443,276.5071771993209,0.00613670793615495,0,42
1596171527.2145443,278.30653175254355,0.00613670793615495,0,42
1596171527.2245443,280.1062296285201,0.00613670793615495,0,42
1596171527.2345443,281.9054983510543,0.00613670793615495,0,42
1596171527.2445443,283.70708450217734,0.00613670793615495,0,42
1596171527.2545443,285.5057524098922,0.00613670793615495,0,42
1596171527.2645442,287.30622276206503,0.00613670793615495,0,42
1596171527.2745442,289.107251013713,0.00613670793615495,0,42
1596171527.2845442,290.9073351277877,0.00613670793615495,0,42
1596171527.2945442,292.7061746968795,0.00613670793615495,0,42
1596171527.3045442,294.5050571813155,0.00613670793615495,0,42
1596171527.3145442,296.30539878745566,0.00613670793615495,0,42
1596171527.3245442,298.10582622428427,0.00613670793615495,0,42
1596171527.3345442,299.9054811849166,0.00613670793615495,0,42
1596171527.3445442,301.7063377751876,0.00613670793615495,0,42
1596171527.3545442,303.50491985221396,0.00613670793615495,0,42
1596171527.3645442,305.30556186576376,0.00613670793615495,0,42
1596171527.3745441,307.10753425498496,0.00613670793615495,0,42
1596171527.3845441,308.9052151097823,0.00613670793615495,0,42
1596171527.3945441,310.70452674766074,0.00613670793615495,0,42
1596171527.404544,312.50594123740683,0.00613670793615495,0,42
1596171527.414544,314.30636867423544,0.00613670793615495,0,42
1596171527.424544,316.1057232274581,0.00613670793615495,0,42
1596171527.434544,317.9076097859908,0.00613670793615495,0,42
1596171527.444544,319.70468982596884,0.00613670793615495,0,42
1596171527.454544,321.505932654338,0.00613670793615495,0,42
1596171527.464544,323.30700382133017,0.00613670793615495,0,42
1596171527.474544,325.1066587819625,0.00613670793615495,0,42
1596171527.484544,326.9069574727584,0.00613670793615495,0,42
1596171527.494544,328.70476707358847,0.00613670793615495,0,42
1596171527.504544,330.50639614005576,0.00613670793615495,0,42
1596171527.514544,332.30635150809775,0.00613670793615495,0,42
1596171527.524544,334.10519107718955,0.00613670793615495,0,42
1596171527.534544,335.90682014365683,0.00613670793615495,0,42
1596171527.544544,337.70724758048544,0.00613670793615495,0,42
1596171527.554544,339.5044563664962,0.00613670793615495,0,42
1596171527.564544,341.3075445546676,0.00613670793615495,0,42
1596171527.574544,343.1044100179244,0.00613670793615495,0,42
1596171527.584544,344.9061678304244,0.00613670793615495,0,42
1596171527.594544,346.70526489158163,0.00613670793615495,0,42
1596171527.604544,348.5059498204757,0.00613670793615495,0,42
1596171527.614544,350.3055189504195,0.00613670793615495,0,42
1596171527.624544,352.104658926921,0.00613670793615495,0,42
1596171527.634544,353.9062879933883,0.00613670793615495,0,42
1596171527.644544,355.7069729222823,0.00613670793615495,0,42
1596171527.6545439,357.50619872947226,0.00613670793615495,0,42
1596171527.6645439,359.3066261663009,0.00613670793615495,0,42
1596171527.6684163,360,0.00613670793615495,1
1596171527.6684163,0,0,0
1596171527.6784163,3.4647001905443764,0.009242383464178827,0,42
1596171527.6884162,5.266243426323185,0.009242383464178827,0,42
1596171527.6984162,7.064396349907169,0.009242383464178827,0,42
1596171527.7084162,8.865038363456975,0.009242383464178827,0,42
1596171527.7184162,10.664006678581487,0.009242383464178827,0,42
1596171527.7284162,12.465635745048772,0.009242383464178827,0,42
1596171527.7384162,14.26567694377924,0.009242383464178827,0,42
1596171527.7484162,16.0644735975268,0.009242383464178827,0,42
1596171527.7584162,17.864300219536076,0.009242383464178827,0,42
1596171527.7684162,19.664899317741643,0.009242383464178827,0,42
1596171527.7784162,21.46472593975092,0.009242383464178827,0,42
1596171527.7884161,23.26695582103754,0.009242383464178827,0,42
1596171527.7984161,25.064293353081,0.009242383464178827,0,42
1596171527.8084161,26.86472078990961,0.009242383464178827,0,42
1596171527.818416,28.664719073295842,0.009242383464178827,0,42
1596171527.828416,30.466734377861272,0.009242383464178827,0,42
1596171527.838416,32.266646830559026,0.009242383464178827,0,42
1596171527.848416,34.06587263774897,0.009242383464178827,0,42
1596171527.858416,35.86548468303705,0.009242383464178827,0,42
1596171527.868416,37.664452998161565,0.009242383464178827,0,42
1596171527.878416,39.46449419689203,0.009242383464178827,0,42
1596171527.888416,41.26436373424555,0.009242383464178827,0,42
1596171527.898416,43.065992800712834,0.009242383464178827,0,42
1596171527.908416,44.86684939098383,0.009242383464178827,0,42
1596171527.918416,46.66414400768305,0.009242383464178827,0,42
1596171527.928416,48.46555849742914,0.009242383464178827,0,42
1596171527.938416,50.26620051097895,0.009242383464178827,0,42
1596171527.948416,52.065297572136174,0.009242383464178827,0,42
1596171527.958416,53.865252940178166,0.009242383464178827,0,42
1596171527.968416,55.66422125530268,0.009242383464178827,0,42
1596171527.978416,57.4649920148852,0.009242383464178827,0,42
1596171527.988416,59.266835658073674,0.009242383464178827,0,42
1596171527.998416,61.06636187267328,0.009242383464178827,0,42
1596171528.008416,62.86399981212641,0.009242383464178827,0,42
1596171528.018416,64.66665884685541,0.009242383464178827,0,42
1596171528.028416,66.46382471752192,0.009242383464178827,0,42
1596171528.038416,68.26614042949701,0.009242383464178827,0,42
1596171528.048416,70.06600996685053,0.009242383464178827,0,42
1596171528.058416,71.86429163646723,0.009242383464178827,0,42
1596171528.0684159,73.66493365001703,0.009242383464178827,0,42
1596171528.0784159,75.4649748487475,0.009242383464178827,0,42
1596171528.0884159,77.26634642314936,0.009242383464178827,0,42
1596171528.0984159,79.06552931499506,0.009242383464178827,0,42
1596171528.1084158,80.86518427562739,0.009242383464178827,0,42
1596171528.1184158,82.66677042675043,0.009242383464178827,0,42
1596171528.1284158,84.46556708049799,0.009242383464178827,0,42
1596171528.1384158,86.2665524168017,0.009242383464178827,0,42
1596171528.1484158,88.06543490123774,0.009242383464178827,0,42
1596171528.1584158,89.86607691478754,0.009242383464178827,0,42
1596171528.1684158,91.66478773784662,0.009242383464178827,0,42
1596171528.1784158,93.46358439159418,0.009242383464178827,0,42
1596171528.1884158,95.2663721723559,0.009242383464178827,0,42
1596171528.1984158,97.06495424938227,0.009242383464178827,0,42
1596171528.2084157,98.86460921001459,0.009242383464178827,0,42
1596171528.2184157,100.66632410717035,0.009242383464178827,0,42
1596171528.2284157,102.46688029003168,0.009242383464178827,0,42
1596171528.2384157,104.2641749067309,0.009242383464178827,0,42
1596171528.2484157,106.0644735975268,0.009242383464178827,0,42
1596171528.2584157,107.86558767986322,0.009242383464178827,0,42
1596171528.2684157,109.66532847118403,0.009242383464178827,0,42
1596171528.271594,110.23563048076655,0.009242383464178827,0
1596171528.271594,110.23563048076655,0.009242383464178827,0
1596171528.2784157,111.46614214611078,0.009242383464178827,0,42
1596171528.2884157,113.26442381572748,0.009242383464178827,0,42
1596171528.2979834,114.9857153577807,0.009242383464178827,0
1596171528.2979834,114.9857153577807,0.009242383464178827,0
1596171528.2984157,115.06412169170405,0.009242383464178827,0,42
1596171528.3084157,116.86587950420405,0.009242383464178827,0,42
1596171528.3184156,118.66596361827875,0.009242383464178827,0,42
1596171528.3284156,120.46476027202631,0.009242383464178827,0,42
1596171528.3384156,122.26596018505121,0.009242383464178827,0,42
1596171528.3484156,124.06595846843744,0.009242383464178827,0,42
1596171528.3584156,125.86647173595453,0.009242383464178827,0,42
1596171528.3684156,127.66501089763666,0.009242383464178827,0,42
1596171528.3784156,129.4649233503344,0.009242383464178827,0,42
1596171528.3884156,131.26663824749016,0.009242383464178827,0,42
1596171528.3984156,133.06354662609124,0.009242383464178827,0,42
1596171528.4084156,134.86551901531243,0.009242383464178827,0,42
1596171528.4184155,136.66461607646966,0.009242383464178827,0,42
1596171528.4284155,138.4647431058886,0.009242383464178827,0,42
1596171528.4384155,140.26349684429192,0.009242383464178827,0,42
1596171528.4484155,142.0656838102343,0.009242383464178827,0,42
1596171528.4584155,143.8647379560473,0.009242383464178827,0,42
1596171528.4684155,145.6651653928759,0.009242383464178827,0,42
1596171528.4784155,147.46683737468743,0.009242383464178827,0,42
1596171528.4884155,149.26640650463128,0.009242383464178827,0,42
1596171528.4984155,151.0652889890673,0.009242383464178827,0,42
1596171528.5084155,152.86387106609368,0.009242383464178827,0,42
1596171528.5184155,154.66365477275872,0.009242383464178827,0,42
1596171528.5284154,156.4656271619799,0.009242383464178827,0,42
1596171528.5384154,158.265239207268,0.009242383464178827,0,42
1596171528.5484154,160.06575247478509,0.009242383464178827,0,42
1596171528.5584154,161.86476370525384,0.009242383464178827,0,42
1596171528.5684154,163.6664786024096,0.009242383464178827,0,42
1596171528.5784154,165.46570440959954,0.009242383464178827,0,42
1596171528.5884154,167.2635998411181,0.009242383464178827,0,42
1596171528.5984154,169.06527182292962,0.009242383464178827,0,42
1596171528.6084154,170.86436888408684,0.009242383464178827,0,42
1596171528.6184154,172.66389509868645,0.009242383464178827,0,42
1596171528.6284153,174.46359297466302,0.009242383464178827,0,42
1596171528.6384153,176.2641062421801,0.009242383464178827,0,42
1596171528.6484153,178.06354662609124,0.009242383464178827,0,42
1596171528.6584153,179.86405989360833,0.009242383464178827,0,42
1596171528.6684153,181.66414400768303,0.009242383464178827,0,42
1596171528.6784153,183.46401354503655,0.009242383464178827,0,42
1596171528.6884153,185.26547095012688,0.009242383464178827,0,42
1596171528.6984153,187.06379553508782,0.009242383464178827,0,42
1596171528.7084153,188.8659825010302,0.009242383464178827,0,42
1596171528.7184153,190.66580912303948,0.009242383464178827,0,42
1596171528.7284153,192.4642195386889,0.009242383464178827,0,42
1596171528.7384152,194.26400324535393,0.009242383464178827,0,42
1596171528.7484152,196.0664047880175,0.009242383464178827,0,42
1596171528.7584152,197.86627432537102,0.009242383464178827,0,42
1596171528.7684152,199.66365477275872,0.009242383464178827,0,42
1596171528.7784152,201.46429678630852,0.009242383464178827,0,42
1596171528.7884152,203.26343676281,0.009242383464178827,0,42
1596171528.7984152,205.06579539012932,0.009242383464178827,0,42
1596171528.8084152,206.86429163646721,0.009242383464178827,0,42
1596171528.8184152,208.66373202037835,0.009242383464178827,0,42
1596171528.8284152,210.46639105510735,0.009242383464178827,0,42
1596171528.8384151,212.26548811626458,0.009242383464178827,0,42
1596171528.8484151,214.066602198601,0.009242383464178827,0,42
1596171528.8584151,215.8646692914965,0.009242383464178827,0,42
1596171528.868415,217.66561171245598,0.009242383464178827,0,42
1596171528.878415,219.4661678953173,0.009242383464178827,0,42
1596171528.888415,221.26462122631096,0.009242383464178827,0,42
1596171528.898415,223.063503710747,0.009242383464178827,0,42
1596171528.908415,224.86642023754143,0.009242383464178827,0,42
1596171528.918415,226.66440149974846,0.009242383464178827,0,42
1596171528.928415,228.4646143598559,0.009242383464178827,0,42
1596171528.938415,230.26645800304436,0.009242383464178827,0,42
1596171528.948415,232.06491133403802,0.009242383464178827,0,42
1596171528.958415,233.86357924175286,0.009242383464178827,0,42
1596171528.968415,235.66671034526848,0.009242383464178827,0,42
1596171528.978415,237.46370455455803,0.009242383464178827,0,42
1596171528.988415,239.2650761289599,0.009242383464178827,0,42
1596171528.998415,241.06636187267327,0.009242383464178827,0,42
