Type = Reachback Firefly,Function = Reachback Firefly (ln/e^),Refract = 0.1,Epsilon = 0.005,Start_phase = 90
Timestamp,Phase,Offset,Ping?
1595824788.0000284,90,0,0
1595824788.0100515,91.80308818817139,0.5,0
1595824788.0200505,93.60291481018066,0.5,0
1595824788.0300434,95.40162563323975,0.5,0
1595824788.0400517,97.20312595367432,0.5,0
1595824788.050046,99.00209426879883,0.5,0
1595824788.0600424,100.80144882202148,0.5,0
1595824788.070046,102.60209083557129,0.5,0
1595824788.0800402,104.4010591506958,0.5,0
1595824788.0900345,106.20002746582031,0.5,0
1595824788.1000512,108.00302982330322,0.5,0
1595824788.110053,109.80337142944336,0.5,0
1595824788.1200438,111.6016960144043,0.5,0
1595824788.1300373,113.4005355834961,0.5,0
1595824788.1400445,115.20182132720947,0.5,0
1595824788.1500401,117.00104713439941,0.5,0
1595824788.1600502,118.80284786224365,0.5,0
1595824788.170035,120.60009956359863,0.5,0
1595824788.180043,122.40155696868896,0.5,0
1595824788.1900482,124.20249938964844,0.5,0
1595824788.2000365,126.00039482116699,0.5,0
1595824788.21005,127.8028392791748,0.5,0
1595824788.2200356,129.6002197265625,0.5,0
1595824788.2300484,131.4025354385376,0.5,0
1595824788.2400465,133.20219039916992,0.5,0
1595824788.2500415,135.00128746032715,0.5,0
1595824788.2600527,136.80330276489258,0.5,0
1595824788.2700422,138.60141277313232,0.5,0
1595824788.280042,140.40136814117432,0.5,0
1595824788.2900422,142.20140933990479,0.5,0
1595824788.3000436,144.00166511535645,0.5,0
1595824788.310044,145.80174922943115,0.5,0
1595824788.3200395,147.60093212127686,0.5,0
1595824788.3300438,149.40170288085938,0.5,0
1595824788.3400455,151.20200157165527,0.5,0
1595824788.3500514,153.00307273864746,0.5,0
1595824788.360046,154.8020839691162,0.5,0
1595824788.3700423,156.60143852233887,0.5,0
1595824788.380034,158.39993476867676,0.5,0
1595824788.39005,160.20280838012695,0.5,0
1595824788.400045,162.00190544128418,0.5,0
1595824788.4100347,163.80005836486816,0.5,0
1595824788.4200354,165.6001853942871,0.5,0
1595824788.4300435,167.40164279937744,0.5,0
1595824788.4400353,169.20018196105957,0.5,0
1595824788.4500413,171.00125312805176,0.5,0
1595824788.4600396,172.80095100402832,0.5,0
1595824788.4700427,174.60150718688965,0.5,0
1595824788.4800413,176.40124797821045,0.5,0
1595824788.4900398,178.20098876953125,0.5,0
1595824788.5000339,179.99991416931152,0.5,0
1595824788.510034,181.799955368042,0.5,0
1595824788.5200443,183.60179901123047,0.5,0
1595824788.5300345,185.40003776550293,0.5,0
1595824788.5400486,187.20256805419922,0.5,0
1595824788.550049,189.00265216827393,0.5,0
1595824788.5600514,190.80307960510254,0.5,0
1595824788.5700421,192.60140419006348,0.5,0
1595824788.580048,194.40247535705566,0.5,0
1595824788.5900507,196.20294570922852,0.5,0
1595824788.6000345,198.00002574920654,0.5,0
1595824788.6100492,199.80268478393555,0.5,0
1595824788.6200435,201.60165309906006,0.5,0
1595824788.6300387,203.40079307556152,0.5,0
1595824788.6400445,205.20182132720947,0.5,0
1595824788.6500478,207.00242042541504,0.5,0
1595824788.660052,208.80319118499756,0.5,0
1595824788.670035,210.60009956359863,0.5,0
1595824788.6800365,212.40039825439453,0.5,0
1595824788.6900516,214.20310020446777,0.5,0
1595824788.7000425,216.00146770477295,0.5,0
1595824788.7100372,217.80052185058594,0.5,0
1595824788.7200499,219.6027946472168,0.5,0
1595824788.7300415,221.4012908935547,0.5,0
1595824788.7400374,223.20055961608887,0.5,0
1595824788.750041,225.00120162963867,0.5,0
1595824788.7600524,226.80325984954834,0.5,0
1595824788.7700527,228.6033010482788,0.5,0
1595824788.7800348,230.40008068084717,0.5,0
1595824788.7900462,232.20213890075684,0.5,0
1595824788.8000515,234.0030813217163,0.5,0
1595824788.81005,235.8028221130371,0.5,0
1595824788.820038,237.60067462921143,0.5,0
1595824788.8300486,239.40256118774414,0.5,0
1595824788.840052,241.2031602859497,0.5,0
1595824788.850045,243.00191402435303,0.5,0
1595824788.8600512,244.80302810668945,0.5,0
1595824788.8700523,246.60324096679688,0.5,0
1595824788.8800397,248.40096473693848,0.5,0
1595824788.890038,250.20066261291504,0.5,0
1595824788.9000425,252.0014762878418,0.5,0
1595824788.9100342,253.7999725341797,0.5,0
1595824788.920034,255.59992790222168,0.5,0
1595824788.9300375,257.4005699157715,0.5,0
1595824788.9400465,259.20219898223877,0.5,0
1595824788.950046,261.0021114349365,0.5,0
1595824788.960047,262.8022813796997,0.5,0
1595824788.97005,264.60283756256104,0.5,0
1595824788.9800355,266.40021800994873,0.5,0
1595824788.990051,268.20300579071045,0.5,0
1595824789.0000486,270.0025749206543,0.5,0
1595824789.0100374,271.8005561828613,0.5,0
1595824789.0131986,272.3695707321167,0.5,0
1595824789.0131986,272.3695707321167,0.5,0
1595824789.0200346,273.6000394821167,0.5,0
1595824789.0300434,275.40162563323975,0.5,0
1595824789.0400383,277.200722694397,0.5,0
1595824789.0500355,279.00020599365234,0.5,0
1595824789.0600522,280.80320835113525,0.5,0
1595824789.0700436,282.6016616821289,0.5,0
1595824789.080038,284.40067291259766,0.5,0
1595824789.0900407,286.2011432647705,0.5,0
1595824789.1000392,288.0008840560913,0.5,0
1595824789.1100385,289.8007535934448,0.5,0
1595824789.1200404,291.60109519958496,0.5,0
1595824789.1300492,293.402681350708,0.5,0
1595824789.1400478,295.2024221420288,0.5,0
1595824789.1500437,297.001690864563,0.5,0
1595824789.1600466,298.8022041320801,0.5,0
1595824789.1700335,300.5998420715332,0.5,0
1595824789.180037,302.400484085083,0.5,0
1595824789.1900373,304.2005252838135,0.5,0
1595824789.2000446,306.0018539428711,0.5,0
1595824789.21004,307.8010368347168,0.5,0
1595824789.220042,309.60137844085693,0.5,0
1595824789.2300465,311.4021921157837,0.5,0
1595824789.2400472,313.20231914520264,0.5,0
1595824789.2500403,315.00107288360596,0.5,0
1595824789.2600465,316.8021869659424,0.5,0
1595824789.270049,318.60265731811523,0.5,0
1595824789.280035,320.4001235961914,0.5,0
1595824789.2900333,322.19982147216797,0.5,0
1595824789.3000402,324.0010643005371,0.5,0
1595824789.310046,325.80209255218506,0.5,0
1595824789.320037,327.60046005249023,0.5,0
1595824789.330043,329.40157413482666,0.5,0
1595824789.3400486,331.20255947113037,0.5,0
1595824789.3500388,333.00079822540283,0.5,0
1595824789.3600397,334.800968170166,0.5,0
1595824789.370045,336.6019105911255,0.5,0
1595824789.3800418,338.4013509750366,0.5,0
1595824789.3900368,340.20044803619385,0.5,0
1595824789.400042,342.0013904571533,0.5,0
1595824789.4100375,343.800573348999,0.5,0
1595824789.4200382,345.60070037841797,0.5,0
1595824789.4300513,347.4030590057373,0.5,0
1595824789.4400487,349.2025852203369,0.5,0
1595824789.4500363,351.00035190582275,0.5,0
1595824789.460049,352.8026247024536,0.5,0
1595824789.470038,354.6006488800049,0.5,0
1595824789.4800417,356.4013338088989,0.5,0
1595824789.4900336,358.19987297058105,0.5,0
1595824789.5000443,360,0.5,1
1595824789.5000443,0,0,0
1595824789.5100443,3.1652564381470683,0.007584767526449099,0
1595824789.5200453,4.965426382910252,0.007584767526449099,0
1595824789.5300512,6.766497549902439,0.007584767526449099,0
1595824789.5400531,8.566839156042576,0.007584767526449099,0
1595824789.5500634,10.368682799231053,0.007584767526449099,0
1595824789.5600443,12.16524785507822,0.007584767526449099,0
1595824789.5700488,13.966061530004978,0.007584767526449099,0
1595824789.5800483,15.765973982702732,0.007584767526449099,0
1595824789.5900624,17.56850427139902,0.007584767526449099,0
1595824789.6000576,19.367644247900486,0.007584767526449099,0
1595824789.610055,21.167170462500096,0.007584767526449099,0
1595824789.6200511,22.966482100378514,0.007584767526449099,0
1595824789.6300619,24.768411574255467,0.007584767526449099,0
1595824789.6400456,26.565491614233494,0.007584767526449099,0
1595824789.6500514,28.366519865881443,0.007584767526449099,0
1595824789.6600542,30.167033133398533,0.007584767526449099,0
1595824789.670049,31.96608727921152,0.007584767526449099,0
1595824789.6800597,33.768016753088475,0.007584767526449099,0
1595824789.6900532,35.56685632218027,0.007584767526449099,0
1595824789.7000575,37.36762708176279,0.007584767526449099,0
1595824789.7100463,39.16560834396982,0.007584767526449099,0
1595824789.7200475,40.965821204077244,0.007584767526449099,0
1595824789.73005,42.766291556250096,0.007584767526449099,0
1595824789.7400625,44.56852143753672,0.007584767526449099,0
1595824789.750048,46.36590188492441,0.007584767526449099,0
1595824789.7600615,48.168346342932225,0.007584767526449099,0
1595824789.7700615,49.968344626318455,0.007584767526449099,0
1595824789.7800615,51.768342909704685,0.007584767526449099,0
1595824789.7900631,53.568641600500584,0.007584767526449099,0
1595824789.800053,55.36679452408457,0.007584767526449099,0
1595824789.8100483,57.16597741593027,0.007584767526449099,0
1595824789.8200612,58.96829312790537,0.007584767526449099,0
1595824789.8300512,60.76648896683359,0.007584767526449099,0
1595824789.8400452,62.565414366613865,0.007584767526449099,0
1595824789.8500595,64.36798757065439,0.007584767526449099,0
1595824789.8600576,66.16764253128672,0.007584767526449099,0
1595824789.87005,67.96626752365732,0.007584767526449099,0
1595824789.880061,69.76823991287851,0.007584767526449099,0
1595824789.8900461,71.56557744492197,0.007584767526449099,0
1595824789.900051,73.3664769505372,0.007584767526449099,0
1595824789.9100456,75.16548818100595,0.007584767526449099,0
1595824789.920059,76.96788972366953,0.007584767526449099,0
1595824789.9300451,78.76539891708994,0.007584767526449099,0
1595824789.9400551,80.56719964493418,0.007584767526449099,0
1595824789.9500465,82.36565297592783,0.007584767526449099,0
1595824789.9600527,84.16676705826426,0.007584767526449099,0
1595824789.9700458,85.96552079666758,0.007584767526449099,0
1595824789.9800503,87.76633447159433,0.007584767526449099,0
1595824789.990057,89.56753438461924,0.007584767526449099,0
1595824790.000053,91.36680310715342,0.007584767526449099,0
1595824790.0100567,93.16748803604746,0.007584767526449099,0
1595824790.0200467,94.96568387497568,0.007584767526449099,0
1595824790.030053,96.76679795731211,0.007584767526449099,0
1595824790.0400596,98.56799787033701,0.007584767526449099,0
1595824790.0500503,100.36632245529795,0.007584767526449099,0
1595824790.0600479,102.1658915852418,0.007584767526449099,0
1595824790.070047,103.96571820725107,0.007584767526449099,0
1595824790.0800543,105.76704686630869,0.007584767526449099,0
1595824790.0900452,107.56541436661387,0.007584767526449099,0
1595824790.100059,109.36790173996592,0.007584767526449099,0
1595824790.110044,111.16519635666513,0.007584767526449099,0
1595824790.1200624,112.96849912155771,0.007584767526449099,0
1595824790.1300573,114.76759618271494,0.007584767526449099,0
1595824790.1400607,116.5681952809205,0.007584767526449099,0
1595824790.1500607,118.36819356430674,0.007584767526449099,0
1595824790.1600626,120.16853517044687,0.007584767526449099,0
1595824790.1700501,121.96630185593271,0.007584767526449099,0
1595824790.1800497,123.76621430863047,0.007584767526449099,0
1595824790.1900449,125.56535428513193,0.007584767526449099,0
1595824790.2000506,127.36638253677988,0.007584767526449099,0
1595824790.2100444,129.16526502121593,0.007584767526449099,0
1595824790.220063,130.96861070145275,0.007584767526449099,0
1595824790.2300448,132.76534741867687,0.007584767526449099,0
1595824790.240048,134.5659036015382,0.007584767526449099,0
1595824790.2500527,136.3667601918092,0.007584767526449099,0
1595824790.2600577,138.16765969742443,0.007584767526449099,0
1595824790.2700453,139.96542638291027,0.007584767526449099,0
1595824790.2800531,141.76684087265636,0.007584767526449099,0
1595824790.2900472,143.56576627243663,0.007584767526449099,0
1595824790.3000455,145.3654641484132,0.007584767526449099,0
1595824790.3100572,147.1675652836671,0.007584767526449099,0
1595824790.3200476,148.9658469532838,0.007584767526449099,0
1595824790.3300452,150.76541608322765,0.007584767526449099,0
1595824790.3400583,152.56777471054698,0.007584767526449099,0
1595824790.3500457,154.3654984806886,0.007584767526449099,0
1595824790.3600574,156.1675996159425,0.007584767526449099,0
1595824790.3700461,157.96558087814952,0.007584767526449099,0
1595824790.3800604,159.76815408219005,0.007584767526449099,0
1595824790.3900497,161.56622117508556,0.007584767526449099,0
1595824790.400056,163.36733525742198,0.007584767526449099,0
1595824790.410061,165.16823476303722,0.007584767526449099,0
1595824790.4200542,166.96703141678478,0.007584767526449099,0
1595824790.4300532,168.76685803879406,0.007584767526449099,0
1595824790.4400444,170.56526845444347,0.007584767526449099,0
1595824790.4500506,172.3663825367799,0.007584767526449099,0
1595824790.4600515,174.16655248154308,0.007584767526449099,0
1595824790.4700446,175.9653062199464,0.007584767526449099,0
1595824790.4800582,177.7677506779542,0.007584767526449099,0
1595824790.4900515,179.56654733170177,0.007584767526449099,0
1595824790.5000527,181.3667601918092,0.007584767526449099,0
1595824790.5100482,183.1659430836549,0.007584767526449099,0
1595824790.5200505,184.9663705204835,0.007584767526449099,0
1595824790.5300477,186.76585381973888,0.007584767526449099,0
1595824790.540052,188.5666245793214,0.007584767526449099,0
1595824790.5500476,190.36585038651134,0.007584767526449099,0
1595824790.5600522,192.1666640614381,0.007584767526449099,0
1595824790.5700624,193.96850770462657,0.007584767526449099,0
1595824790.5800524,195.7667035435548,0.007584767526449099,0
1595824790.5900552,197.5672168110719,0.007584767526449099,0
1595824790.600058,199.36773007858898,0.007584767526449099,0
1595824790.6100478,201.16588300217296,0.007584767526449099,0
1595824790.6200533,202.96686833847667,0.007584767526449099,0
1595824790.6300476,204.76583665360118,0.007584767526449099,0
1595824790.6400466,206.56566327561046,0.007584767526449099,0
1595824790.6500573,208.36759274948741,0.007584767526449099,0
1595824790.6600523,210.16668981064464,0.007584767526449099,0
1595824790.6700613,211.96831887711193,0.007584767526449099,0
1595824790.6800506,213.76638597000743,0.007584767526449099,0
1595824790.6900437,215.56513970841075,0.007584767526449099,0
1595824790.7000458,217.36552422989513,0.007584767526449099,0
1595824790.7100604,219.1681403492799,0.007584767526449099,0
1595824790.7200487,220.96603578079845,0.007584767526449099,0
1595824790.7300465,222.76564782608654,0.007584767526449099,0
1595824790.7400534,224.56689065445568,0.007584767526449099,0
1595824790.7500432,226.36504357803966,0.007584767526449099,0
1595824790.7600477,228.16585725296642,0.007584767526449099,0
1595824790.7700481,229.96594136704113,0.007584767526449099,0
1595824790.7800555,231.76727002609874,0.007584767526449099,0
1595824790.790058,233.56769746292736,0.007584767526449099,0
1595824790.8000598,235.3680390690675,0.007584767526449099,0
1595824790.810048,237.16593450058605,0.007584767526449099,0
1595824790.8200536,238.96691983688976,0.007584767526449099,0
1595824790.830059,240.76790517319347,0.007584767526449099,0
1595824790.8400617,242.56837552536632,0.007584767526449099,0
1595824790.8500562,244.36738675583507,0.007584767526449099,0
1595824790.8600478,246.16588300217296,0.007584767526449099,0
1595824790.8700466,247.965666708838,0.007584767526449099,0
1595824790.8800454,249.76545041550304,0.007584767526449099,0
1595824790.890047,251.56574910629894,0.007584767526449099,0
1595824790.9000452,253.36540406693126,0.007584767526449099,0
1595824790.9100497,255.16621774185802,0.007584767526449099,0
1595824790.9200604,256.968147215735,0.007584767526449099,0
1595824790.9300444,258.76527017105724,0.007584767526449099,0
1595824790.940049,260.566083845984,0.007584767526449099,0
1595824790.9500558,262.36732667435314,0.007584767526449099,0
1595824790.9600527,264.16676705826427,0.007584767526449099,0
1595824790.9700513,265.96650784958507,0.007584767526449099,0
1595824790.9800477,267.7658624028077,0.007584767526449099,0
1595824790.9900465,269.56564610947277,0.007584767526449099,0
1595824791.0000587,271.36783307541515,0.007584767526449099,0
1595824791.010059,273.16791718948986,0.007584767526449099,0
1595824791.0132995,273.75117963303234,0.007584767526449099,0
1595824791.0132995,273.75117963303234,0.007584767526449099,0
1595824791.0200517,274.9665850972047,0.007584767526449099,0
1595824791.0300577,276.7676562641969,0.007584767526449099,0
1595824791.0400598,278.56804078568126,0.007584767526449099,0
1595824791.050053,280.3667945240846,0.007584767526449099,0
1595824791.060047,282.16571992386486,0.007584767526449099,0
1595824791.0700498,283.96623319138195,0.007584767526449099,0
1595824791.0800564,285.76743310440685,0.007584767526449099,0
1595824791.0900507,287.56640141953136,0.007584767526449099,0
1595824791.1000597,289.36803048599864,0.007584767526449099,0
1595824791.1100588,291.1678571080079,0.007584767526449099,0
1595824791.120047,292.9657525395265,0.007584767526449099,0
1595824791.1300533,294.7668666218629,0.007584767526449099,0
1595824791.1400614,296.56832402695323,0.007584767526449099,0
1595824791.1500444,298.36527532089855,0.007584767526449099,0
1595824791.1600509,300.1664323185792,0.007584767526449099,0
1595824791.170044,301.96518605698253,0.007584767526449099,0
1595824791.1800494,303.76617139328624,0.007584767526449099,0
1595824791.1900601,305.5681008671632,0.007584767526449099,0
1595824791.2000504,307.36633962143566,0.007584767526449099,0
1595824791.2100427,309.16496461380626,0.007584767526449099,0
1595824791.220047,310.9657353733888,0.007584767526449099,0
1595824791.2300458,312.7655190800538,0.007584767526449099,0
1595824791.2400467,314.565689024817,0.007584767526449099,0
1595824791.2500496,316.3662022923341,0.007584767526449099,0
1595824791.2600443,318.1652564381471,0.007584767526449099,0
1595824791.2700613,319.96830171097423,0.007584767526449099,0
1595824791.2800548,321.767141280066,0.007584767526449099,0
1595824791.2900605,323.568169531714,0.007584767526449099,0
1595824791.300045,325.3653783177247,0.007584767526449099,0
1595824791.3100514,327.1665353154054,0.007584767526449099,0
1595824791.3200462,328.96558946121837,0.007584767526449099,0
1595824791.3300505,330.7663602208009,0.007584767526449099,0
1595824791.3400602,332.5681180333009,0.007584767526449099,0
1595824791.3500583,334.3677729939332,0.007584767526449099,0
1595824791.360052,336.16665547836925,0.007584767526449099,0
1595824791.3700588,337.96785539139415,0.007584767526449099,0
1595824791.3800433,339.7650641774049,0.007584767526449099,0
1595824791.3900547,341.56712239731456,0.007584767526449099,0
1595824791.4000487,343.36604779709484,0.007584767526449099,0
1595824791.4100487,345.16604608048107,0.007584767526449099,0
1595824791.420053,346.9668168400636,0.007584767526449099,0
1595824791.4300508,348.7664288853517,0.007584767526449099,0
1595824791.440054,350.566985068213,0.007584767526449099,0
1595824791.450046,352.36556714523937,0.007584767526449099,0
1595824791.4600616,354.1683549260011,0.007584767526449099,0
1595824791.47005,355.9662932728639,0.007584767526449099,0
1595824791.480055,357.7671927784791,0.007584767526449099,0
1595824791.490057,359.56753438461925,0.007584767526449099,0
1595824791.492464,360,0.007584767526449099,1
1595824791.492464,0,0,0
1595824791.502467,3.172696765713323,0.007623241656645741,0
1595824791.5124722,4.973639186672796,0.007623241656645741,0
1595824791.522465,6.772350009731878,0.007623241656645741,0
1595824791.532474,8.573979076199162,0.007623241656645741,0
1595824791.5424783,10.374749835781682,0.007623241656645741,0
1595824791.552466,12.172516521267521,0.007623241656645741,0
1595824791.5624774,13.97457474117719,0.007623241656645741,0
1595824791.5724766,15.774444278530705,0.007623241656645741,0
1595824791.58247,17.573240932278264,0.007623241656645741,0
1595824791.5924654,19.372423824123967,0.007623241656645741,0
1595824791.602473,21.173795398525822,0.007623241656645741,0
1595824791.6124792,22.974909480862248,0.007623241656645741,0
1595824791.6224666,24.77263325100385,0.007623241656645741,0
1595824791.6324644,26.572245296291936,0.007623241656645741,0
1595824791.6424782,28.374732669643986,0.007623241656645741,0
1595824791.6524668,30.17267101650678,0.007623241656645741,0
1595824791.6624703,31.973313030056584,0.007623241656645741,0
1595824791.6724687,33.77301090603315,0.007623241656645741,0
1595824791.6824677,35.57283752804243,0.007623241656645741,0
1595824791.6924832,37.375625308804146,0.007623241656645741,0
1595824791.702478,39.174679454617134,0.007623241656645741,0
1595824791.7124755,40.97424858456098,0.007623241656645741,0
1595824791.7224743,42.77403229122602,0.007623241656645741,0
1595824791.732481,44.57523220425092,0.007623241656645741,0
1595824791.7424827,46.37553089504682,0.007623241656645741,0
1595824791.7524705,48.1733404958769,0.007623241656645741,0
1595824791.762467,49.972695049099556,0.007623241656645741,0
1595824791.7724648,51.77230709438764,0.007623241656645741,0
1595824791.7824752,53.57419365292036,0.007623241656645741,0
1595824791.7924652,55.37238949184858,0.007623241656645741,0
1595824791.802481,57.17522018795454,0.007623241656645741,0
1595824791.8124812,58.975261386685006,0.007623241656645741,0
1595824791.8224802,60.77508800869428,0.007623241656645741,0
1595824791.8324704,62.573326762966744,0.007623241656645741,0
1595824791.8424776,64.37461250668012,0.007623241656645741,0
1595824791.8524797,66.1749970281645,0.007623241656645741,0
1595824791.8624792,67.97490948086225,0.007623241656645741,0
1595824791.8724678,69.77284782772504,0.007623241656645741,0
1595824791.8824737,71.57391899471723,0.007623241656645741,0
1595824791.8924701,73.37327354793989,0.007623241656645741,0
1595824791.9024768,75.17447346096479,0.007623241656645741,0
1595824791.9124675,76.97279804592573,0.007623241656645741,0
1595824791.9224792,78.77489918117963,0.007623241656645741,0
1595824791.932473,80.57378166561567,0.007623241656645741,0
1595824791.9424822,82.3754536474272,0.007623241656645741,0
1595824791.9524665,84.1726195180937,0.007623241656645741,0
1595824791.96248,85.97506397610151,0.007623241656645741,0
1595824791.9724805,87.77514809017622,0.007623241656645741,0
1595824791.9824798,89.57501762752973,0.007623241656645741,0
1595824791.99248,91.3750588262602,0.007623241656645741,0
1595824792.002468,93.17291134243452,0.007623241656645741,0
1595824792.0124738,94.97393959408247,0.007623241656645741,0
1595824792.022478,96.77471035366499,0.007623241656645741,0
1595824792.032465,98.57234829311811,0.007623241656645741,0
1595824792.0424716,100.37354820614301,0.007623241656645741,0
1595824792.0524647,102.17230194454633,0.007623241656645741,0
1595824792.0624697,103.97320145016157,0.007623241656645741,0
1595824792.0724726,105.77371471767866,0.007623241656645741,0
1595824792.0824816,107.57534378414594,0.007623241656645741,0
1595824792.0924764,109.37439792995893,0.007623241656645741,0
1595824792.1024697,111.17319458370649,0.007623241656645741,0
1595824792.1124682,112.97293537502729,0.007623241656645741,0
1595824792.1224804,114.77512234096967,0.007623241656645741,0
1595824792.1324751,116.57417648678266,0.007623241656645741,0
1595824792.1424813,118.37529056911909,0.007623241656645741,0
1595824792.152475,120.17417305355512,0.007623241656645741,0
1595824792.1624806,121.97515838985883,0.007623241656645741,0
1595824792.1724708,123.7733971441313,0.007623241656645741,0
1595824792.1824749,125.57412498836958,0.007623241656645741,0
1595824792.1924741,127.37399452572309,0.007623241656645741,0
1595824792.2024825,129.17549484615765,0.007623241656645741,0
1595824792.2124665,130.9726178014799,0.007623241656645741,0
1595824792.2224658,132.77248733883343,0.007623241656645741,0
1595824792.2324786,134.57480305080853,0.007623241656645741,0
1595824792.2424784,136.37475841885052,0.007623241656645741,0
1595824792.2524803,138.17510002499066,0.007623241656645741,0
1595824792.2624729,139.9737679327055,0.007623241656645741,0
1595824792.2724683,141.7729508245512,0.007623241656645741,0
1595824792.2824795,143.57496612911663,0.007623241656645741,0
1595824792.2924795,145.37496441250286,0.007623241656645741,0
1595824792.3024685,147.17298859005413,0.007623241656645741,0
1595824792.3124702,148.97328728085003,0.007623241656645741,0
1595824792.322471,150.77341431026898,0.007623241656645741,0
1595824792.3324652,152.5723826253935,0.007623241656645741,0
1595824792.3424768,154.3744837606474,0.007623241656645741,0
1595824792.352472,156.17362373714886,0.007623241656645741,0
1595824792.362482,157.9754244649931,0.007623241656645741,0
1595824792.3724802,159.77507942562542,0.007623241656645741,0
1595824792.3824813,161.57529228573284,0.007623241656645741,0
1595824792.392469,163.37305897121868,0.007623241656645741,0
1595824792.4024804,165.17511719112835,0.007623241656645741,0
1595824792.4124725,166.97369926815472,0.007623241656645741,0
1595824792.4224713,168.77348297481976,0.007623241656645741,0
1595824792.432464,170.5721508825346,0.007623241656645741,0
1595824792.4424727,172.37373703365765,0.007623241656645741,0
1595824792.4524665,174.17261951809368,0.007623241656645741,0
1595824792.462465,175.97236030941448,0.007623241656645741,0
1595824792.47248,177.77506225948773,0.007623241656645741,0
1595824792.4824688,179.57304352169476,0.007623241656645741,0
1595824792.4924686,181.37299888973675,0.007623241656645741,0
1595824792.502465,183.1723534429594,0.007623241656645741,0
1595824792.5124822,184.9754416311308,0.007623241656645741,0
1595824792.522464,186.7721783483549,0.007623241656645741,0
1595824792.5324779,188.57466572170696,0.007623241656645741,0
1595824792.5424647,190.3723036611601,0.007623241656645741,0
1595824792.5524802,192.1750914419218,0.007623241656645741,0
1595824792.562469,193.97307270412884,0.007623241656645741,0
1595824792.5724652,195.77238434200726,0.007623241656645741,0
1595824792.5824802,197.5750862920805,0.007623241656645741,0
1595824792.5924823,199.37547081356487,0.007623241656645741,0
1595824792.6024654,201.1724221075102,0.007623241656645741,0
1595824792.612463,202.97199123745403,0.007623241656645741,0
1595824792.6224709,204.77340572720013,0.007623241656645741,0
1595824792.6324685,206.57297485714398,0.007623241656645741,0
1595824792.6424665,208.3726298177763,0.007623241656645741,0
1595824792.652472,210.17361515408,0.007623241656645741,0
1595824792.662469,211.97305553799114,0.007623241656645741,0
1595824792.672476,213.77434128170452,0.007623241656645741,0
1595824792.6824715,215.57352417355023,0.007623241656645741,0
1595824792.6924756,217.3742520177885,0.007623241656645741,0
1595824792.702479,219.17485111599407,0.007623241656645741,0
1595824792.7124805,220.97514980678997,0.007623241656645741,0
1595824792.7224693,222.773131068997,0.007623241656645741,0
1595824792.7324784,224.5747601354643,0.007623241656645741,0
1595824792.7424722,226.37364261990032,0.007623241656645741,0
1595824792.752472,228.17359798794232,0.007623241656645741,0
1595824792.762473,229.97381084804974,0.007623241656645741,0
1595824792.7724729,231.77376621609173,0.007623241656645741,0
1595824792.782469,233.57307785397015,0.007623241656645741,0
1595824792.7924657,235.37247532253704,0.007623241656645741,0
1595824792.8024638,237.17213028316937,0.007623241656645741,0
1595824792.8124726,238.9737164342924,0.007623241656645741,0
1595824792.8224692,240.7731139028593,0.007623241656645741,0
1595824792.8324761,242.57435673122845,0.007623241656645741,0
1595824792.8424704,244.37332504635296,0.007623241656645741,0
1595824792.852474,246.17396705990276,0.007623241656645741,0
1595824792.862469,247.97306412106,0.007623241656645741,0
1595824792.8724668,249.77267616634808,0.007623241656645741,0
1595824792.8824759,251.57430523281536,0.007623241656645741,0
1595824792.8924642,253.37220066433392,0.007623241656645741,0
1595824792.9024704,255.17331474667034,0.007623241656645741,0
1595824792.9124665,256.9726263845488,0.007623241656645741,0
1595824792.9224725,258.773697551541,0.007623241656645741,0
1595824792.9324753,260.57421081905807,0.007623241656645741,0
1595824792.9424787,262.37480991726363,0.007623241656645741,0
1595824792.9524665,264.1726195180937,0.007623241656645741,0
1595824792.962472,265.9736048543974,0.007623241656645741,0
1595824792.9724736,267.7739035451933,0.007623241656645741,0
1595824792.9824677,269.5728289449736,0.007623241656645741,0
1595824792.9924653,271.37239807491744,0.007623241656645741,0
1595824793.0024745,273.17407005672897,0.007623241656645741,0
1595824793.0109134,274.69305866604293,0.007623241656645741,0
1595824793.0109134,274.69305866604293,0.007623241656645741,0
1595824793.0124795,274.9749695623442,0.007623241656645741,0
1595824793.022463,276.772006686978,0.007623241656645741,0
1595824793.032482,278.57539528255904,0.007623241656645741,0
1595824793.0424674,280.37277572994674,0.007623241656645741,0
1595824793.0524666,282.17264526730025,0.007623241656645741,0
1595824793.062463,283.9719998205229,0.007623241656645741,0
1595824793.0724788,285.77483051662887,0.007623241656645741,0
1595824793.0824685,287.57298344021285,0.007623241656645741,0
1595824793.0924728,289.37375419979537,0.007623241656645741,0
1595824793.1024709,291.1734091604277,0.007623241656645741,0
1595824793.1124625,292.9719054067656,0.007623241656645741,0
1595824793.1224775,294.7746073568388,0.007623241656645741,0
1595824793.1324773,296.5745627248808,0.007623241656645741,0
1595824793.1424758,298.3743035162016,0.007623241656645741,0
1595824793.1524692,300.1731001699492,0.007623241656645741,0
1595824793.1624749,301.97412842159713,0.007623241656645741,0
1595824793.1724741,303.77399795895064,0.007623241656645741,0
1595824793.1824663,305.572580035977,0.007623241656645741,0
1595824793.1924675,307.37279289608443,0.007623241656645741,0
1595824793.2024698,309.17322033291305,0.007623241656645741,0
1595824793.2124746,310.97407692318404,0.007623241656645741,0
1595824793.2224789,312.77484768276656,0.007623241656645741,0
1595824793.2324796,314.5749747121855,0.007623241656645741,0
1595824793.2424781,316.3747155035063,0.007623241656645741,0
1595824793.2524643,318.1722246969267,0.007623241656645741,0
1595824793.2624693,319.97312420254195,0.007623241656645741,0
1595824793.2724686,321.77299373989547,0.007623241656645741,0
1595824793.2824783,323.57475155239547,0.007623241656645741,0
1595824793.292471,325.3734194601103,0.007623241656645741,0
1595824793.3024704,327.17333191280807,0.007623241656645741,0
1595824793.3124735,328.9738880956694,0.007623241656645741,0
1595824793.322467,330.7727276647612,0.007623241656645741,0
1595824793.3324676,332.5728117788359,0.007623241656645741,0
1595824793.3424761,334.3743550146147,0.007623241656645741,0
1595824793.3524656,336.17246502285445,0.007623241656645741,0
1595824793.3624785,337.97478073482955,0.007623241656645741,0
1595824793.3724744,339.77404945736373,0.007623241656645741,0
1595824793.3824732,341.57383316402877,0.007623241656645741,0
1595824793.3924625,343.3719002569243,0.007623241656645741,0
1595824793.4024668,345.1726710165068,0.007623241656645741,0
1595824793.4124742,346.9739996755644,0.007623241656645741,0
1595824793.4224653,348.7724100912138,0.007623241656645741,0
1595824793.4324758,350.57429664974654,0.007623241656645741,0
1595824793.4424624,352.37189167385543,0.007623241656645741,0
1595824793.452477,354.1745077932402,0.007623241656645741,0
1595824793.4624631,355.9720169866606,0.007623241656645741,0
1595824793.4724677,357.77283066158736,0.007623241656645741,0
1595824793.4824717,359.57355850582564,0.007623241656645741,0
1595824793.4848485,360,0.007623241656645741,1
1595824793.4848485,0,0,0
1595824793.4948626,3.1794349751925077,0.007649470480534548,0
1595824793.5048497,4.977115829989871,0.007649470480534548,0
1595824793.5148678,6.780375679538211,0.007649470480534548,0
1595824793.5248559,8.578228195712526,0.007649470480534548,0
1595824793.5348673,10.380286415622194,0.007649470480534548,0
1595824793.5448492,12.177023132846315,0.007649470480534548,0
1595824793.5548556,13.97818013052698,0.007649470480534548,0
1595824793.5648606,15.779079636142214,0.007649470480534548,0
1595824793.5748625,17.57942124228235,0.007649470480534548,0
1595824793.5848496,19.377102097079714,0.007649470480534548,0
1595824793.5948632,21.179546555087526,0.007649470480534548,0
1595824793.6048656,22.97997399191614,0.007649470480534548,0
1595824793.614857,24.778427322909792,0.007649470480534548,0
1595824793.6248546,26.57799645285364,0.007649470480534548,0
1595824793.6348572,28.37846680502649,0.007649470480534548,0
1595824793.6448543,30.177950104281862,0.007649470480534548,0
1595824793.6548667,31.980179985568483,0.007649470480534548,0
1595824793.6648588,33.77876206259485,0.007649470480534548,0
1595824793.6748545,35.57798786978479,0.007649470480534548,0
1595824793.6848617,37.37927361349817,0.007649470480534548,0
1595824793.6948652,39.179915627047976,0.007649470480534548,0
1595824793.7048516,40.977467735812624,0.007649470480534548,0
1595824793.7148669,42.780212601230104,0.007649470480534548,0
1595824793.7248569,44.57840844015833,0.007649470480534548,0
1595824793.7348487,46.376947601840456,0.007649470480534548,0
1595824793.744852,48.17754670004602,0.007649470480534548,0
1595824793.7548614,49.979218681857546,0.007649470480534548,0
1595824793.7648547,51.778015335605104,0.007649470480534548,0
1595824793.774861,53.57917233328577,0.007649470480534548,0
1595824793.7848535,55.377797325656374,0.007649470480534548,0
1595824793.7948594,57.17886849264856,0.007649470480534548,0
1595824793.8048565,58.97835179190393,0.007649470480534548,0
1595824793.814854,60.77787800650354,0.007649470480534548,0
1595824793.824862,62.579335411593874,0.007649470480534548,0
1595824793.8348525,64.37761708121057,0.007649470480534548,0
1595824793.8448591,66.17881699423548,0.007649470480534548,0
1595824793.8548498,67.97714157919641,0.007649470480534548,0
1595824793.864858,69.77859898428675,0.007649470480534548,0
1595824793.874865,71.57988472800012,0.007649470480534548,0
1595824793.884858,73.3785955510592,0.007649470480534548,0
1595824793.894848,75.17683430533167,0.007649470480534548,0
1595824793.9048507,76.97730465750452,0.007649470480534548,0
1595824793.9148536,78.77781792502161,0.007649470480534548,0
1595824793.924849,80.57700081686731,0.007649470480534548,0
1595824793.9348586,82.37871571402307,0.007649470480534548,0
1595824793.9448485,84.1769115529513,0.007649470480534548,0
1595824793.9548655,85.97995682577844,0.007649470480534548,0
1595824793.964856,87.77823849539514,0.007649470480534548,0
1595824793.9748569,89.57840844015833,0.007649470480534548,0
1595824793.9848535,91.37780590872522,0.007649470480534548,0
1595824793.9948533,93.17776127676721,0.007649470480534548,0
1595824794.0048637,94.97964783529993,0.007649470480534548,0
1595824794.0148537,96.77784367422815,0.007649470480534548,0
1595824794.0248585,98.57870026449915,0.007649470480534548,0
1595824794.0348616,100.37925644736048,0.007649470480534548,0
1595824794.0448515,102.1774522862887,0.007649470480534548,0
1595824794.0548604,103.97903843741175,0.007649470480534548,0
1595824794.0648563,105.77830715994592,0.007649470480534548,0
1595824794.074854,107.57787628988977,0.007649470480534548,0
1595824794.0848663,109.3801061711764,0.007649470480534548,0
1595824794.0948484,111.17688580374475,0.007649470480534548,0
1595824794.1048622,112.9793731770968,0.007649470480534548,0
1595824794.1148617,114.77928562979456,0.007649470480534548,0
1595824794.1248496,116.57709523062464,0.007649470480534548,0
1595824794.134853,118.3776943288302,0.007649470480534548,0
1595824794.1448553,120.17812176565882,0.007649470480534548,0
1595824794.1548667,121.98017998556848,0.007649470480534548,0
1595824794.1648495,123.77708836416956,0.007649470480534548,0
1595824794.1748614,125.5792324147677,0.007649470480534548,0
1595824794.1848605,127.37905903677698,0.007649470480534548,0
1595824794.1948524,129.17759819845912,0.007649470480534548,0
1595824794.2048516,130.97746773581264,0.007649470480534548,0
1595824794.2148578,132.77858181814906,0.007649470480534548,0
1595824794.2248616,134.5792667470431,0.007649470480534548,0
1595824794.2348611,136.37917919974086,0.007649470480534548,0
1595824794.244856,138.1782762608981,0.007649470480534548,0
1595824794.2548625,139.97943325857875,0.007649470480534548,0
1595824794.2648623,141.77938862662074,0.007649470480534548,0
1595824794.2748506,143.5772840581393,0.007649470480534548,0
1595824794.284856,145.378269394443,0.007649470480534548,0
1595824794.2948487,147.17693730215785,0.007649470480534548,0
1595824794.3048618,148.9792959294772,0.007649470480534548,0
1595824794.3148637,150.77963753561733,0.007649470480534548,0
1595824794.3248515,152.5774471364474,0.007649470480534548,0
1595824794.3348606,154.3790762029147,0.007649470480534548,0
1595824794.344851,156.1773578725314,0.007649470480534548,0
1595824794.3548665,157.9801456532931,0.007649470480534548,0
1595824794.3648636,159.77962895254848,0.007649470480534548,0
1595824794.374849,161.57700939993617,0.007649470480534548,0
1595824794.3848615,163.3792392812228,0.007649470480534548,0
1595824794.394858,165.17859383444545,0.007649470480534548,0
1595824794.4048636,166.9796220860934,0.007649470480534548,0
1595824794.4148512,168.77738877157924,0.007649470480534548,0
1595824794.4248476,170.5767433248019,0.007649470480534548,0
1595824794.4348533,172.37777157644985,0.007649470480534548,0
1595824794.4448478,174.1767828069186,0.007649470480534548,0
1595824794.4548602,175.97901268820522,0.007649470480534548,0
1595824794.4648588,177.77875347952602,0.007649470480534548,0
1595824794.4748595,179.57888050894496,0.007649470480534548,0
1595824794.4848516,181.37746258597133,0.007649470480534548,0
1595824794.4948654,183.17994995932338,0.007649470480534548,0
1595824794.5048616,184.9792615972018,0.007649470480534548,0
1595824794.5148475,186.77672787527797,0.007649470480534548,0
1595824794.5248635,188.57960148672817,0.007649470480534548,0
1595824794.5348594,190.37887020926235,0.007649470480534548,0
1595824794.544861,192.17916890005824,0.007649470480534548,0
1595824794.5548575,193.9785234532809,0.007649470480534548,0
1595824794.5648618,195.77929421286342,0.007649470480534548,0
1595824794.574856,197.57826252798793,0.007649470480534548,0
1595824794.584864,199.37967701773402,0.007649470480534548,0
1595824794.5948575,201.17851658682582,0.007649470480534548,0
1595824794.6048608,202.9791156850314,0.007649470480534548,0
1595824794.614862,204.7793285451388,0.007649470480534548,0
1595824794.6248653,206.57992764334438,0.007649470480534548,0
1595824794.6348655,208.37996884207485,0.007649470480534548,0
1595824794.6448653,210.17992421011684,0.007649470480534548,0
1595824794.654856,211.97824879507777,0.007649470480534548,0
1595824794.6648498,213.7771312795138,0.007649470480534548,0
1595824794.6748667,215.58017655234096,0.007649470480534548,0
1595824794.684865,217.37987442831752,0.007649470480534548,0
1595824794.6948624,219.17940064291713,0.007649470480534548,0
1595824794.70486,220.97896977286098,0.007649470480534548,0
1595824794.7148516,222.77746601919887,0.007649470480534548,0
1595824794.7248557,224.57819386343715,0.007649470480534548,0
1595824794.734853,226.37772007803676,0.007649470480534548,0
1595824794.7448618,228.1793062291598,0.007649470480534548,0
1595824794.7548504,229.9772445760226,0.007649470480534548,0
1595824794.7648633,231.7795602879977,0.007649470480534548,0
1595824794.774855,233.5780565343356,0.007649470480534548,0
1595824794.78486,235.37895603995082,0.007649470480534548,0
1595824794.7948658,237.180027206943,0.007649470480534548,0
1595824794.8048604,238.97903843741176,0.007649470480534548,0
1595824794.8148494,240.77706261496303,0.007649470480534548,0
1595824794.8248527,242.5776617131686,0.007649470480534548,0
1595824794.8348532,244.3777458272433,0.007649470480534548,0
1595824794.8448477,246.17675705771205,0.007649470480534548,0
1595824794.8548489,247.97696991781947,0.007649470480534548,0
1595824794.8648658,249.78001519064662,0.007649470480534548,0
1595824794.8748484,251.57688065390346,0.007649470480534548,0
1595824794.8848484,253.3768789372897,0.007649470480534548,0
1595824794.8948498,255.17713471274135,0.007649470480534548,0
1595824794.904856,256.9782487950778,0.007649470480534548,0
1595824794.9148574,258.77850457052944,0.007649470480534548,0
1595824794.9248524,260.57760163168666,0.007649470480534548,0
1595824794.9348488,262.3769561849093,0.007649470480534548,0
1595824794.944849,264.1769973836398,0.007649470480534548,0
1595824794.9548516,265.97746773581264,0.007649470480534548,0
1595824794.9648619,267.7793113790011,0.007649470480534548,0
1595824794.9748492,269.5770351491427,0.007649470480534548,0
1595824794.984853,271.37772007803676,0.007649470480534548,0
1595824794.9948633,273.17956372122524,0.007649470480534548,0
1595824795.0048623,274.9793903432345,0.007649470480534548,0
1595824795.0072706,275.4128782353854,0.007649470480534548,0
1595824795.0072706,275.4128782353854,0.007649470480534548,0
1595824795.0148563,276.7783157430148,0.007649470480534548,0
1595824795.0248518,278.5774986348605,0.007649470480534548,0
1595824795.0348637,280.37964268545863,0.007649470480534548,0
1595824795.044864,282.1796838841891,0.007649470480534548,0
1595824795.0548542,283.97792263846156,0.007649470480534548,0
1595824795.0648625,285.77942295889613,0.007649470480534548,0
1595824795.0748625,287.57942124228236,0.007649470480534548,0
1595824795.0848594,289.3788616261935,0.007649470480534548,0
1595824795.0948627,291.17946072439906,0.007649470480534548,0
1595824795.104848,292.9767982564425,0.007649470480534548,0
1595824795.114851,294.77735443930385,0.007649470480534548,0
1595824795.1248558,296.57821102957485,0.007649470480534548,0
1595824795.1348658,298.3800117574191,0.007649470480534548,0
1595824795.144862,300.1793233952975,0.007649470480534548,0
1595824795.1548584,301.97867794852016,0.007649470480534548,0
1595824795.1648586,303.7787191472506,0.007649470480534548,0
1595824795.1748662,305.5800907216525,0.007649470480534548,0
1595824795.1848593,307.3788444600558,0.007649470480534548,0
1595824795.1948473,309.1766969762301,0.007649470480534548,0
1595824795.2048578,310.97858353476283,0.007649470480534548,0
1595824795.2148547,312.77802391867397,0.007649470480534548,0
1595824795.2248583,314.57866593222377,0.007649470480534548,0
1595824795.234855,316.37806340079067,0.007649470480534548,0
1595824795.244858,318.178619583652,0.007649470480534548,0
1595824795.2548594,319.97887535910365,0.007649470480534548,0
1595824795.2648554,321.77814408163783,0.007649470480534548,0
1595824795.2748497,323.57711239676235,0.007649470480534548,0
1595824795.2848651,325.37990017752406,0.007649470480534548,0
1595824795.2948556,327.17818184714076,0.007649470480534548,0
1595824795.3048644,328.9797679982638,0.007649470480534548,0
1595824795.3148654,330.779937943027,0.007649470480534548,0
1595824795.324857,332.5784341893649,0.007649470480534548,0
1595824795.334854,334.377874573276,0.007649470480534548,0
1595824795.344865,336.17988987784145,0.007649470480534548,0
1595824795.3548539,337.9778711400485,0.007649470480534548,0
1595824795.364862,339.7793285451388,0.007649470480534548,0
1595824795.3748503,341.57722397665736,0.007649470480534548,0
1595824795.3848565,343.3783380589938,0.007649470480534548,0
1595824795.3948588,345.1787654958224,0.007649470480534548,0
1595824795.4048507,346.97730465750453,0.007649470480534548,0
1595824795.4148555,348.77816124777553,0.007649470480534548,0
1595824795.4248576,350.5785457692599,0.007649470480534548,0
1595824795.4348583,352.37867279867885,0.007649470480534548,0
1595824795.4448655,354.1799585423922,0.007649470480534548,0
1595824795.4548595,355.9788839421725,0.007649470480534548,0
1595824795.4648635,357.7796117864108,0.007649470480534548,0
1595824795.4748535,359.577807625339,0.007649470480534548,0
1595824795.4772048,360,0.007649470480534548,1
1595824795.4772048,0,0,0
1595824795.4872139,3.182141863569834,0.0076695155394586045,0
1595824795.4972093,4.981324755415537,0.0076695155394586045,0
1595824795.5072086,6.781194292769053,0.0076695155394586045,0
1595824795.5172167,8.582651697859385,0.0076695155394586045,0
1595824795.5272048,10.380504214033701,0.0076695155394586045,0
1595824795.5372236,12.183892809614756,0.0076695155394586045,0
1595824795.5472164,13.982603632673838,0.0076695155394586045,0
1595824795.5572178,15.782859408125498,0.0076695155394586045,0
1595824795.567213,17.58199938462696,0.0076695155394586045,0
1595824795.577208,19.381096445784188,0.0076695155394586045,0
1595824795.5872192,21.183111750349617,0.0076695155394586045,0
1595824795.5972087,22.981221758589363,0.0076695155394586045,0
1595824795.607223,24.78379496262989,0.0076695155394586045,0
1595824795.6172047,26.580488764509774,0.0076695155394586045,0
1595824795.6272101,28.381474100813485,0.0076695155394586045,0
1595824795.6372132,30.182030283674813,0.0076695155394586045,0
1595824795.6472082,31.98112734483204,0.0076695155394586045,0
1595824795.6572227,33.783743464216805,0.0076695155394586045,0
1595824795.6672108,35.58159598039112,0.0076695155394586045,0
1595824795.6772187,37.383010470137215,0.0076695155394586045,0
1595824795.6872168,39.18266543076954,0.0076695155394586045,0
1595824795.6972208,40.98339327500782,0.0076695155394586045,0
1595824795.7072177,42.78283365891895,0.0076695155394586045,0
1595824795.717207,44.58090075181446,0.0076695155394586045,0
1595824795.727206,46.38072737382374,0.0076695155394586045,0
1595824795.7372193,48.18312891648731,0.0076695155394586045,0
1595824795.7472203,49.983298861250496,0.0076695155394586045,0
1595824795.7572188,51.7830396525713,0.0076695155394586045,0
1595824795.7672188,53.58303793595753,0.0076695155394586045,0
1595824795.7772212,55.38346537278614,0.0076695155394586045,0
1595824795.7872126,57.18191870377979,0.0076695155394586045,0
1595824795.797207,58.98092993424854,0.0076695155394586045,0
1595824795.8072162,60.78255900071583,0.0076695155394586045,0
1595824795.817207,62.580926501021004,0.0076695155394586045,0
1595824795.8272197,64.38319929765187,0.0076695155394586045,0
1595824795.8372166,66.182639681563,0.0076695155394586045,0
1595824795.8472157,67.98246630357228,0.0076695155394586045,0
1595824795.8572218,69.7835803859087,0.0076695155394586045,0
1595824795.867215,71.58233412431203,0.0076695155394586045,0
1595824795.8772056,73.38065870927296,0.0076695155394586045,0
1595824795.8872137,75.1821161143633,0.0076695155394586045,0
1595824795.897213,76.98198565171681,0.0076695155394586045,0
1595824795.9072082,78.78112562821828,0.0076695155394586045,0
1595824795.9172056,80.58065184281789,0.0076695155394586045,0
1595824795.927214,82.38215216325246,0.0076695155394586045,0
1595824795.9372215,84.18352373765431,0.0076695155394586045,0
1595824795.9472127,85.98193415330373,0.0076695155394586045,0
1595824795.957211,87.78163202928029,0.0076695155394586045,0
1595824795.9672136,89.58210238145314,0.0076695155394586045,0
1595824795.977208,91.38107069657765,0.0076695155394586045,0
1595824795.9872153,93.18239935563527,0.0076695155394586045,0
1595824795.9972222,94.98364218400441,0.0076695155394586045,0
1595824796.0072148,96.78231009171925,0.0076695155394586045,0
1595824796.0172136,98.58209379838429,0.0076695155394586045,0
1595824796.0272193,100.38312205003224,0.0076695155394586045,0
1595824796.0372198,102.18320616410695,0.0076695155394586045,0
1595824796.047219,103.98307570146046,0.0076695155394586045,0
1595824796.0572078,105.7810569636675,0.0076695155394586045,0
1595824796.06722,107.58324392960988,0.0076695155394586045,0
1595824796.0772119,109.38178309129201,0.0076695155394586045,0
1595824796.087222,111.18362673448048,0.0076695155394586045,0
1595824796.097206,112.98074968980275,0.0076695155394586045,0
1595824796.1072092,114.78130587266408,0.0076695155394586045,0
1595824796.1172082,116.58113249467335,0.0076695155394586045,0
1595824796.1272075,118.38100203202687,0.0076695155394586045,0
1595824796.137208,120.18108614610158,0.0076695155394586045,0
1595824796.147212,121.98181399033986,0.0076695155394586045,0
1595824796.1572213,123.78348597215138,0.0076695155394586045,0
1595824796.1672103,125.58151014970265,0.0076695155394586045,0
1595824796.1772063,127.38077887223683,0.0076695155394586045,0
1595824796.1872048,129.18051966355762,0.0076695155394586045,0
1595824796.1972215,130.98352202104053,0.0076695155394586045,0
1595824796.207212,132.78180369065723,0.0076695155394586045,0
1595824796.2172217,134.58356150315723,0.0076695155394586045,0
1595824796.2272208,136.3833881251665,0.0076695155394586045,0
1595824796.2372134,138.18205603288135,0.0076695155394586045,0
1595824796.2472198,139.983213030562,0.0076695155394586045,0
1595824796.2572181,141.78291090653858,0.0076695155394586045,0
1595824796.2672067,143.58084925340137,0.0076695155394586045,0
1595824796.2772055,145.3806329600664,0.0076695155394586045,0
1595824796.287219,147.18307741807422,0.0076695155394586045,0
1595824796.2972112,148.9816594951006,0.0076695155394586045,0
1595824796.307214,150.78217276261768,0.0076695155394586045,0
1595824796.3172193,152.58311518357715,0.0076695155394586045,0
1595824796.3272152,154.38238390611133,0.0076695155394586045,0
1595824796.337204,156.18036516831836,0.0076695155394586045,0
1595824796.3472137,157.98212298081836,0.0076695155394586045,0
1595824796.3572052,159.780576311812,0.0076695155394586045,0
1595824796.367215,161.582334124312,0.0076695155394586045,0
1595824796.3772163,163.38258989976367,0.0076695155394586045,0
1595824796.3872163,165.1825881831499,0.0076695155394586045,0
1595824796.3972044,166.98044069932422,0.0076695155394586045,0
1595824796.4072204,168.78331431077441,0.0076695155394586045,0
1595824796.417218,170.58288344071826,0.0076695155394586045,0
1595824796.4272106,172.3815513484331,0.0076695155394586045,0
1595824796.4372194,174.18313749955615,0.0076695155394586045,0
1595824796.4472077,175.9810329310747,0.0076695155394586045,0
1595824796.4572194,177.7831340663286,0.0076695155394586045,0
1595824796.4672186,179.58300360368213,0.0076695155394586045,0
1595824796.4772127,181.3819290034624,0.0076695155394586045,0
1595824796.487217,183.18269976304492,0.0076695155394586045,0
1595824796.4972103,184.98149641679248,0.0076695155394586045,0
1595824796.507211,186.78162344621143,0.0076695155394586045,0
1595824796.5172215,188.58351000474414,0.0076695155394586045,0
1595824796.5272167,190.3826499812456,0.0076695155394586045,0
1595824796.5372226,192.1837211482378,0.0076695155394586045,0
1595824796.5472217,193.98354777024707,0.0076695155394586045,0
1595824796.5572088,195.78122862504443,0.0076695155394586045,0
1595824796.5672061,197.58075483964404,0.0076695155394586045,0
1595824796.577216,199.38251265214404,0.0076695155394586045,0
1595824796.5872118,201.18178137467822,0.0076695155394586045,0
1595824796.597207,202.9809213511797,0.0076695155394586045,0
1595824796.6072125,204.7819066874834,0.0076695155394586045,0
1595824796.6172192,206.5831066005083,0.0076695155394586045,0
1595824796.6272066,208.3808303706499,0.0076695155394586045,0
1595824796.6372147,210.18228777574024,0.0076695155394586045,0
1595824796.647211,211.9816423289629,0.0076695155394586045,0
1595824796.6572196,213.7831855647417,0.0076695155394586045,0
1595824796.6672192,215.58309801743945,0.0076695155394586045,0
1595824796.6772113,217.38168009446582,0.0076695155394586045,0
1595824796.6872191,219.18309458421191,0.0076695155394586045,0
1595824796.6972177,220.98283537553272,0.0076695155394586045,0
1595824796.7072062,222.7807737223955,0.0076695155394586045,0
1595824796.7172124,224.58188780473193,0.0076695155394586045,0
1595824796.7272143,226.38222941087207,0.0076695155394586045,0
1595824796.7372181,228.1829143397661,0.0076695155394586045,0
1595824796.7472205,229.98334177659473,0.0076695155394586045,0
1595824796.7572143,231.78222426103076,0.0076695155394586045,0
1595824796.7672102,233.58149298356494,0.0076695155394586045,0
1595824796.7772038,235.38033255265674,0.0076695155394586045,0
1595824796.7872179,237.18286284135303,0.0076695155394586045,0
1595824796.797208,238.9811015956255,0.0076695155394586045,0
1595824796.8072162,240.78255900071582,0.0076695155394586045,0
1595824796.8172085,242.58118399308643,0.0076695155394586045,0
1595824796.8272202,244.38328512834033,0.0076695155394586045,0
1595824796.8372195,246.18315466569385,0.0076695155394586045,0
1595824796.847219,247.9830671183916,0.0076695155394586045,0
1595824796.8572128,249.78194960282764,0.0076695155394586045,0
1595824796.8672197,251.58319243119678,0.0076695155394586045,0
1595824796.8772144,253.38224657700977,0.0076695155394586045,0
1595824796.8872197,255.18318899796924,0.0076695155394586045,0
1595824796.8972077,256.98104151414356,0.0076695155394586045,0
1595824796.907218,258.78288515733203,0.0076695155394586045,0
1595824796.9172065,260.5808235041948,0.0076695155394586045,0
1595824796.9272096,262.38137968705615,0.0076695155394586045,0
1595824796.93721,264.18146380113086,0.0076695155394586045,0
1595824796.947222,265.983607851729,0.0076695155394586045,0
1595824796.9572084,267.78115996049365,0.0076695155394586045,0
1595824796.9672215,269.583518587813,0.0076695155394586045,0
1595824796.9772174,271.38278731034717,0.0076695155394586045,0
1595824796.98722,273.18325766252,0.0076695155394586045,0
1595824796.9972146,274.98226889298877,0.0076695155394586045,0
1595824797.0061126,276.58391245530566,0.0076695155394586045,0
1595824797.0061126,276.58391245530566,0.0076695155394586045,0
1595824797.0072095,276.781365954146,0.0076695155394586045,0
1595824797.017217,278.5826946132036,0.0076695155394586045,0
1595824797.0272152,280.3823924891802,0.0076695155394586045,0
1595824797.0372064,282.1808029048296,0.0076695155394586045,0
1595824797.0472212,283.9834619395586,0.0076695155394586045,0
1595824797.0572102,285.78148611710986,0.0076695155394586045,0
1595824797.0672066,287.5808406703325,0.0076695155394586045,0
1595824797.077219,289.38307055161914,0.0076695155394586045,0
1595824797.0872223,291.1836696498247,0.0076695155394586045,0
1595824797.0972214,292.983496271834,0.0076695155394586045,0
1595824797.1072075,294.7810054652544,0.0076695155394586045,0
1595824797.1172132,296.58203371690234,0.0076695155394586045,0
1595824797.1272223,298.38366278336963,0.0076695155394586045,0
1595824797.1372116,300.18172987626514,0.0076695155394586045,0
1595824797.1472147,301.98228605912647,0.0076695155394586045,0
1595824797.1572115,303.7817264430376,0.0076695155394586045,0
1595824797.1672156,305.5824542872759,0.0076695155394586045,0
1595824797.1772144,307.3822379939409,0.0076695155394586045,0
1595824797.1872098,309.1814208857866,0.0076695155394586045,0
1595824797.197214,310.9821487300249,0.0076695155394586045,0
1595824797.20722,312.78326281236133,0.0076695155394586045,0
1595824797.2172031,314.58021410630664,0.0076695155394586045,0
1595824797.2272053,316.380598627791,0.0076695155394586045,0
1595824797.2372043,318.1804252498003,0.0076695155394586045,0
1595824797.2472048,319.980509363875,0.0076695155394586045,0
1595824797.2572093,321.78132303880176,0.0076695155394586045,0
1595824797.267211,323.58162172959766,0.0076695155394586045,0
1595824797.2772195,325.38316496537647,0.0076695155394586045,0
1595824797.287206,327.1807170741411,0.0076695155394586045,0
1595824797.2972221,328.98363360093555,0.0076695155394586045,0
1595824797.3072119,330.78178652451953,0.0076695155394586045,0
1595824797.3172133,332.5820422999712,0.0076695155394586045,0
1595824797.3272061,334.3807531230303,0.0076695155394586045,0
1595824797.337203,336.1801935069414,0.0076695155394586045,0
1595824797.34722,337.98323877976856,0.0076695155394586045,0
1595824797.3572097,339.78139170335254,0.0076695155394586045,0
1595824797.3672094,341.58134707139453,0.0076695155394586045,0
1595824797.377222,343.3836198680254,0.0076695155394586045,0
1595824797.3872194,345.183146082625,0.0076695155394586045,0
1595824797.397222,346.98361643479785,0.0076695155394586045,0
1595824797.407206,348.7807393901201,0.0076695155394586045,0
1595824797.4172106,350.5815530650469,0.0076695155394586045,0
1595824797.4272106,352.3815513484331,0.0076695155394586045,0
1595824797.4372034,354.1802621714922,0.0076695155394586045,0
1595824797.4472182,355.9829212062212,0.0076695155394586045,0
1595824797.457214,357.7821899287554,0.0076695155394586045,0
1595824797.4672198,359.5832181804033,0.0076695155394586045,0
1595824797.4695506,360,0.0076695155394586045,1
1595824797.4695506,0,0,0
1595824797.4795692,3.1897283107937824,0.007702125725316478,0
1595824797.489565,4.988954117983724,0.007702125725316478,0
1595824797.4995646,6.788909486025716,0.007702125725316478,0
1595824797.5095532,8.586847832888509,0.007702125725316478,0
1595824797.51956,10.38809066125765,0.007702125725316478,0
1595824797.5295696,12.189805558413411,0.007702125725316478,0
1595824797.5395544,13.987057259768392,0.007702125725316478,0
1595824797.5495598,15.788042596072103,0.007702125725316478,0
1595824797.5595636,17.588727524966146,0.007702125725316478,0
1595824797.5695522,19.38666587182894,0.007702125725316478,0
1595824797.579561,21.188252022951986,0.007702125725316478,0
1595824797.589556,22.987349084109212,0.007702125725316478,0
1595824797.59956,24.788076928347493,0.007702125725316478,0
1595824797.6095676,26.58944850274935,0.007702125725316478,0
1595824797.619556,28.387343934267903,0.007702125725316478,0
1595824797.629554,30.186998894900228,0.007702125725316478,0
1595824797.639558,31.98772673913851,0.007702125725316478,0
1595824797.6495533,33.786866715639974,0.007702125725316478,0
1595824797.6595528,35.58677916833773,0.007702125725316478,0
1595824797.669568,37.38952403375521,0.007702125725316478,0
1595824797.6795537,39.18694739648714,0.007702125725316478,0
1595824797.6895692,40.98973517724886,0.007702125725316478,0
1595824797.699559,42.787888100832845,0.007702125725316478,0
1595824797.7095685,44.58960299798861,0.007702125725316478,0
1595824797.7195528,46.38676886865511,0.007702125725316478,0
1595824797.7295575,48.18762545892611,0.007702125725316478,0
1595824797.7395544,49.98706584283724,0.007702125725316478,0
1595824797.7495673,51.78938155481234,0.007702125725316478,0
1595824797.7595556,53.58727698633089,0.007702125725316478,0
1595824797.769553,55.3868032009305,0.007702125725316478,0
1595824797.779567,57.18933348962679,0.007702125725316478,0
1595824797.7895682,58.98954634973421,0.007702125725316478,0
1595824797.7995582,60.787742188662435,0.007702125725316478,0
1595824797.8095613,62.58829837152376,0.007702125725316478,0
1595824797.819551,64.38645129510775,0.007702125725316478,0
1595824797.8295555,66.1872649700345,0.007702125725316478,0
1595824797.8395662,67.98919444391146,0.007702125725316478,0
1595824797.8495545,69.78708987543001,0.007702125725316478,0
1595824797.8595688,71.58966307947054,0.007702125725316478,0
1595824797.8695621,73.3884597332181,0.007702125725316478,0
1595824797.8795595,75.18798594781771,0.007702125725316478,0
1595824797.8895652,76.98901419946566,0.007702125725316478,0
1595824797.8995674,78.78939872095003,0.007702125725316478,0
1595824797.9095607,80.58819537469759,0.007702125725316478,0
1595824797.9195673,82.3893952877225,0.007702125725316478,0
1595824797.929569,84.18969397851839,0.007702125725316478,0
1595824797.9395537,85.98694567987337,0.007702125725316478,0
1595824797.949563,87.7886176616849,0.007702125725316478,0
1595824797.9595633,89.58865886041536,0.007702125725316478,0
1595824797.9695587,91.38784175226107,0.007702125725316478,0
1595824797.9795666,93.18925624200716,0.007702125725316478,0
1595824797.9895644,94.98886828729525,0.007702125725316478,0
1595824797.9995584,96.78779368707552,0.007702125725316478,0
1595824798.0095623,98.58847861596956,0.007702125725316478,0
1595824798.0195549,100.38714652368441,0.007702125725316478,0
1595824798.0295641,102.18881850549593,0.007702125725316478,0
1595824798.0395525,103.98671393701449,0.007702125725316478,0
1595824798.0495589,105.78787093469515,0.007702125725316478,0
1595824798.0595663,107.58919959375277,0.007702125725316478,0
1595824798.0695682,109.3895411998929,0.007702125725316478,0
1595824798.0795512,111.18649249383822,0.007702125725316478,0
1595824798.0895555,112.98726325342074,0.007702125725316478,0
1595824798.0995538,114.7869611293973,0.007702125725316478,0
1595824798.109556,116.58734565088167,0.007702125725316478,0
1595824798.1195652,118.3890176326932,0.007702125725316478,0
1595824798.1295645,120.18888717004671,0.007702125725316478,0
1595824798.1395667,121.98927169153109,0.007702125725316478,0
1595824798.1495602,123.78811126062288,0.007702125725316478,0
1595824798.159551,125.58643584558382,0.007702125725316478,0
1595824798.1695511,127.38647704431429,0.007702125725316478,0
1595824798.179561,129.1882348568143,0.007702125725316478,0
1595824798.1895626,130.9885335476102,0.007702125725316478,0
1595824798.1995504,132.78634314844027,0.007702125725316478,0
1595824798.2095685,134.5896029979886,0.007702125725316478,0
1595824798.2195559,136.3873267681302,0.007702125725316478,0
1595824798.2295547,138.18711047479525,0.007702125725316478,0
1595824798.2395544,139.98706584283724,0.007702125725316478,0
1595824798.2495573,141.78757911035433,0.007702125725316478,0
1595824798.2595546,143.58710532495394,0.007702125725316478,0
1595824798.2695498,145.3862453014554,0.007702125725316478,0
1595824798.279566,147.18916182824984,0.007702125725316478,0
1595824798.2895663,148.9892030269803,0.007702125725316478,0
1595824798.299552,150.78662638971224,0.007702125725316478,0
1595824798.3095534,152.5868821651639,0.007702125725316478,0
1595824798.3195581,154.3877387554349,0.007702125725316478,0
1595824798.3295565,156.18743663141146,0.007702125725316478,0
1595824798.3395553,157.9872203380765,0.007702125725316478,0
1595824798.3495536,159.78691821405306,0.007702125725316478,0
1595824798.3595686,161.5896201641263,0.007702125725316478,0
1595824798.3695498,163.3862281353177,0.007702125725316478,0
1595824798.3795562,165.18738513299837,0.007702125725316478,0
1595824798.389568,166.98952918359652,0.007702125725316478,0
1595824798.3995626,168.78854041406527,0.007702125725316478,0
1595824798.409555,170.58716540643587,0.007702125725316478,0
1595824798.419554,172.38699202844515,0.007702125725316478,0
1595824798.4295514,174.18651824304476,0.007702125725316478,0
1595824798.4395635,175.98870520898714,0.007702125725316478,0
1595824798.4495516,177.78655772516146,0.007702125725316478,0
1595824798.4595568,179.58750014612093,0.007702125725316478,0
1595824798.4695637,181.38874297449007,0.007702125725316478,0
1595824798.4795623,183.18848376581087,0.007702125725316478,0
1595824798.4895515,184.98655085870638,0.007702125725316478,0
1595824798.4995553,186.78723578760042,0.007702125725316478,0
1595824798.509558,188.58770613977327,0.007702125725316478,0
1595824798.5195656,190.38907771417513,0.007702125725316478,0
1595824798.529564,192.1887755901517,0.007702125725316478,0
1595824798.5395644,193.9888597042264,0.007702125725316478,0
1595824798.5495613,195.78830008813753,0.007702125725316478,0
1595824798.5595655,197.58907084772005,0.007702125725316478,0
1595824798.5695639,199.38876872369661,0.007702125725316478,0
1595824798.579562,201.18842368432894,0.007702125725316478,0
1595824798.5895557,202.98730616876497,0.007702125725316478,0
1595824798.5995607,204.7882056743802,0.007702125725316478,0
1595824798.6095579,206.58768897363558,0.007702125725316478,0
1595824798.619556,208.3873439342679,0.007702125725316478,0
1595824798.6295624,210.18850093194857,0.007702125725316478,0
1595824798.6395595,211.98798423120394,0.007702125725316478,0
1595824798.6495667,213.78926997491732,0.007702125725316478,0
1595824798.6595592,215.58793788263216,0.007702125725316478,0
1595824798.6695662,217.3891807110013,0.007702125725316478,0
1595824798.6795561,219.18737654992952,0.007702125725316478,0
1595824798.6895676,220.9894347698392,0.007702125725316478,0
1595824798.6995513,222.78651480981722,0.007702125725316478,0
1595824798.7095587,224.58784346887484,0.007702125725316478,0
1595824798.7195585,226.38779883691683,0.007702125725316478,0
1595824798.7295616,228.18835501977816,0.007702125725316478,0
1595824798.7395537,229.98693709680452,0.007702125725316478,0
1595824798.749556,231.78736453363314,0.007702125725316478,0
1595824798.759557,233.58753447839632,0.007702125725316478,0
1595824798.7695632,235.38864856073275,0.007702125725316478,0
1595824798.779567,237.1893334896268,0.007702125725316478,0
1595824798.7895632,238.9886451275052,0.007702125725316478,0
1595824798.7995658,240.78911547967806,0.007702125725316478,0
1595824798.8095567,242.58748297998324,0.007702125725316478,0
1595824798.8195632,244.3886399776639,0.007702125725316478,0
1595824798.8295562,246.18739371606722,0.007702125725316478,0
1595824798.839555,247.98717742273226,0.007702125725316478,0
1595824798.8495626,249.78854899713411,0.007702125725316478,0
1595824798.8595679,251.5894914180936,0.007702125725316478,0
1595824798.869567,253.38931804010286,0.007702125725316478,0
1595824798.8795543,255.18704181024447,0.007702125725316478,0
1595824798.889562,256.9884133846463,0.007702125725316478,0
1595824798.8995671,258.7893558056058,0.007702125725316478,0
1595824798.9095678,260.58948283502474,0.007702125725316478,0
1595824798.9195642,262.3888373882474,0.007702125725316478,0
1595824798.9295611,264.18827777215853,0.007702125725316478,0
1595824798.9395664,265.989220193118,0.007702125725316478,0
1595824798.9495673,267.7893901378812,0.007702125725316478,0
1595824798.959552,269.58664183923617,0.007702125725316478,0
1595824798.9695642,271.38882880517855,0.007702125725316478,0
1595824798.979552,273.1866384060086,0.007702125725316478,0
1595824798.9895496,274.9862075359525,0.007702125725316478,0
1595824798.9995563,276.7874074489774,0.007702125725316478,0
1595824799.0037277,277.53825431177034,0.007702125725316478,0
1595824799.0037277,277.53825431177034,0.007702125725316478,0
1595824799.0095587,278.587834885806,0.007702125725316478,0
1595824799.0195582,280.38774733850374,0.007702125725316478,0
1595824799.0295513,282.18650107690706,0.007702125725316478,0
1595824799.039566,283.98916011163607,0.007702125725316478,0
1595824799.0495536,285.7869267971219,0.007702125725316478,0
1595824799.059552,287.58662467309847,0.007702125725316478,0
1595824799.069549,289.38610797235384,0.007702125725316478,0
1595824799.07955,291.186277917117,0.007702125725316478,0
1595824799.0895572,292.9875636608304,0.007702125725316478,0
1595824799.0995553,294.7872186214627,0.007702125725316478,0
1595824799.1095493,296.586144021243,0.007702125725316478,0
1595824799.1195674,298.38940387079134,0.007702125725316478,0
1595824799.129549,300.1860976726712,0.007702125725316478,0
1595824799.1395636,301.988713792056,0.007702125725316478,0
1595824799.1495664,303.7892270595731,0.007702125725316478,0
1595824799.1595657,305.5890965969266,0.007702125725316478,0
1595824799.1695516,307.38656287500277,0.007702125725316478,0
1595824799.1795526,309.18673281976595,0.007702125725316478,0
1595824799.1895654,310.98904853174105,0.007702125725316478,0
1595824799.1995535,312.78690104791536,0.007702125725316478,0
1595824799.2095664,314.58921675989046,0.007702125725316478,0
1595824799.219563,316.38861422845736,0.007702125725316478,0
1595824799.2295508,318.18642382928743,0.007702125725316478,0
1595824799.239566,319.9891686947049,0.007702125725316478,0
1595824799.249555,321.7871928722562,0.007702125725316478,0
1595824799.2595518,323.5865903408231,0.007702125725316478,0
1595824799.2695587,325.3878331691922,0.007702125725316478,0
1595824799.279565,327.1889901668729,0.007702125725316478,0
1595824799.2895617,328.9883876354398,0.007702125725316478,0
1595824799.2995553,330.7872272045316,0.007702125725316478,0
1595824799.3095675,332.58941417047396,0.007702125725316478,0
1595824799.3195603,334.38812499353304,0.007702125725316478,0
1595824799.3295596,336.18799453088656,0.007702125725316478,0
1595824799.3395534,337.9868770153226,0.007702125725316478,0
1595824799.3495562,339.7873902828397,0.007702125725316478,0
1595824799.3595598,341.5880322963895,0.007702125725316478,0
1595824799.369565,343.38897471734896,0.007702125725316478,0
1595824799.3795662,345.1891875774564,0.007702125725316478,0
1595824799.3895578,346.98768382379427,0.007702125725316478,0
1595824799.399565,348.78896956750765,0.007702125725316478,0
1595824799.4095507,350.5863929302396,0.007702125725316478,0
1595824799.419554,352.38699202844515,0.007702125725316478,0
1595824799.4295654,354.1890502483548,0.007702125725316478,0
1595824799.4395502,355.9863019497098,0.007702125725316478,0
1595824799.4495535,357.78690104791536,0.007702125725316478,0
1595824799.4595675,359.58943133661165,0.007702125725316478,0
1595824799.46186,360,0.007702125725316478,1
1595824799.46186,0,0,0
1595824799.4718661,3.19228037135594,0.007728701605663968,0
1595824799.4818714,4.993222792315413,0.007728701605663968,0
1595824799.4918647,6.792019446062971,0.007728701605663968,0
1595824799.5018716,8.593262274432112,0.007728701605663968,0
1595824799.5118666,10.392359335589338,0.007728701605663968,0
1595824799.5218763,12.194117148089338,0.007728701605663968,0
1595824799.531878,13.994415838885237,0.007728701605663968,0
1595824799.5418649,15.792053778338362,0.007728701605663968,0
1595824799.5518627,17.59166582362645,0.007728701605663968,0
1595824799.561874,19.39368112819188,0.007728701605663968,0
1595824799.5718708,21.193121512103012,0.007728701605663968,0
1595824799.5818775,22.994321425127914,0.007728701605663968,0
1595824799.5918677,24.792560179400375,0.007728701605663968,0
1595824799.6018665,26.592343886065414,0.007728701605663968,0
1595824799.6118767,28.39418752925389,0.007728701605663968,0
1595824799.6218698,30.19294126765721,0.007728701605663968,0
1595824799.6318598,31.991137106585434,0.007728701605663968,0
1595824799.6418629,33.79169328944676,0.007728701605663968,0
1595824799.6518664,35.59233530299657,0.007728701605663968,0
1595824799.6618624,37.39160402553075,0.007728701605663968,0
1595824799.67187,39.1929755999326,0.007728701605663968,0
1595824799.6818628,40.991686422991684,0.007728701605663968,0
1595824799.6918695,42.792886336016586,0.007728701605663968,0
1595824799.7018764,44.59412916438573,0.007728701605663968,0
1595824799.7118733,46.39356954829686,0.007728701605663968,0
1595824799.7218716,48.19326742427342,0.007728701605663968,0
1595824799.7318788,49.9945531679868,0.007728701605663968,0
1595824799.7418768,51.794208128619125,0.007728701605663968,0
1595824799.751877,53.594249327349594,0.007728701605663968,0
1595824799.7618783,55.394462187457016,0.007728701605663968,0
1595824799.7718694,57.19287260310643,0.007728701605663968,0
1595824799.7818737,58.99364336268895,0.007728701605663968,0
1595824799.7918603,60.791238386797836,0.007728701605663968,0
1595824799.8018668,62.5923953844785,0.007728701605663968,0
1595824799.8118687,64.39273699061863,0.007728701605663968,0
1595824799.821869,66.1927781893491,0.007728701605663968,0
1595824799.831871,67.99316271083347,0.007728701605663968,0
1595824799.8418767,69.79419096248142,0.007728701605663968,0
1595824799.8518753,71.59393175380222,0.007728701605663968,0
1595824799.8618624,73.39161260859959,0.007728701605663968,0
1595824799.8718777,75.19435747401707,0.007728701605663968,0
1595824799.8818643,76.99195249812595,0.007728701605663968,0
1595824799.8918648,78.79203661220066,0.007728701605663968,0
1595824799.9018724,80.59340818660252,0.007728701605663968,0
1595824799.9118774,82.39430769221775,0.007728701605663968,0
1595824799.921861,84.19134481685154,0.007728701605663968,0
1595824799.93187,85.99297388331883,0.007728701605663968,0
1595824799.9418674,87.79250009791843,0.007728701605663968,0
1595824799.951878,89.59442957179539,0.007728701605663968,0
1595824799.9618678,91.39258249537937,0.007728701605663968,0
1595824799.971871,93.1931386782407,0.007728701605663968,0
1595824799.9818597,94.99111994044773,0.007728701605663968,0
1595824799.9918735,96.79360731379978,0.007728701605663968,0
1595824800.0018713,98.59321935908787,0.007728701605663968,0
1595824800.0118732,100.393560965228,0.007728701605663968,0
1595824800.0218632,102.19175680415623,0.007728701605663968,0
1595824800.0318654,103.9921413256406,0.007728701605663968,0
1595824800.0418613,105.79141004817478,0.007728701605663968,0
1595824800.051861,107.59136541621677,0.007728701605663968,0
1595824800.0618596,109.39110620753758,0.007728701605663968,0
1595824800.0718777,111.19436605708592,0.007728701605663968,0
1595824800.081873,112.99350603358738,0.007728701605663968,0
1595824800.091869,114.7928176714658,0.007728701605663968,0
1595824800.1018693,116.59285887019627,0.007728701605663968,0
1595824800.1118753,118.39393003718845,0.007728701605663968,0
1595824800.121864,120.19191129939549,0.007728701605663968,0
1595824800.131862,121.99152334468357,0.007728701605663968,0
1595824800.1418624,123.79160745875828,0.007728701605663968,0
1595824800.1518757,125.59400900142185,0.007728701605663968,0
1595824800.161876,127.39405020015232,0.007728701605663968,0
1595824800.1718652,129.19211729304783,0.007728701605663968,0
1595824800.1818707,130.99310262935154,0.007728701605663968,0
1595824800.1918678,132.7925859286069,0.007728701605663968,0
1595824800.201873,134.59352834956638,0.007728701605663968,0
1595824800.2118778,136.39438493983738,0.007728701605663968,0
1595824800.221875,138.19386823909275,0.007728701605663968,0
1595824800.2318692,139.99283655421726,0.007728701605663968,0
1595824800.2418773,141.7942939593076,0.007728701605663968,0
1595824800.2518625,143.59163149135105,0.007728701605663968,0
1595824800.2618704,145.39304598109715,0.007728701605663968,0
1595824800.2718732,147.19355924861424,0.007728701605663968,0
1595824800.2818646,148.9920125796079,0.007728701605663968,0
1595824800.2918627,150.7916675402402,0.007728701605663968,0
1595824800.30187,152.59299619929783,0.007728701605663968,0
1595824800.311867,154.39243658320896,0.007728701605663968,0
1595824800.32186,156.19119032161228,0.007728701605663968,0
1595824800.331868,157.99260481135838,0.007728701605663968,0
1595824800.341863,159.7917018725156,0.007728701605663968,0
1595824800.351878,161.59440382258884,0.007728701605663968,0
1595824800.3618596,163.39109762446873,0.007728701605663968,0
1595824800.3718705,165.19307001368992,0.007728701605663968,0
1595824800.3818731,166.99354036586277,0.007728701605663968,0
1595824800.3918731,168.793538649249,0.007728701605663968,0
1595824800.401872,170.59332235591404,0.007728701605663968,0
1595824800.4118598,172.39113195674412,0.007728701605663968,0
1595824800.4218771,174.19426306025974,0.007728701605663968,0
1595824800.431869,175.99280222194187,0.007728701605663968,0
1595824800.4418619,177.79151304500095,0.007728701605663968,0
1595824800.4518669,179.5924125506162,0.007728701605663968,0
1595824800.4618676,181.39253958003513,0.007728701605663968,0
1595824800.4718623,183.19159372584812,0.007728701605663968,0
1595824800.4818752,184.99390943782322,0.007728701605663968,0
1595824800.4918718,186.79330690639011,0.007728701605663968,0
1595824800.5018642,188.59193189876072,0.007728701605663968,0
1595824800.511868,190.39261682765476,0.007728701605663968,0
1595824800.521865,192.1920572115659,0.007728701605663968,0
1595824800.5318732,193.99355753200047,0.007728701605663968,0
1595824800.541871,195.79316957728855,0.007728701605663968,0
1595824800.5518684,197.59269579188816,0.007728701605663968,0
1595824800.5618625,199.39162119166843,0.007728701605663968,0
1595824800.5718617,201.19149072902195,0.007728701605663968,0
1595824800.5818768,202.9941926790952,0.007728701605663968,0
1595824800.5918744,204.79376180903904,0.007728701605663968,0
1595824800.6018627,206.5916572405576,0.007728701605663968,0
1595824800.611868,208.39259966151707,0.007728701605663968,0
1595824800.6218762,210.19409998195164,0.007728701605663968,0
1595824800.6318707,211.9931112124204,0.007728701605663968,0
1595824800.6418643,213.79195078151218,0.007728701605663968,0
1595824800.651871,215.5931506945371,0.007728701605663968,0
1595824800.661864,217.3919044329404,0.007728701605663968,0
1595824800.6718771,219.19426306025974,0.007728701605663968,0
1595824800.68187,220.99297388331883,0.007728701605663968,0
1595824800.6918752,222.7939163042783,0.007728701605663968,0
1595824800.7018678,224.59258421199314,0.007728701605663968,0
1595824800.711864,226.39189584987156,0.007728701605663968,0
1595824800.72186,228.19116457240574,0.007728701605663968,0
1595824800.731863,229.99172075526707,0.007728701605663968,0
1595824800.7418714,231.79322107570164,0.007728701605663968,0
1595824800.7518687,233.59274729030125,0.007728701605663968,0
1595824800.761861,235.39137228267185,0.007728701605663968,0
1595824800.7718613,237.19141348140232,0.007728701605663968,0
1595824800.7818606,238.99128301875584,0.007728701605663968,0
1595824800.791861,240.79136713283054,0.007728701605663968,0
1595824800.8018768,242.5941978289365,0.007728701605663968,0
1595824800.8118618,244.39149244563572,0.007728701605663968,0
1595824800.8218663,246.19230612056248,0.007728701605663968,0
1595824800.8318586,247.99093111293308,0.007728701605663968,0
1595824800.841874,249.79367597835056,0.007728701605663968,0
1595824800.8518634,251.5917859865903,0.007728701605663968,0
1595824800.8618746,253.39380129115574,0.007728701605663968,0
1595824800.871868,255.1925979449033,0.007728701605663968,0
1595824800.8818748,256.99384077327244,0.007728701605663968,0
1595824800.8918722,258.79336698787205,0.007728701605663968,0
1595824800.901868,260.5926357104062,0.007728701605663968,0
1595824800.9118602,262.3912177874326,0.007728701605663968,0
1595824800.9218688,264.1927610232114,0.007728701605663968,0
1595824800.931862,265.99155767695896,0.007728701605663968,0
1595824800.9418712,267.79318674342625,0.007728701605663968,0
1595824800.95186,269.5911680056333,0.007728701605663968,0
1595824800.9618742,271.3937412096738,0.007728701605663968,0
1595824800.9718678,273.1925807787656,0.007728701605663968,0
1595824800.9818618,274.9915061785459,0.007728701605663968,0
1595824800.991865,276.7920623614072,0.007728701605663968,0
1595824801.0000725,278.26942308681004,0.007728701605663968,0
1595824801.0000725,278.26942308681004,0.007728701605663968,0
1595824801.0018675,278.59253271358006,0.007728701605663968,0
1595824801.0118628,280.3916726900815,0.007728701605663968,0
1595824801.0218759,282.19403131740086,0.007728701605663968,0
1595824801.0318694,283.99287088649265,0.007728701605663968,0
1595824801.0418591,285.79102381007664,0.007728701605663968,0
1595824801.0518606,287.5912795855283,0.007728701605663968,0
1595824801.0618672,289.3924794985532,0.007728701605663968,0
1595824801.0718694,291.1928640200376,0.007728701605663968,0
1595824801.0818598,292.9911456896543,0.007728701605663968,0
1595824801.0918717,294.7932897402524,0.007728701605663968,0
1595824801.1018736,296.59363134639256,0.007728701605663968,0
1595824801.1118772,298.39427335994236,0.007728701605663968,0
1595824801.1218638,300.19186838405125,0.007728701605663968,0
1595824801.131877,301.9942270113706,0.007728701605663968,0
1595824801.1418693,303.7928520037412,0.007728701605663968,0
1595824801.1518672,305.5924640490293,0.007728701605663968,0
1595824801.1618705,307.39306314723484,0.007728701605663968,0
1595824801.171876,309.19404848353855,0.007728701605663968,0
1595824801.1818619,310.9915147616147,0.007728701605663968,0
1595824801.1918657,312.79219969050877,0.007728701605663968,0
1595824801.2018607,314.591296751666,0.007728701605663968,0
1595824801.211872,316.39335497157566,0.007728701605663968,0
1595824801.22186,318.19116457240574,0.007728701605663968,0
1595824801.231871,319.99313696162693,0.007728701605663968,0
1595824801.2418718,321.7933069063901,0.007728701605663968,0
1595824801.251869,323.5927902056455,0.007728701605663968,0
1595824801.2618651,325.3921018435239,0.007728701605663968,0
1595824801.2718682,327.19265802638523,0.007728701605663968,0
1595824801.2818701,328.99299963252537,0.007728701605663968,0
1595824801.291871,330.79316957728855,0.007728701605663968,0
1595824801.3018615,332.59145124690525,0.007728701605663968,0
1595824801.3118649,334.3920503451108,0.007728701605663968,0
1595824801.321862,336.1915336443662,0.007728701605663968,0
1595824801.3318694,337.9928623034238,0.007728701605663968,0
1595824801.3418639,339.79187353389256,0.007728701605663968,0
1595824801.3518689,341.5927730395078,0.007728701605663968,0
1595824801.3618639,343.391870100665,0.007728701605663968,0
1595824801.3718753,345.1939283205747,0.007728701605663968,0
1595824801.3818703,346.9930253817319,0.007728701605663968,0
1595824801.3918602,348.79122122066013,0.007728701605663968,0
1595824801.401876,350.5940519167661,0.007728701605663968,0
1595824801.4118686,352.39271982448093,0.007728701605663968,0
1595824801.4218595,354.1910873247861,0.007728701605663968,0
1595824801.4318612,355.991386015582,0.007728701605663968,0
1595824801.4418614,357.7914272143125,0.007728701605663968,0
1595824801.451866,359.59224088923924,0.007728701605663968,0
1595824801.4541504,360,0.007728701605663968,1
1595824801.4541504,0,0,0
1595824801.4641604,3.196632015600369,0.0077490627097562825,0
1595824801.4741611,4.9967590450193144,0.0077490627097562825,0
1595824801.4841604,6.79662858237283,0.0077490627097562825,0
1595824801.494157,8.596026050939724,0.0077490627097562825,0
1595824801.5041533,10.395337688818142,0.0077490627097562825,0
1595824801.5141506,12.194863903417751,0.0077490627097562825,0
1595824801.5241592,13.99640713919656,0.0077490627097562825,0
1595824801.5341644,15.797349560156032,0.0077490627097562825,0
1595824801.5441568,17.595974552526638,0.0077490627097562825,0
1595824801.5541644,19.397346126928493,0.0077490627097562825,0
1595824801.5641532,21.195327389135524,0.0077490627097562825,0
1595824801.5741532,22.995325672521755,0.0077490627097562825,0
1595824801.5841575,24.796096432104274,0.0077490627097562825,0
1595824801.5941687,26.598111736669704,0.0077490627097562825,0
1595824801.6041586,28.396307575597927,0.0077490627097562825,0
1595824801.6141534,30.195361721410915,0.0077490627097562825,0
1595824801.6241589,31.996347057714626,0.0077490627097562825,0
1595824801.6341598,33.79651700247781,0.0077490627097562825,0
1595824801.6441514,35.595013248815704,0.0077490627097562825,0
1595824801.6541653,37.397500622167755,0.0077490627097562825,0
1595824801.664161,39.196726429357696,0.0077490627097562825,0
1595824801.6741512,40.99496518363016,0.0077490627097562825,0
1595824801.6841633,42.79715214957254,0.0077490627097562825,0
1595824801.6941557,44.595777141943145,0.0077490627097562825,0
1595824801.7041667,46.39774953116434,0.0077490627097562825,0
1595824801.7141678,48.19796239127176,0.0077490627097562825,0
1595824801.7241614,49.996801960363555,0.0077490627097562825,0
1595824801.7341552,51.79568444479959,0.0077490627097562825,0
1595824801.7441626,53.59701310385721,0.0077490627097562825,0
1595824801.7541625,55.39701138724344,0.0077490627097562825,0
1595824801.764169,57.1981683849241,0.0077490627097562825,0
1595824801.774168,58.99799500693338,0.0077490627097562825,0
1595824801.7841597,60.79649125327127,0.0077490627097562825,0
1595824801.7941504,62.59481583823221,0.0077490627097562825,0
1595824801.8041685,64.39807568778055,0.0077490627097562825,0
1595824801.8141572,66.19605694998758,0.0077490627097562825,0
1595824801.8241587,67.99631272543924,0.0077490627097562825,0
1595824801.8341563,69.79588185538309,0.0077490627097562825,0
1595824801.8441553,71.59570847739236,0.0077490627097562825,0
1595824801.8541656,73.39755212058084,0.0077490627097562825,0
1595824801.86416,75.19656335104959,0.0077490627097562825,0
1595824801.8741546,76.99557458151834,0.0077490627097562825,0
1595824801.884153,78.7952724574949,0.0077490627097562825,0
1595824801.894154,80.59548531760232,0.0077490627097562825,0
1595824801.904154,82.39548360098856,0.0077490627097562825,0
1595824801.9141655,84.19754182089822,0.0077490627097562825,0
1595824801.9241626,85.9970251201536,0.0077490627097562825,0
1595824801.9341679,87.79796754111307,0.0077490627097562825,0
1595824801.9441597,89.5965067027952,0.0077490627097562825,0
1595824801.9541645,91.39736329306619,0.0077490627097562825,0
1595824801.9641676,93.19791947592752,0.0077490627097562825,0
1595824801.974164,94.99727402915018,0.0077490627097562825,0
1595824801.9841657,96.79757271994607,0.0077490627097562825,0
1595824801.9941607,98.5966697811033,0.0077490627097562825,0
1595824802.004157,100.39602433432596,0.0077490627097562825,0
1595824802.0141613,102.19679509390848,0.0077490627097562825,0
1595824802.0241613,103.99679337729471,0.0077490627097562825,0
1595824802.0341525,105.79520379294412,0.0077490627097562825,0
1595824802.044156,107.59584580649393,0.0077490627097562825,0
1595824802.054162,109.39691697348611,0.0077490627097562825,0
1595824802.0641527,111.19524155844705,0.0077490627097562825,0
1595824802.0741613,112.99678479422586,0.0077490627097562825,0
1595824802.0841653,114.79751263846414,0.0077490627097562825,0
1595824802.09416,116.59656678427713,0.0077490627097562825,0
1595824802.1041644,118.39733754385965,0.0077490627097562825,0
1595824802.1141655,120.19755040396707,0.0077490627097562825,0
1595824802.1241505,121.99484502066629,0.0077490627097562825,0
1595824802.134151,123.794929134741,0.0077490627097562825,0
1595824802.144153,125.59531365622537,0.0077490627097562825,0
1595824802.1541677,127.39792977561014,0.0077490627097562825,0
1595824802.1641686,129.1980997203733,0.0077490627097562825,0
1595824802.1741533,130.9953514217283,0.0077490627097562825,0
1595824802.184165,132.7974525569822,0.0077490627097562825,0
1595824802.1941538,134.59543381918922,0.0077490627097562825,0
1595824802.2041574,136.39607583273903,0.0077490627097562825,0
1595824802.2141511,138.19495831717506,0.0077490627097562825,0
1595824802.2241583,139.99624406088844,0.0077490627097562825,0
1595824802.2341604,141.79662858237282,0.0077490627097562825,0
1595824802.244167,143.59782849539772,0.0077490627097562825,0
1595824802.254158,145.3961959957029,0.0077490627097562825,0
1595824802.2641625,147.19700967062965,0.0077490627097562825,0
1595824802.274153,148.99529134024635,0.0077490627097562825,0
1595824802.2841678,150.79795037497536,0.0077490627097562825,0
1595824802.2941499,152.59473000754372,0.0077490627097562825,0
1595824802.3041549,154.39562951315895,0.0077490627097562825,0
1595824802.31415,156.19476948966042,0.0077490627097562825,0
1595824802.3241644,157.99734269370094,0.0077490627097562825,0
1595824802.3341641,159.79729806174294,0.0077490627097562825,0
1595824802.344154,161.59545098532692,0.0077490627097562825,0
1595824802.3541532,163.39532052268044,0.0077490627097562825,0
1595824802.364157,165.19600545157448,0.0077490627097562825,0
1595824802.3741548,166.99561749686256,0.0077490627097562825,0
1595824802.3841543,168.79552994956032,0.0077490627097562825,0
1595824802.394152,170.59509907950417,0.0077490627097562825,0
1595824802.4041631,172.3971143840696,0.0077490627097562825,0
1595824802.4141648,174.1974130748655,0.0077490627097562825,0
1595824802.424166,175.99762593497292,0.0077490627097562825,0
1595824802.4341657,177.7975813030149,0.0077490627097562825,0
1595824802.4441602,179.59659253348366,0.0077490627097562825,0
1595824802.4541652,181.3974920390989,0.0077490627097562825,0
1595824802.464163,183.19710408438698,0.0077490627097562825,0
1595824802.4741497,184.99469910849587,0.0077490627097562825,0
1595824802.4841623,186.79697190512672,0.0077490627097562825,0
1595824802.4941654,188.59752808798805,0.0077490627097562825,0
1595824802.5041647,190.39739762534157,0.0077490627097562825,0
1595824802.5141523,192.1951643108274,0.0077490627097562825,0
1595824802.5241556,193.99576340903297,0.0077490627097562825,0
1595824802.5341594,195.79644833792702,0.0077490627097562825,0
1595824802.5441632,197.59713326682106,0.0077490627097562825,0
1595824802.5541632,199.3971315502073,0.0077490627097562825,0
1595824802.564162,201.19691525687233,0.0077490627097562825,0
1595824802.5741558,202.99579774130837,0.0077490627097562825,0
1595824802.5841632,204.79712640036598,0.0077490627097562825,0
1595824802.594157,206.59600888480202,0.0077490627097562825,0
1595824802.604156,208.3958355068113,0.0077490627097562825,0
1595824802.6141546,210.1955762981321,0.0077490627097562825,0
1595824802.6241627,211.99703370322243,0.0077490627097562825,0
1595824802.6341639,213.79724656332985,0.0077490627097562825,0
1595824802.644153,215.59531365622536,0.0077490627097562825,0
1595824802.654167,217.3978010295774,0.0077490627097562825,0
1595824802.6641617,219.1968551753904,0.0077490627097562825,0
1595824802.6741679,220.99796925772682,0.0077490627097562825,0
1595824802.6841524,222.79517804373756,0.0077490627097562825,0
1595824802.6941533,224.59534798850075,0.0077490627097562825,0
1595824802.704157,226.3960329173948,0.0077490627097562825,0
1595824802.7141576,228.1961170314695,0.0077490627097562825,0
1595824802.7241597,229.99650155295387,0.0077490627097562825,0
1595824802.734154,231.79546986807838,0.0077490627097562825,0
1595824802.744158,233.59619771231667,0.0077490627097562825,0
1595824802.7541518,235.3950801967527,0.0077490627097562825,0
1595824802.764166,237.19765340079323,0.0077490627097562825,0
1595824802.774158,238.99619256247536,0.0077490627097562825,0
1595824802.7841606,240.7966629146482,0.0077490627097562825,0
1595824802.7941525,242.59520207633034,0.0077490627097562825,0
1595824802.8041584,244.39627324332253,0.0077490627097562825,0
1595824802.8141596,246.19648610342995,0.0077490627097562825,0
1595824802.8241506,247.99485360373512,0.0077490627097562825,0
1595824802.8341606,249.79665433157936,0.0077490627097562825,0
1595824802.8441634,251.59716759909645,0.0077490627097562825,0
1595824802.8541534,253.39536343802467,0.0077490627097562825,0
1595824802.8641593,255.19643460501686,0.0077490627097562825,0
1595824802.8741617,256.9968620418455,0.0077490627097562825,0
1595824802.8841605,258.7966457485105,0.0077490627097562825,0
1595824802.8941495,260.5946699260618,0.0077490627097562825,0
1595824802.904151,262.39492570151344,0.0077490627097562825,0
1595824802.9141545,264.19556771506325,0.0077490627097562825,0
1595824802.9241586,265.99629555930153,0.0077490627097562825,0
1595824802.934158,267.7962080119993,0.0077490627097562825,0
1595824802.9441543,269.5955196498777,0.0077490627097562825,0
1595824802.9541647,271.3974062084104,0.0077490627097562825,0
1595824802.9641633,273.1971469997312,0.0077490627097562825,0
1595824802.9741542,274.9955145000364,0.0077490627097562825,0
1595824802.9841683,276.7980447887327,0.0077490627097562825,0
1595824802.9941504,278.59482442130104,0.0077490627097562825,0
1595824802.9976847,279.2310014842893,0.0077490627097562825,0
1595824802.9976847,279.2310014842893,0.0077490627097562825,0
