Type = DelayAdvance,Function = Wang Sync Simple,Refract = 0.05,Coupling Strength = 0.7,Start_phase = 62
Timestamp,Phase,Offset,Ping?
1596164962,62,0,0
1596164958.700386,360,0.34444444444444444,1
1596164958.700386,0,0,0
1596164958.710386,1.8002128601074219,0,0,42
1596164958.720386,3.6016273498535156,0,0,42
1596164958.730386,5.401368141174316,0,0,42
1596164958.740386,7.200336456298828,0,0,42
1596164958.750386,9.001364707946777,0,0,42
1596164958.760386,10.803337097167969,0,0,42
1596164958.770386,12.601747512817383,0,0,42
1596164958.780386,14.402303695678711,0,0,42
1596164958.790386,16.20255947113037,0,0,42
1596164958.800386,18.000154495239258,0,0,42
1596164958.810386,19.801740646362305,0,0,42
1596164958.820386,21.602253913879395,0,0,42
1596164958.830386,23.40010643005371,0,0,42
1596164958.840386,25.203323364257812,0,0,42
1596164958.850386,27.003278732299805,0,0,42
1596164958.860386,28.803277015686035,0,0,42
1596164958.870386,30.6003999710083,0,0,42
1596164958.8803859,32.40250110626221,0,0,42
1596164958.8903859,34.20198440551758,0,0,42
1596164958.9003859,36.00116729736328,0,0,42
1596164958.9103858,37.801594734191895,0,0,42
1596164958.9203858,39.601335525512695,0,0,42
1596164958.9303858,41.400089263916016,0,0,42
1596164958.9403858,43.2022762298584,0,0,42
1596164958.9503858,45.00141620635986,0,0,42
1596164958.9603858,46.80330276489258,0,0,42
1596164958.9703858,48.60128402709961,0,0,42
1596164958.9803858,50.40153980255127,0,0,42
1596164958.9903858,52.200937271118164,0,0,42
1596164959.0003858,54.00054931640625,0,0,42
1596164959.0103858,55.80084800720215,0,0,42
1596164959.0203857,57.60110378265381,0,0,42
1596164959.0303857,59.40183162689209,0,0,42
1596164959.0403857,61.20333194732666,0,0,42
1596164959.0503857,63.00230026245117,0,0,42
1596164959.0603857,64.80307102203369,0,0,42
1596164959.0703857,66.60045146942139,0,0,42
1596164959.0803857,68.40336799621582,0,0,42
1596164959.0903857,70.20023345947266,0,0,42
1596164959.1003857,72.00160503387451,0,0,42
1596164959.1103857,73.80254745483398,0,0,42
1596164959.1203856,75.60314655303955,0,0,42
1596164959.1303856,77.40293025970459,0,0,42
1596164959.1403856,79.20194149017334,0,0,42
1596164959.1503856,81.00232601165771,0,0,42
1596164959.1603856,82.80206680297852,0,0,42
1596164959.1703856,84.60283756256104,0,0,42
1596164959.1803856,86.40026092529297,0,0,42
1596164959.1903856,88.20219039916992,0,0,42
1596164959.2003856,90.00068664550781,0,0,42
1596164959.2103856,91.800856590271,0,0,42
1596164959.2203856,93.6031723022461,0,0,42
1596164959.2303855,95.4003381729126,0,0,42
1596164959.2403855,97.20295429229736,0,0,42
1596164959.2503855,99.00290966033936,0,0,42
1596164959.2603855,100.8030366897583,0,0,42
1596164959.2703855,102.60063171386719,0,0,42
1596164959.2803855,104.40213203430176,0,0,42
1596164959.2903855,106.20157241821289,0,0,42
1596164959.3003855,108.00148487091064,0,0,42
1596164959.3103855,109.80113983154297,0,0,42
1596164959.3203855,111.6005802154541,0,0,42
1596164959.3303854,113.40006351470947,0,0,42
1596164959.3403854,115.20310878753662,0,0,42
1596164959.3503854,117.00199127197266,0,0,42
1596164959.3603854,118.80216121673584,0,0,42
1596164959.3703854,120.60215950012207,0,0,42
1596164959.3803854,122.40190029144287,0,0,42
1596164959.3903854,124.2021131515503,0,0,42
1596164959.4003854,126.00172519683838,0,0,42
1596164959.4103854,127.80065059661865,0,0,42
1596164959.4203854,129.6013355255127,0,0,42
1596164959.4303854,131.40283584594727,0,0,42
1596164959.4403853,133.20313453674316,0,0,42
1596164959.4503853,135.00102996826172,0,0,42
1596164959.4603853,136.80111408233643,0,0,42
1596164959.4703853,138.60300064086914,0,0,42
1596164959.4803853,140.4020118713379,0,0,42
1596164959.4903853,142.1998643875122,0,0,42
1596164959.5003853,144.00097846984863,0,0,42
1596164959.5103853,145.79998970031738,0,0,42
1596164959.5203853,147.60037422180176,0,0,42
1596164959.5303853,149.40187454223633,0,0,42
1596164959.5403852,151.20324611663818,0,0,42
1596164959.5503852,153.0025577545166,0,0,42
1596164959.5603852,154.80221271514893,0,0,42
1596164959.5703852,156.60272598266602,0,0,42
1596164959.5803852,158.4032392501831,0,0,42
1596164959.5903852,160.20255088806152,0,0,42
1596164959.6003852,162.0016050338745,0,0,42
1596164959.6103852,163.8030195236206,0,0,42
1596164959.6203852,165.60215950012207,0,0,42
1596164959.6303852,167.40318775177002,0,0,42
1596164959.6403852,169.20035362243652,0,0,42
1596164959.6503851,171.00035190582275,0,0,42
1596164959.6603851,172.80073642730713,0,0,42
1596164959.6703851,174.60296630859375,0,0,42
1596164959.680385,176.4001750946045,0,0,42
1596164959.690385,178.20236206054688,0,0,42
1596164959.700385,180.00248908996582,0,0,42
1596164959.710385,181.79982662200928,0,0,42
1596164959.720385,183.6020565032959,0,0,42
1596164959.730385,185.4024839401245,0,0,42
1596164959.740385,187.20192432403564,0,0,42
1596164959.750385,189.0029525756836,0,0,42
1596164959.760385,190.80132007598877,0,0,42
1596164959.770385,192.60191917419434,0,0,42
1596164959.780385,194.39990043640137,0,0,42
1596164959.790385,196.20320320129395,0,0,42
1596164959.800385,198.00161361694336,0,0,42
1596164959.810385,199.8020839691162,0,0,42
1596164959.820385,201.6005802154541,0,0,42
1596164959.830385,203.39993476867676,0,0,42
1596164959.840385,205.20109176635742,0,0,42
1596164959.850385,207.0021629333496,0,0,42
1596164959.860385,208.80181789398193,0,0,42
1596164959.870385,210.60228824615479,0,0,42
1596164959.880385,212.40117073059082,0,0,42
1596164959.890385,214.20001029968262,0,0,42
1596164959.900385,216.00030899047852,0,0,42
1596164959.910385,217.80232429504395,0,0,42
1596164959.920385,219.60047721862793,0,0,42
1596164959.9303849,221.4019775390625,0,0,42
1596164959.9403849,223.2017183303833,0,0,42
1596164959.9503849,225.00060081481934,0,0,42
1596164959.9603848,226.80304527282715,0,0,42
1596164959.9703848,228.60304355621338,0,0,42
1596164959.9803848,230.40244102478027,0,0,42
1596164959.9903848,232.20235347747803,0,0,42
1596164960.0003848,234.00024890899658,0,0,42
1596164960.0103848,235.80230712890625,0,0,42
1596164960.0203848,237.60191917419434,0,0,42
1596164960.0303848,239.40024375915527,0,0,42
1596164960.0403848,241.20084285736084,0,0,42
1596164960.0503848,243.00264358520508,0,0,42
1596164960.0603848,244.8022985458374,0,0,42
1596164960.0703847,246.6016960144043,0,0,42
1596164960.0803847,248.40006351470947,0,0,42
1596164960.0903847,250.200834274292,0,0,42
1596164960.1003847,252.00139045715332,0,0,42
1596164960.1103847,253.8003158569336,0,0,42
1596164960.1203847,255.60228824615479,0,0,42
1596164960.1303847,257.4014711380005,0,0,42
1596164960.1403847,259.1998815536499,0,0,42
1596164960.1503847,261.0023260116577,0,0,42
1596164960.1603847,262.8018522262573,0,0,42
1596164960.1703846,264.59983348846436,0,0,42
1596164960.1803846,266.402792930603,0,0,42
1596164960.1903846,268.2027053833008,0,0,42
1596164960.2003846,270.0007724761963,0,0,42
1596164960.2103846,271.80150032043457,0,0,42
1596164960.2203846,273.60235691070557,0,0,42
1596164960.2303846,275.40063858032227,0,0,42
1596164960.2403846,277.20213890075684,0,0,42
1596164960.2503846,279.00290966033936,0,0,42
1596164960.2603846,280.7999038696289,0,0,42
1596164960.2703846,282.60316371917725,0,0,42
1596164960.2803845,284.4002866744995,0,0,42
1596164960.2903845,286.20174407958984,0,0,42
1596164960.3003845,288.0031156539917,0,0,42
1596164960.3103845,289.8004102706909,0,0,42
1596164960.3203845,291.60173892974854,0,0,42
1596164960.3303845,293.4001064300537,0,0,42
1596164960.3403845,295.2013921737671,0,0,42
1596164960.3503845,297.00199127197266,0,0,42
1596164960.3603845,298.8015604019165,0,0,42
1596164960.3703845,300.6024169921875,0,0,42
1596164960.3803844,302.4028444290161,0,0,42
1596164960.3903844,304.2018985748291,0,0,42
1596164960.4003844,306.0027551651001,0,0,42
1596164960.4103844,307.8004789352417,0,0,42
1596164960.4203844,309.6027946472168,0,0,42
1596164960.4303844,311.40103340148926,0,0,42
1596164960.4403844,313.2013750076294,0,0,42
1596164960.4503844,315.0007724761963,0,0,42
1596164960.4603844,316.80283069610596,0,0,42
1596164960.4703844,318.6023998260498,0,0,42
1596164960.4803843,320.40265560150146,0,0,42
1596164960.4903843,322.200722694397,0,0,42
1596164960.5003843,324.0030813217163,0,0,42
1596164960.5103843,325.80209255218506,0,0,42
1596164960.5203843,327.60101795196533,0,0,42
1596164960.5303843,329.4002437591553,0,0,42
1596164960.5403843,331.203031539917,0,0,42
1596164960.5503843,333.0004119873047,0,0,42
1596164960.5603843,334.8023843765259,0,0,42
1596164960.5703843,336.60143852233887,0,0,42
1596164960.5803843,338.402681350708,0,0,42
1596164960.5903842,340.20057678222656,0,0,42
1596164960.6003842,342.0028495788574,0,0,42
1596164960.6103842,343.8012170791626,0,0,42
1596164960.6203842,345.5997133255005,0,0,42
1596164960.6303842,347.4022436141968,0,0,42
1596164960.6403842,349.2023706436157,0,0,42
1596164960.6503842,351.0027551651001,0,0,42
1596164960.6603842,352.7997064590454,0,0,42
1596164960.6703842,354.60073471069336,0,0,42
1596164960.6803842,356.4021062850952,0,0,42
1596164960.6903841,358.2020616531372,0,0,42
1596164960.700396,360,0,1
1596164960.700396,0,0,0
1596164960.710396,1.8017148971557617,0,0,42
1596164960.720396,3.6006832122802734,0,0,42
1596164960.730396,5.400381088256836,0,0,42
1596164960.740396,7.200980186462402,0,0,42
1596164960.750396,9.002008438110352,0,0,42
1596164960.760396,10.80080509185791,0,0,42
1596164960.770396,12.602005004882812,0,0,42
1596164960.780396,14.403247833251953,0,0,42
1596164960.790396,16.20182991027832,0,0,42
1596164960.800396,18.000411987304688,0,0,42
1596164960.810396,19.80006694793701,0,0,42
1596164960.820396,21.602511405944824,0,0,42
1596164960.830396,23.40092182159424,0,0,42
1596164960.840396,25.200319290161133,0,0,42
1596164960.850396,27.002978324890137,0,0,42
1596164960.860396,28.80237579345703,0,0,42
1596164960.870396,30.603275299072266,0,0,42
1596164960.880396,32.401041984558105,0,0,42
1596164960.8903959,34.20275688171387,0,0,42
1596164960.9003959,36.000609397888184,0,0,42
1596164960.9103959,37.80168056488037,0,0,42
1596164960.9203959,39.601807594299316,0,0,42
1596164960.9303958,41.4005184173584,0,0,42
1596164960.9403958,43.20176124572754,0,0,42
1596164960.9503958,45.00098705291748,0,0,42
1596164960.9603958,46.79995536804199,0,0,42
1596164960.9703958,48.60274314880371,0,0,42
1596164960.9803958,50.40050983428955,0,0,42
1596164960.9903958,52.200679779052734,0,0,42
1596164961.0003958,54.00303840637207,0,0,42
1596164961.0103958,55.800719261169434,0,0,42
1596164961.0203958,57.600674629211426,0,0,42
1596164961.0303957,59.400973320007324,0,0,42
1596164961.0403957,61.200928688049316,0,0,42
1596164961.0503957,63.00212860107422,0,0,42
1596164961.0603957,64.8034143447876,0,0,42
1596164961.0703957,66.60049438476562,0,0,42
1596164961.0803957,68.40293884277344,0,0,42
1596164961.0903957,70.20216464996338,0,0,42
1596164961.1003957,72.00276374816895,0,0,42
1596164961.1103957,73.8012170791626,0,0,42
1596164961.1203957,75.60125827789307,0,0,42
1596164961.1303957,77.40331649780273,0,0,42
1596164961.1403956,79.20151233673096,0,0,42
1596164961.1503956,81.00335597991943,0,0,42
1596164961.1603956,82.80322551727295,0,0,42
1596164961.1703956,84.60300922393799,0,0,42
1596164961.1803956,86.40090465545654,0,0,42
1596164961.1903956,88.20098876953125,0,0,42
1596164961.2003956,90.00184535980225,0,0,42
1596164961.2103956,91.80098533630371,0,0,42
1596164961.2203956,93.60051155090332,0,0,42
1596164961.2303956,95.40076732635498,0,0,42
1596164961.2403955,97.2011947631836,0,0,42
1596164961.2503955,99.00012016296387,0,0,42
1596164961.2603955,100.80290794372559,0,0,42
1596164961.2703955,102.60260581970215,0,0,42
1596164961.2803955,104.40114498138428,0,0,42
1596164961.2903955,106.20118618011475,0,0,42
1596164961.3003955,108.00320148468018,0,0,42
1596164961.3103955,109.80092525482178,0,0,42
1596164961.3203955,111.60126686096191,0,0,42
1596164961.3303955,113.40070724487305,0,0,42
1596164961.3403955,115.20070552825928,0,0,42
1596164961.3503954,117.00297832489014,0,0,42
1596164961.3603954,118.80040168762207,0,0,42
1596164961.3703954,120.60177326202393,0,0,42
1596164961.3803954,122.40194320678711,0,0,42
1596164961.3903954,124.20314311981201,0,0,42
1596164961.4003954,126.00292682647705,0,0,42
1596164961.4103954,127.80009269714355,0,0,42
1596164961.4203954,129.6018934249878,0,0,42
1596164961.4303954,131.4006471633911,0,0,42
1596164961.4403954,133.2013750076294,0,0,42
1596164961.4503953,135.00017166137695,0,0,42
1596164961.4603953,136.79999828338623,0,0,42
1596164961.4703953,138.60029697418213,0,0,42
1596164961.4803953,140.4031276702881,0,0,42
1596164961.4903953,142.20162391662598,0,0,42
1596164961.5003953,144.00192260742188,0,0,42
1596164961.5103953,145.80149173736572,0,0,42
1596164961.5203953,147.60071754455566,0,0,42
1596164961.5303953,149.4016170501709,0,0,42
1596164961.5403953,151.20092868804932,0,0,42
1596164961.5503953,152.9998540878296,0,0,42
1596164961.5603952,154.80234146118164,0,0,42
1596164961.5703952,156.60143852233887,0,0,42
1596164961.5803952,158.40117931365967,0,0,42
1596164961.5903952,160.20014762878418,0,0,42
1596164961.6003952,162.0032787322998,0,0,42
1596164961.6103952,163.80113124847412,0,0,42
1596164961.6203952,165.60065746307373,0,0,42
1596164961.6303952,167.4019432067871,0,0,42
1596164961.6403952,169.20275688171387,0,0,42
1596164961.6503952,171.00138187408447,0,0,42
1596164961.6603951,172.8031826019287,0,0,42
1596164961.6703951,174.6009063720703,0,0,42
1596164961.6803951,176.4026641845703,0,0,42
1596164961.690395,178.1999158859253,0,0,42
1596164961.700395,180.00300407409668,0,0,42
1596164961.710395,181.80111408233643,0,0,42
1596164961.720395,183.60051155090332,0,0,42
1596164961.730395,185.40308475494385,0,0,42
1596164961.740395,187.2013235092163,0,0,42
1596164961.750395,189.00265216827393,0,0,42
1596164961.760395,190.80119132995605,0,0,42
1596164961.770395,192.60290622711182,0,0,42
1596164961.780395,194.4023036956787,0,0,42
1596164961.790395,196.2010145187378,0,0,42
1596164961.800395,198.0003261566162,0,0,42
1596164961.810395,199.8028564453125,0,0,42
1596164961.820395,201.60130977630615,0,0,42
1596164961.830395,203.40130805969238,0,0,42
1596164961.840395,205.20147800445557,0,0,42
1596164961.850395,206.9998025894165,0,0,42
1596164961.860395,208.80220413208008,0,0,42
1596164961.870395,210.60134410858154,0,0,42
1596164961.880395,212.4014711380005,0,0,42
1596164961.890395,214.20275688171387,0,0,42
1596164961.900395,216.00121021270752,0,0,42
1596164961.910395,217.8010368347168,0,0,42
1596164961.920395,219.60073471069336,0,0,42
1596164961.930395,221.40090465545654,0,0,42
1596164961.9403949,223.20051670074463,0,0,42
1596164961.9503949,225.00175952911377,0,0,42
1596164961.9603949,226.80291652679443,0,0,42
1596164961.9703948,228.60304355621338,0,0,42
1596164961.9803948,230.4021406173706,0,0,42
1596164961.9903948,232.20016479492188,0,0,42
1596164962.0003948,234.00042057037354,0,0,42
1596164962.0103948,235.80140590667725,0,0,42
1596164962.0203948,237.59990215301514,0,0,42
1596164962.0303948,239.40200328826904,0,0,42
1596164962.0403948,241.2026882171631,0,0,42
1596164962.0503948,243.0001974105835,0,0,42
1596164962.0603948,244.80311393737793,0,0,42
1596164962.0703948,246.6029405593872,0,0,42
1596164962.0803947,248.40070724487305,0,0,42
1596164962.0903947,250.20066261291504,0,0,42
1596164962.1003947,252.00139045715332,0,0,42
1596164962.1103947,253.80228996276855,0,0,42
1596164962.1203947,255.60293197631836,0,0,42
1596164962.1303947,257.3998832702637,0,0,42
1596164962.1403947,259.2023277282715,0,0,42
1596164962.1503947,261.0023260116577,0,0,42
1596164962.1603947,262.80301094055176,0,0,42
1596164962.1703947,264.60017681121826,0,0,42
1596164962.1803946,266.3997459411621,0,0,42
1596164962.1903946,268.20176124572754,0,0,42
1596164962.2003946,270.002703666687,0,0,42
1596164962.2103946,271.80137157440186,0,0,42
1596164962.2203946,273.6019277572632,0,0,42
1596164962.2303946,275.4021406173706,0,0,42
1596164962.2403946,277.20067977905273,0,0,42
1596164962.2503946,279.00312423706055,0,0,42
1596164962.2603946,280.8009338378906,0,0,42
1596164962.2703946,282.60106086730957,0,0,42
1596164962.2803946,284.4009733200073,0,0,42
1596164962.2903945,286.20161533355713,0,0,42
1596164962.3003945,288.0026865005493,0,0,42
1596164962.3103945,289.80135440826416,0,0,42
1596164962.3203945,291.60298347473145,0,0,42
1596164962.3303945,293.4009647369385,0,0,42
1596164962.3403945,295.1998472213745,0,0,42
1596164962.3503945,297.0012617111206,0,0,42
1596164962.3603945,298.8003158569336,0,0,42
1596164962.3703945,300.6016445159912,0,0,42
1596164962.3803945,302.4027156829834,0,0,42
1596164962.3903944,304.19992446899414,0,0,42
1596164962.4003944,306.00043773651123,0,0,42
1596164962.4103944,307.8005647659302,0,0,42
1596164962.4203944,309.600305557251,0,0,42
1596164962.4303944,311.4023208618164,0,0,42
1596164962.4403944,313.2027053833008,0,0,42
1596164962.4503944,315.00274658203125,0,0,42
1596164962.4603944,316.79999828338623,0,0,42
1596164962.4703944,318.6009407043457,0,0,42
1596164962.4803944,320.40162563323975,0,0,42
1596164962.4903944,322.202353477478,0,0,42
1596164962.5003943,323.9999485015869,0,0,42
1596164962.5103943,325.80196380615234,0,0,42
1596164962.5203943,327.60071754455566,0,0,42
1596164962.5303943,329.40054416656494,0,0,42
1596164962.5403943,331.2006711959839,0,0,42
1596164962.5503943,333.00049781799316,0,0,42
1596164962.5603943,334.80113983154297,0,0,42
1596164962.5703943,336.6026830673218,0,0,42
1596164962.5803943,338.40182304382324,0,0,42
1596164962.5903943,340.2002763748169,0,0,42
1596164962.6003942,342.00121879577637,0,0,42
1596164962.6103942,343.8002300262451,0,0,42
1596164962.6203942,345.5998420715332,0,0,42
1596164962.6303942,347.4001407623291,0,0,42
1596164962.6403942,349.1997528076172,0,0,42
1596164962.6503942,351.0005235671997,0,0,42
1596164962.6603942,352.80030727386475,0,0,42
1596164962.6703942,354.60249423980713,0,0,42
1596164962.6803942,356.40193462371826,0,0,42
1596164962.6903942,358.20141792297363,0,0,42
1596164962.7003996,360,0,1
1596164962.7003996,0,0,0
1596164962.7103996,1.8002986907958984,0,0,42
1596164962.7203996,3.6033010482788086,0,0,42
1596164962.7303996,5.400938987731934,0,0,42
1596164962.7403996,7.202997207641602,0,0,42
1596164962.7503996,9.001622200012207,0,0,42
1596164962.7603996,10.800762176513672,0,0,42
1596164962.7703996,12.600975036621094,0,0,42
1596164962.7803996,14.400029182434082,0,0,42
1596164962.7903996,16.203031539916992,0,0,42
1596164962.8003995,18.000669479370117,0,0,42
1596164962.8103995,19.800281524658203,0,0,42
1596164962.8203995,21.601009368896484,0,0,42
1596164962.8303995,23.402509689331055,0,0,42
1596164962.8403995,25.200276374816895,0,0,42
1596164962.8503995,27.0003604888916,0,0,42
1596164962.8603995,28.80164623260498,0,0,42
1596164962.8703995,30.60065746307373,0,0,42
1596164962.8803995,32.40293025970459,0,0,42
1596164962.8903995,34.20065402984619,0,0,42
1596164962.9003994,36.0016393661499,0,0,42
1596164962.9103994,37.800607681274414,0,0,42
1596164962.9203994,39.60266590118408,0,0,42
1596164962.9303994,41.40180587768555,0,0,42
1596164962.9403994,43.201889991760254,0,0,42
1596164962.9503994,45.00072956085205,0,0,42
1596164962.9603994,46.8011999130249,0,0,42
1596164962.9703994,48.60158443450928,0,0,42
1596164962.9803994,50.40205478668213,0,0,42
1596164962.9903994,52.20261096954346,0,0,42
1596164963.0003994,54.00059223175049,0,0,42
1596164963.0103993,55.80230712890625,0,0,42
1596164963.0203993,57.6018762588501,0,0,42
1596164963.0303993,59.402432441711426,0,0,42
1596164963.0403993,61.20303153991699,0,0,42
1596164963.0503993,63.001441955566406,0,0,42
1596164963.0603993,64.80006694793701,0,0,42
1596164963.0703993,66.60324096679688,0,0,42
1596164963.0803993,68.40263843536377,0,0,42
1596164963.0903993,70.20169258117676,0,0,42
1596164963.1003993,72.00070381164551,0,0,42
1596164963.1103992,73.80271911621094,0,0,42
1596164963.1203992,75.60134410858154,0,0,42
1596164963.1303992,77.40280151367188,0,0,42
1596164963.1403992,79.20022487640381,0,0,42
1596164963.1503992,81.00292682647705,0,0,42
1596164963.1603992,82.80004978179932,0,0,42
1596164963.1703992,84.60318088531494,0,0,42
1596164963.1803992,86.40129089355469,0,0,42
1596164963.1903992,88.20150375366211,0,0,42
1596164963.2003992,90.00102996826172,0,0,42
1596164963.2103992,91.80012702941895,0,0,42
1596164963.2203991,93.60106945037842,0,0,42
1596164963.2303991,95.39990901947021,0,0,42
1596164963.2403991,97.19990730285645,0,0,42
1596164963.250399,99.00205135345459,0,0,42
1596164963.260399,100.8033800125122,0,0,42
1596164963.270399,102.60127544403076,0,0,42
1596164963.280399,104.40153121948242,0,0,42
1596164963.290399,106.20015621185303,0,0,42
1596164963.300399,108.00298690795898,0,0,42
1596164963.310399,109.80131149291992,0,0,42
1596164963.320399,111.60135269165039,0,0,42
1596164963.330399,113.40268135070801,0,0,42
1596164963.340399,115.20074844360352,0,0,42
1596164963.350399,117.00250625610352,0,0,42
1596164963.360399,118.80216121673584,0,0,42
1596164963.370399,120.60125827789307,0,0,42
1596164963.380399,122.39996910095215,0,0,42
1596164963.390399,124.20258522033691,0,0,42
1596164963.400399,126.002197265625,0,0,42
1596164963.410399,127.80210971832275,0,0,42
1596164963.420399,129.60305213928223,0,0,42
1596164963.430399,131.40111923217773,0,0,42
1596164963.440399,133.20244789123535,0,0,42
1596164963.450399,135.00283241271973,0,0,42
1596164963.460399,136.80227279663086,0,0,42
1596164963.470399,138.60145568847656,0,0,42
1596164963.480399,140.40003776550293,0,0,42
1596164963.490399,142.20218181610107,0,0,42
1596164963.5003989,144.0016222000122,0,0,42
1596164963.5103989,145.80187797546387,0,0,42
1596164963.5203989,147.6024341583252,0,0,42
1596164963.5303988,149.40294742584229,0,0,42
1596164963.5403988,151.19994163513184,0,0,42
1596164963.5503988,153.0019998550415,0,0,42
1596164963.5603988,154.80204105377197,0,0,42
1596164963.5703988,156.60049438476562,0,0,42
1596164963.5803988,158.40328216552734,0,0,42
1596164963.5903988,160.20147800445557,0,0,42
1596164963.6003988,162.00267791748047,0,0,42
1596164963.6103988,163.80018711090088,0,0,42
1596164963.6203988,165.60228824615479,0,0,42
1596164963.6303988,167.40228652954102,0,0,42
1596164963.6403987,169.2032289505005,0,0,42
1596164963.6503987,171.0024118423462,0,0,42
1596164963.6603987,172.8013801574707,0,0,42
1596164963.6703987,174.6009922027588,0,0,42
1596164963.6803987,176.3999605178833,0,0,42
1596164963.6903987,178.2017183303833,0,0,42
1596164963.7003987,180.00042915344238,0,0,42
1596164963.7103987,181.80304527282715,0,0,42
1596164963.7203987,183.59999656677246,0,0,42
1596164963.7303987,185.4006814956665,0,0,42
1596164963.7403986,187.20316886901855,0,0,42
1596164963.7503986,189.0011501312256,0,0,42
1596164963.7603986,190.80114841461182,0,0,42
1596164963.7703986,192.60123252868652,0,0,42
1596164963.7803986,194.40208911895752,0,0,42
1596164963.7903986,196.20230197906494,0,0,42
1596164963.8003986,198.00328731536865,0,0,42
1596164963.8103986,199.8016119003296,0,0,42
1596164963.8203986,201.6002368927002,0,0,42
1596164963.8303986,203.40195178985596,0,0,42
1596164963.8403986,205.2004909515381,0,0,42
1596164963.8503985,207.00010299682617,0,0,42
1596164963.8603985,208.80224704742432,0,0,42
1596164963.8703985,210.60009956359863,0,0,42
1596164963.8803985,212.40022659301758,0,0,42
1596164963.8903985,214.20254230499268,0,0,42
1596164963.9003985,216.0010814666748,0,0,42
1596164963.9103985,217.8019380569458,0,0,42
1596164963.9203985,219.60060596466064,0,0,42
1596164963.9303985,221.40043258666992,0,0,42
1596164963.9403985,223.20291996002197,0,0,42
1596164963.9503984,225.00171661376953,0,0,42
1596164963.9603984,226.80055618286133,0,0,42
1596164963.9703984,228.60085487365723,0,0,42
1596164963.9803984,230.40287017822266,0,0,42
1596164963.9903984,232.20295429229736,0,0,42
1596164964.0003984,234.00265216827393,0,0,42
1596164964.0103984,235.80050468444824,0,0,42
1596164964.0203984,237.60213375091553,0,0,42
1596164964.0303984,239.40316200256348,0,0,42
1596164964.0403984,241.20311737060547,0,0,42
1596164964.0503983,243.00049781799316,0,0,42
1596164964.0603983,244.80315685272217,0,0,42
1596164964.0703983,246.60109519958496,0,0,42
1596164964.0803983,248.4001922607422,0,0,42
1596164964.0903983,250.20276546478271,0,0,42
1596164964.1003983,252.0023775100708,0,0,42
1596164964.1103983,253.80095958709717,0,0,42
1596164964.1203983,255.6024169921875,0,0,42
1596164964.1303983,257.39984035491943,0,0,42
1596164964.1403983,259.2020273208618,0,0,42
1596164964.1503983,261.0021114349365,0,0,42
1596164964.1603982,262.8031396865845,0,0,42
1596164964.1703982,264.6016788482666,0,0,42
1596164964.1803982,266.40257835388184,0,0,42
1596164964.1903982,268.2018041610718,0,0,42
1596164964.2003982,270.0024461746216,0,0,42
1596164964.2103982,271.80025577545166,0,0,42
1596164964.2203982,273.6008548736572,0,0,42
1596164964.2303982,275.4019260406494,0,0,42
1596164964.2403982,277.20055103302,0,0,42
1596164964.2503982,279.0008497238159,0,0,42
1596164964.2603981,280.80230712890625,0,0,42
1596164964.2703981,282.6009750366211,0,0,42
1596164964.2803981,284.403076171875,0,0,42
1596164964.2903981,286.20097160339355,0,0,42
1596164964.300398,288.0029010772705,0,0,42
1596164964.310398,289.8000240325928,0,0,42
1596164964.320398,291.6001081466675,0,0,42
1596164964.330398,293.40027809143066,0,0,42
1596164964.340398,295.2018642425537,0,0,42
1596164964.350398,297.0007038116455,0,0,42
1596164964.360398,298.8011312484741,0,0,42
1596164964.370398,300.6028890609741,0,0,42
1596164964.380398,302.4011278152466,0,0,42
1596164964.390398,304.2003107070923,0,0,42
1596164964.400398,306.0025405883789,0,0,42
1596164964.410398,307.80043601989746,0,0,42
1596164964.420398,309.6020221710205,0,0,42
1596164964.430398,311.4021921157837,0,0,42
1596164964.4322622,311.735258102417,0,0
1596164964.4322622,345.5205774307251,0.18769621849060059,0
1596164964.440398,346.986780166626,0.18769621849060059,0,42
1596164964.450398,348.78647804260254,0.18769621849060059,0,42
1596164964.460398,350.5854892730713,0.18769621849060059,0,42
1596164964.470398,352.3856592178345,0.18769621849060059,0,42
1596164964.480398,354.1878890991211,0.18769621849060059,0,42
1596164964.490398,355.98827362060547,0.18769621849060059,0,42
1596164964.500398,357.7866840362549,0.18769621849060059,0,42
1596164964.510398,359.5876693725586,0.18769621849060059,0,42
1596164964.512712,360,0.18769621849060059,1
1596164964.512712,0,0,0
1596164964.522712,1.802659034729004,0,0,42
1596164964.532712,3.602142333984375,0,0,42
1596164964.542712,5.403470993041992,0,0,42
1596164964.552712,7.2025251388549805,0,0,42
1596164964.562712,9.000763893127441,0,0,42
1596164964.572712,10.80007553100586,0,0,42
1596164964.582712,12.600760459899902,0,0,42
1596164964.592712,14.4010591506958,0,0,42
1596164964.602712,16.20161533355713,0,0,42
1596164964.612712,18.0010986328125,0,0,42
1596164964.622712,19.801526069641113,0,0,42
1596164964.632712,21.60285472869873,0,0,42
1596164964.6427119,23.400793075561523,0,0,42
1596164964.6527119,25.201778411865234,0,0,42
1596164964.6627119,27.003192901611328,0,0,42
1596164964.6727118,28.800959587097168,0,0,42
1596164964.6827118,30.602974891662598,0,0,42
1596164964.6927118,32.40121364593506,0,0,42
1596164964.7027118,34.200825691223145,0,0,42
1596164964.7127118,36.00296974182129,0,0,42
1596164964.7227118,37.80090808868408,0,0,42
1596164964.7327118,39.60146427154541,0,0,42
1596164964.7427118,41.40056133270264,0,0,42
1596164964.7527118,43.200130462646484,0,0,42
1596164964.7627118,45.001630783081055,0,0,42
1596164964.7727118,46.80325984954834,0,0,42
1596164964.7827117,48.60184192657471,0,0,42
1596164964.7927117,50.400681495666504,0,0,42
1596164964.8027117,52.202653884887695,0,0,42
1596164964.8127117,54.00106430053711,0,0,42
1596164964.8227117,55.80106258392334,0,0,42
1596164964.8327117,57.60058879852295,0,0,42
1596164964.8427117,59.402732849121094,0,0,42
1596164964.8527117,61.200928688049316,0,0,42
1596164964.8627117,63.002686500549316,0,0,42
1596164964.8727117,64.80204105377197,0,0,42
1596164964.8827116,66.60306930541992,0,0,42
1596164964.8927116,68.40165138244629,0,0,42
1596164964.9027116,70.20074844360352,0,0,42
1596164964.9127116,72.00143337249756,0,0,42
1596164964.9227116,73.80061626434326,0,0,42
1596164964.9327116,75.6009578704834,0,0,42
1596164964.9427116,77.40211486816406,0,0,42
1596164964.9527116,79.20116901397705,0,0,42
1596164964.9627116,81.00262641906738,0,0,42
1596164964.9727116,82.80073642730713,0,0,42
1596164964.9827116,84.60155010223389,0,0,42
1596164964.9927115,86.40206336975098,0,0,42
1596164965.0027115,88.20236206054688,0,0,42
1596164965.0127115,90.00210285186768,0,0,42
1596164965.0227115,91.80128574371338,0,0,42
1596164965.0327115,93.60287189483643,0,0,42
1596164965.0427115,95.40295600891113,0,0,42
1596164965.0527115,97.20106601715088,0,0,42
1596164965.0627115,99.0009355545044,0,0,42
1596164965.0727115,100.80179214477539,0,0,42
1596164965.0827115,102.6024341583252,0,0,42
1596164965.0927114,104.40311908721924,0,0,42
1596164965.1027114,106.20200157165527,0,0,42
1596164965.1127114,108.0031156539917,0,0,42
1596164965.1227114,109.80041027069092,0,0,42
1596164965.1327114,111.60182476043701,0,0,42
1596164965.1427114,113.4025526046753,0,0,42
1596164965.1527114,115.20203590393066,0,0,42
1596164965.1627114,117.0003604888916,0,0,42
1596164965.1727114,118.80331993103027,0,0,42
1596164965.1827114,120.60228824615479,0,0,42
1596164965.1927114,122.4018144607544,0,0,42
1596164965.2027113,124.20228481292725,0,0,42
1596164965.2127113,126.00262641906738,0,0,42
1596164965.2227113,127.80309677124023,0,0,42
1596164965.2327113,129.60159301757812,0,0,42
1596164965.2427113,131.4021921157837,0,0,42
1596164965.2527113,133.2024049758911,0,0,42
1596164965.2627113,135.00102996826172,0,0,42
1596164965.2727113,136.80004119873047,0,0,42
1596164965.2827113,138.601713180542,0,0,42
1596164965.2927113,140.4011106491089,0,0,42
1596164965.3027112,142.1998643875122,0,0,42
1596164965.3127112,144.000506401062,0,0,42
1596164965.3227112,145.8001184463501,0,0,42
1596164965.3327112,147.60140419006348,0,0,42
1596164965.3427112,149.40178871154785,0,0,42
1596164965.3527112,151.20182991027832,0,0,42
1596164965.3627112,153.00247192382812,0,0,42
1596164965.3727112,154.80259895324707,0,0,42
1596164965.3827112,156.60139560699463,0,0,42
1596164965.3927112,158.40092182159424,0,0,42
1596164965.4027112,160.20182132720947,0,0,42
1596164965.4127111,162.00332164764404,0,0,42
1596164965.4227111,163.8013458251953,0,0,42
1596164965.4327111,165.60087203979492,0,0,42
1596164965.442711,167.40280151367188,0,0,42
1596164965.452711,169.20013904571533,0,0,42
1596164965.462711,171.00082397460938,0,0,42
1596164965.472711,172.80022144317627,0,0,42
1596164965.482711,174.6015501022339,0,0,42
1596164965.492711,176.40305042266846,0,0,42
1596164965.502711,178.20163249969482,0,0,42
1596164965.512711,180.0014591217041,0,0,42
1596164965.522711,181.80089950561523,0,0,42
1596164965.532711,183.60051155090332,0,0,42
1596164965.542711,185.4030418395996,0,0,42
1596164965.552711,187.2013235092163,0,0,42
1596164965.562711,189.00187969207764,0,0,42
1596164965.572711,190.80252170562744,0,0,42
1596164965.582711,192.60196208953857,0,0,42
1596164965.592711,194.39985752105713,0,0,42
1596164965.602711,196.2004566192627,0,0,42
1596164965.612711,198.00122737884521,0,0,42
1596164965.622711,199.8028564453125,0,0,42
1596164965.632711,201.60319805145264,0,0,42
1596164965.642711,203.4021234512329,0,0,42
1596164965.652711,205.20092010498047,0,0,42
1596164965.662711,207.0007038116455,0,0,42
1596164965.672711,208.8008737564087,0,0,42
1596164965.682711,210.60233116149902,0,0,42
1596164965.6927109,212.40310192108154,0,0,42
1596164965.7027109,214.20056819915771,0,0,42
1596164965.7127109,216.0010814666748,0,0,42
1596164965.7227108,217.80313968658447,0,0,42
1596164965.7327108,219.60262298583984,0,0,42
1596164965.7427108,221.40305042266846,0,0,42
1596164965.7527108,223.20021629333496,0,0,42
1596164965.7627108,225.00210285186768,0,0,42
1596164965.7727108,226.80283069610596,0,0,42
1596164965.7827108,228.60167026519775,0,0,42
1596164965.7927108,230.40222644805908,0,0,42
1596164965.8027108,232.20025062561035,0,0,42
1596164965.8127108,234.0005922317505,0,0,42
1596164965.8227108,235.80016136169434,0,0,42
1596164965.8327107,237.60273456573486,0,0,42
1596164965.8427107,239.40221786499023,0,0,42
1596164965.8527107,241.20195865631104,0,0,42
1596164965.8627107,243.0010986328125,0,0,42
1596164965.8727107,244.80088233947754,0,0,42
1596164965.8827107,246.60178184509277,0,0,42
1596164965.8927107,248.4022092819214,0,0,42
1596164965.9027107,250.19997596740723,0,0,42
1596164965.9127107,252.00233459472656,0,0,42
1596164965.9227107,253.80168914794922,0,0,42
1596164965.9327106,255.60155868530273,0,0,42
1596164965.9427106,257.401385307312,0,0,42
1596164965.9527106,259.2003536224365,0,0,42
1596164965.9627106,261.0017251968384,0,0,42
1596164965.9727106,262.80210971832275,0,0,42
1596164965.9827106,264.601035118103,0,0,42
1596164965.9927106,266.40167713165283,0,0,42
1596164966.0027106,268.2023620605469,0,0,42
1596164966.0127106,270.00141620635986,0,0,42
1596164966.0227106,271.8009424209595,0,0,42
1596164966.0327106,273.6001253128052,0,0,42
1596164966.0427105,275.40175437927246,0,0,42
1596164966.0527105,277.2006368637085,0,0,42
1596164966.0627105,279.00123596191406,0,0,42
1596164966.0727105,280.80286502838135,0,0,42
1596164966.0827105,282.60093212127686,0,0,42
1596164966.0927105,284.4014883041382,0,0,42
1596164966.1027105,286.1998987197876,0,0,42
1596164966.1127105,288.0030298233032,0,0,42
1596164966.1227105,289.79998111724854,0,0,42
1596164966.1327105,291.60298347473145,0,0,42
1596164966.1427104,293.399977684021,0,0,42
1596164966.1527104,295.20259380340576,0,0,42
1596164966.1627104,297.0024633407593,0,0,42
1596164966.1727104,298.8023328781128,0,0,42
1596164966.1827104,300.60314655303955,0,0,42
1596164966.1927104,302.4026298522949,0,0,42
1596164966.2027104,304.2006540298462,0,0,42
1596164966.2127104,306.00236892700195,0,0,42
1596164966.2227104,307.7997922897339,0,0,42
1596164966.2327104,309.6026659011841,0,0,42
1596164966.2427104,311.40305042266846,0,0,42
1596164966.2527103,313.20223331451416,0,0,42
1596164966.2627103,315.00218868255615,0,0,42
1596164966.2727103,316.8025732040405,0,0,42
1596164966.2827103,318.60033988952637,0,0,42
1596164966.2927103,320.4011535644531,0,0,42
1596164966.3027103,322.2017526626587,0,0,42
1596164966.3127103,324.0009355545044,0,0,42
1596164966.3227103,325.8003759384155,0,0,42
1596164966.3327103,327.602219581604,0,0,42
1596164966.3427103,329.40088748931885,0,0,42
1596164966.3527102,331.20161533355713,0,0,42
1596164966.3627102,333.0004119873047,0,0,42
1596164966.3727102,334.80079650878906,0,0,42
1596164966.3827102,336.6022539138794,0,0,42
1596164966.3927102,338.4007501602173,0,0,42
1596164966.4027102,340.20225048065186,0,0,42
1596164966.4127102,341.999888420105,0,0,42
1596164966.4227102,343.8015604019165,0,0,42
1596164966.4327102,345.60091495513916,0,0,42
1596164966.4427102,347.40142822265625,0,0,42
1596164966.4527102,349.19983863830566,0,0,42
1596164966.4627101,351.0014247894287,0,0,42
1596164966.4727101,352.8029680252075,0,0,42
1596164966.4827101,354.6021509170532,0,0,42
1596164966.49271,356.3997459411621,0,0,42
1596164966.4986227,357.46391773223877,0,0
1596164966.4986227,359.23917531967163,0.009862542152404785,0
1596164966.50271,359.9749159812927,0.009862542152404785,0,42
1596164966.5028682,360,0.009862542152404785,1
1596164966.5028682,0,0,0
1596164966.5128682,1.7999982833862305,0,0,42
1596164966.5228682,3.602142333984375,0,0,42
1596164966.5328681,5.4004669189453125,0,0,42
1596164966.5428681,7.200164794921875,0,0,42
1596164966.5528681,8.999991416931152,0,0,42
1596164966.562868,10.80080509185791,0,0,42
1596164966.572868,12.601747512817383,0,0,42
1596164966.582868,14.401531219482422,0,0,42
1596164966.592868,16.201486587524414,0,0,42
1596164966.602868,18.001227378845215,0,0,42
1596164966.612868,19.799981117248535,0,0,42
1596164966.622868,21.60040855407715,0,0,42
1596164966.632868,23.40040683746338,0,0,42
1596164966.642868,25.201048851013184,0,0,42
1596164966.652868,27.002077102661133,0,0,42
1596164966.662868,28.8026762008667,0,0,42
1596164966.672868,30.602073669433594,0,0,42
1596164966.682868,32.40262985229492,0,0,42
1596164966.692868,34.20022487640381,0,0,42
1596164966.702868,36.00241184234619,0,0,42
1596164966.712868,37.80176639556885,0,0,42
1596164966.722868,39.60000514984131,0,0,42
1596164966.732868,41.400132179260254,0,0,42
1596164966.742868,43.20223331451416,0,0,42
1596164966.752868,45.0020170211792,0,0,42
1596164966.762868,46.802916526794434,0,0,42
1596164966.772868,48.601112365722656,0,0,42
1596164966.782868,50.40008068084717,0,0,42
1596164966.792868,52.19999313354492,0,0,42
1596164966.802868,54.00024890899658,0,0,42
1596164966.8128679,55.80260753631592,0,0,42
1596164966.8228679,57.60209083557129,0,0,42
1596164966.8328679,59.40208911895752,0,0,42
1596164966.8428679,61.20178699493408,0,0,42
1596164966.8528678,63.00032615661621,0,0,42
1596164966.8628678,64.80199813842773,0,0,42
1596164966.8728678,66.60152435302734,0,0,42
1596164966.8828678,68.40195178985596,0,0,42
1596164966.8928678,70.20336627960205,0,0,42
1596164966.9028678,72.00160503387451,0,0,42
1596164966.9128678,73.80027294158936,0,0,42
1596164966.9228678,75.60263156890869,0,0,42
1596164966.9328678,77.40314483642578,0,0,42
1596164966.9428678,79.20232772827148,0,0,42
1596164966.9528677,81.00060939788818,0,0,42
1596164966.9628677,82.80125141143799,0,0,42
1596164966.9728677,84.60240840911865,0,0,42
1596164966.9828677,86.40124797821045,0,0,42
1596164966.9928677,88.2031774520874,0,0,42
1596164967.0028677,90.00124454498291,0,0,42
1596164967.0128677,91.79999828338623,0,0,42
1596164967.0228677,93.60304355621338,0,0,42
1596164967.0328677,95.40248394012451,0,0,42
1596164967.0428677,97.20192432403564,0,0,42
1596164967.0528677,99.00115013122559,0,0,42
1596164967.0628676,100.80329418182373,0,0,42
1596164967.0728676,102.60046005249023,0,0,42
1596164967.0828676,104.40020084381104,0,0,42
1596164967.0928676,106.20208740234375,0,0,42
1596164967.1028676,108.00225734710693,0,0,42
1596164967.1128676,109.80324268341064,0,0,42
1596164967.1228676,111.6025972366333,0,0,42
1596164967.1328676,113.40147972106934,0,0,42
1596164967.1428676,115.20302295684814,0,0,42
1596164967.1528676,117.00190544128418,0,0,42
1596164967.1628675,118.80143165588379,0,0,42
1596164967.1728675,120.6033182144165,0,0,42
1596164967.1828675,122.40275859832764,0,0,42
1596164967.1928675,124.20318603515625,0,0,42
1596164967.2028675,126.00069522857666,0,0,42
1596164967.2128675,127.80189514160156,0,0,42
1596164967.2228675,129.6014642715454,0,0,42
1596164967.2328675,131.40159130096436,0,0,42
1596164967.2428675,133.20167541503906,0,0,42
1596164967.2528675,135.002703666687,0,0,42
1596164967.2628675,136.80261611938477,0,0,42
1596164967.2728674,138.6028289794922,0,0,42
1596164967.2828674,140.40076732635498,0,0,42
1596164967.2928674,142.20256805419922,0,0,42
1596164967.3028674,144.00145053863525,0,0,42
1596164967.3128674,145.80217838287354,0,0,42
1596164967.3228674,147.60050296783447,0,0,42
1596164967.3328674,149.40204620361328,0,0,42
1596164967.3428674,151.20110034942627,0,0,42
1596164967.3528674,153.00049781799316,0,0,42
1596164967.3628674,154.8013973236084,0,0,42
1596164967.3728673,156.60311222076416,0,0,42
1596164967.3828673,158.40281009674072,0,0,42
1596164967.3928673,160.20113468170166,0,0,42
1596164967.4028673,162.0027208328247,0,0,42
1596164967.4128673,163.80216121673584,0,0,42
1596164967.4228673,165.60052871704102,0,0,42
1596164967.4328673,167.40151405334473,0,0,42
1596164967.4428673,169.2015552520752,0,0,42
1596164967.4528673,171.0009527206421,0,0,42
1596164967.4628673,172.80275344848633,0,0,42
1596164967.4728673,174.60296630859375,0,0,42
1596164967.4828672,176.40124797821045,0,0,42
1596164967.4928672,178.2003879547119,0,0,42
1596164967.5028672,180.00231742858887,0,0,42
1596164967.5128672,181.80132865905762,0,0,42
1596164967.5228672,183.60278606414795,0,0,42
1596164967.5328672,185.40321350097656,0,0,42
1596164967.5428672,187.2017526626587,0,0,42
1596164967.5528672,189.00119304656982,0,0,42
1596164967.5628672,190.79994678497314,0,0,42
1596164967.5728672,192.60251998901367,0,0,42
1596164967.5828671,194.40165996551514,0,0,42
1596164967.5928671,196.20208740234375,0,0,42
1596164967.6028671,198.00238609313965,0,0,42
1596164967.612867,199.8025131225586,0,0,42
1596164967.622867,201.60062313079834,0,0,42
1596164967.632867,203.40281009674072,0,0,42
1596164967.642867,205.20164966583252,0,0,42
1596164967.652867,207.00173377990723,0,0,42
1596164967.662867,208.8028907775879,0,0,42
1596164967.672867,210.6006145477295,0,0,42
1596164967.682867,212.40022659301758,0,0,42
1596164967.692867,214.20194149017334,0,0,42
1596164967.702867,216.00193977355957,0,0,42
1596164967.712867,217.803053855896,0,0,42
1596164967.722867,219.60176467895508,0,0,42
1596164967.732867,221.40292167663574,0,0,42
1596164967.742867,223.2022762298584,0,0,42
1596164967.752867,225.00085830688477,0,0,42
1596164967.762867,226.80261611938477,0,0,42
1596164967.772867,228.6003828048706,0,0,42
1596164967.782867,230.4019260406494,0,0,42
1596164967.792867,232.20235347747803,0,0,42
1596164967.802867,234.00097846984863,0,0,42
1596164967.812867,235.80050468444824,0,0,42
1596164967.822867,237.60067462921143,0,0,42
1596164967.832867,239.4027328491211,0,0,42
1596164967.842867,241.20062828063965,0,0,42
1596164967.852867,243.00096988677979,0,0,42
1596164967.8628669,244.80058193206787,0,0,42
1596164967.8728669,246.6029405593872,0,0,42
1596164967.8828669,248.40027809143066,0,0,42
1596164967.8928668,250.20255088806152,0,0,42
1596164967.9028668,252.00074672698975,0,0,42
1596164967.9128668,253.80125999450684,0,0,42
1596164967.9228668,255.60104370117188,0,0,42
1596164967.9328668,257.4029731750488,0,0,42
1596164967.9428668,259.2018127441406,0,0,42
1596164967.9528668,261.00133895874023,0,0,42
1596164967.9628668,262.8006076812744,0,0,42
1596164967.9728668,264.6027946472168,0,0,42
1596164967.9828668,266.40124797821045,0,0,42
1596164967.9928668,268.2026195526123,0,0,42
1596164968.0028667,270.0004720687866,0,0,42
1596164968.0128667,271.8028736114502,0,0,42
1596164968.0228667,273.6007261276245,0,0,42
1596164968.0328667,275.4013252258301,0,0,42
1596164968.0428667,277.202353477478,0,0,42
1596164968.0528667,279.00269508361816,0,0,42
1596164968.0628667,280.8022212982178,0,0,42
1596164968.0728667,282.6026916503906,0,0,42
1596164968.0828667,284.4032049179077,0,0,42
1596164968.0928667,286.20285987854004,0,0,42
1596164968.1028666,288.0025577545166,0,0,42
1596164968.1128666,289.8001527786255,0,0,42
1596164968.1228666,291.6006660461426,0,0,42
1596164968.1328666,293.4000635147095,0,0,42
1596164968.1428666,295.2022075653076,0,0,42
1596164968.1528666,296.99997425079346,0,0,42
1596164968.1628666,298.8013029098511,0,0,42
1596164968.1728666,300.60001373291016,0,0,42
1596164968.1828666,302.40164279937744,0,0,42
1596164968.1928666,304.2000961303711,0,0,42
1596164968.2028666,306.00193977355957,0,0,42
1596164968.2128665,307.80266761779785,0,0,42
1596164968.2228665,309.5997905731201,0,0,42
1596164968.2328665,311.4007329940796,0,0,42
1596164968.2428665,313.20043087005615,0,0,42
1596164968.2528665,315.00004291534424,0,0,42
1596164968.2628665,316.7997407913208,0,0,42
1596164968.2728665,318.60119819641113,0,0,42
1596164968.2828665,320.4004669189453,0,0,42
1596164968.2928665,322.2020101547241,0,0,42
1596164968.3028665,324.00290966033936,0,0,42
1596164968.3128664,325.80029010772705,0,0,42
1596164968.3228664,327.6012325286865,0,0,42
1596164968.3328664,329.40191745758057,0,0,42
1596164968.3428664,331.20311737060547,0,0,42
1596164968.3528664,333.0005407333374,0,0,42
1596164968.3628664,334.8014831542969,0,0,42
1596164968.3728664,336.60053730010986,0,0,42
1596164968.3828664,338.4024667739868,0,0,42
1596164968.3928664,340.20092010498047,0,0,42
1596164968.4028664,342.00130462646484,0,0,42
1596164968.4128664,343.7997579574585,0,0,42
1596164968.4228663,345.60190200805664,0,0,42
1596164968.4328663,347.3997974395752,0,0,42
1596164968.4428663,349.20249938964844,0,0,42
1596164968.4528663,350.9997081756592,0,0,42
1596164968.4628663,352.8022813796997,0,0,42
1596164968.4728663,354.60073471069336,0,0,42
1596164968.4828663,356.4017629623413,0,0,42
1596164968.4928663,358.2001733779907,0,0,42
1596164968.4987097,359.2514705657959,0,0
1596164968.4987097,359.77544116973877,0.002910947799682617,0
1596164968.499975,360,0.002910947799682617,1
1596164968.499975,0,0,0
1596164968.509975,1.800856590270996,0,0,42
1596164968.519975,3.6031723022460938,0,0,42
1596164968.529975,5.400552749633789,0,0,42
1596164968.539975,7.201066017150879,0,0,42
1596164968.549975,9.00054931640625,0,0,42
1596164968.559975,10.801491737365723,0,0,42
1596164968.569975,12.601017951965332,0,0,42
1596164968.579975,14.402003288269043,0,0,42
1596164968.5899749,16.200885772705078,0,0,42
1596164968.5999749,18.000497817993164,0,0,42
1596164968.6099749,19.800281524658203,0,0,42
1596164968.6199749,21.60332679748535,0,0,42
1596164968.6299748,23.403325080871582,0,0,42
1596164968.6399748,25.202465057373047,0,0,42
1596164968.6499748,27.001519203186035,0,0,42
1596164968.6599748,28.802075386047363,0,0,42
1596164968.6699748,30.60070037841797,0,0,42
1596164968.6799748,32.40142822265625,0,0,42
1596164968.6899748,34.200053215026855,0,0,42
1596164968.6999748,36.000094413757324,0,0,42
1596164968.7099748,37.80077934265137,0,0,42
1596164968.7199748,39.60163593292236,0,0,42
1596164968.7299747,41.40167713165283,0,0,42
1596164968.7399747,43.20004463195801,0,0,42
1596164968.7499747,45.00283241271973,0,0,42
1596164968.7599747,46.80047035217285,0,0,42
1596164968.7699747,48.60209941864014,0,0,42
1596164968.7799747,50.40132522583008,0,0,42
1596164968.7899747,52.20085144042969,0,0,42
1596164968.7999747,54.001922607421875,0,0,42
1596164968.8099747,55.80235004425049,0,0,42
1596164968.8199747,57.600674629211426,0,0,42
1596164968.8299747,59.401917457580566,0,0,42
1596164968.8399746,61.2019157409668,0,0,42
1596164968.8499746,63.00092697143555,0,0,42
1596164968.8599746,64.80298519134521,0,0,42
1596164968.8699746,66.60246849060059,0,0,42
1596164968.8799746,68.40002059936523,0,0,42
1596164968.8899746,70.20255088806152,0,0,42
1596164968.8999746,72.00224876403809,0,0,42
1596164968.9099746,73.80087375640869,0,0,42
1596164968.9199746,75.60327529907227,0,0,42
1596164968.9299746,77.40061283111572,0,0,42
1596164968.9399745,79.20314311981201,0,0,42
1596164968.9499745,81.00043773651123,0,0,42
1596164968.9599745,82.80133724212646,0,0,42
1596164968.9699745,84.6016788482666,0,0,42
1596164968.9799745,86.40038967132568,0,0,42
1596164968.9899745,88.20309162139893,0,0,42
1596164968.9999745,90.00124454498291,0,0,42
1596164969.0099745,91.80313110351562,0,0,42
1596164969.0199745,93.60029697418213,0,0,42
1596164969.0299745,95.40059566497803,0,0,42
1596164969.0399745,97.20089435577393,0,0,42
1596164969.0499744,99.00179386138916,0,0,42
1596164969.0599744,100.80183506011963,0,0,42
1596164969.0699744,102.6027774810791,0,0,42
1596164969.0799744,104.40084457397461,0,0,42
1596164969.0899744,106.20320320129395,0,0,42
1596164969.0999744,108.00285816192627,0,0,42
1596164969.1099744,109.80023860931396,0,0,42
1596164969.1199744,111.6022539138794,0,0,42
1596164969.1299744,113.399977684021,0,0,42
1596164969.1399744,115.201735496521,0,0,42
1596164969.1499743,116.99988842010498,0,0,42
1596164969.1599743,118.8030195236206,0,0,42
1596164969.1699743,120.60035705566406,0,0,42
1596164969.1799743,122.40284442901611,0,0,42
1596164969.1899743,124.20138359069824,0,0,42
1596164969.1999743,126.00279808044434,0,0,42
1596164969.2099743,127.80129432678223,0,0,42
1596164969.2199743,129.6009922027588,0,0,42
1596164969.2299743,131.4023208618164,0,0,42
1596164969.2399743,133.20008754730225,0,0,42
1596164969.2499743,135.00158786773682,0,0,42
1596164969.2599742,136.80240154266357,0,0,42
1596164969.2699742,138.59999656677246,0,0,42
1596164969.2799742,140.40175437927246,0,0,42
1596164969.2899742,142.20205307006836,0,0,42
1596164969.2999742,144.00042057037354,0,0,42
1596164969.3099742,145.80071926116943,0,0,42
1596164969.3199742,147.6024341583252,0,0,42
1596164969.3299742,149.39985752105713,0,0,42
1596164969.3399742,151.20307445526123,0,0,42
1596164969.3499742,153.00307273864746,0,0,42
1596164969.3599741,154.80131149291992,0,0,42
1596164969.3699741,156.60289764404297,0,0,42
1596164969.3799741,158.40147972106934,0,0,42
1596164969.389974,160.20031929016113,0,0,42
1596164969.399974,162.0031499862671,0,0,42
1596164969.409974,163.80203247070312,0,0,42
1596164969.419974,165.60100078582764,0,0,42
1596164969.429974,167.40254402160645,0,0,42
1596164969.439974,169.20073986053467,0,0,42
1596164969.449974,171.00043773651123,0,0,42
1596164969.459974,172.802152633667,0,0,42
1596164969.469974,174.60034847259521,0,0,42
1596164969.479974,176.40210628509521,0,0,42
1596164969.489974,178.20064544677734,0,0,42
1596164969.499974,180.00205993652344,0,0,42
1596164969.509974,181.8005132675171,0,0,42
1596164969.519974,183.60304355621338,0,0,42
1596164969.529974,185.40081024169922,0,0,42
1596164969.539974,187.20166683197021,0,0,42
1596164969.549974,189.0026092529297,0,0,42
1596164969.559974,190.80106258392334,0,0,42
1596164969.569974,192.60260581970215,0,0,42
1596164969.579974,194.40097332000732,0,0,42
1596164969.589974,196.20015621185303,0,0,42
1596164969.599974,198.0007553100586,0,0,42
1596164969.609974,199.8031997680664,0,0,42
1596164969.619974,201.60324096679688,0,0,42
1596164969.629974,203.4032392501831,0,0,42
1596164969.6399739,205.20203590393066,0,0,42
1596164969.6499739,207.00130462646484,0,0,42
1596164969.6599739,208.79980087280273,0,0,42
1596164969.6699739,210.60065746307373,0,0,42
1596164969.6799738,212.4018144607544,0,0,42
1596164969.6899738,214.19979572296143,0,0,42
1596164969.6999738,216.00065231323242,0,0,42
1596164969.7099738,217.80035018920898,0,0,42
1596164969.7199738,219.6024513244629,0,0,42
1596164969.7299738,221.39978885650635,0,0,42
1596164969.7399738,223.2022762298584,0,0,42
1596164969.7499738,225.00210285186768,0,0,42
1596164969.7599738,226.80313110351562,0,0,42
1596164969.7699738,228.59978199005127,0,0,42
1596164969.7799737,230.40059566497803,0,0,42
1596164969.7899737,232.20295429229736,0,0,42
1596164969.7999737,234.0026092529297,0,0,42
1596164969.8099737,235.8026933670044,0,0,42
1596164969.8199737,237.6011037826538,0,0,42
1596164969.8299737,239.40024375915527,0,0,42
1596164969.8399737,241.20255947113037,0,0,42
1596164969.8499737,243.00272941589355,0,0,42
1596164969.8599737,244.80272769927979,0,0,42
1596164969.8699737,246.6022539138794,0,0,42
1596164969.8799736,248.39989185333252,0,0,42
1596164969.8899736,250.20259380340576,0,0,42
1596164969.8999736,252.00100421905518,0,0,42
1596164969.9099736,253.8019037246704,0,0,42
1596164969.9199736,255.60267448425293,0,0,42
1596164969.9299736,257.3998832702637,0,0,42
1596164969.9399736,259.20073986053467,0,0,42
1596164969.9499736,261.002197265625,0,0,42
1596164969.9599736,262.8012943267822,0,0,42
1596164969.9699736,264.6009063720703,0,0,42
1596164969.9799736,266.4015483856201,0,0,42
1596164969.9899735,268.2018041610718,0,0,42
1596164969.9999735,270.00060081481934,0,0,42
1596164970.0099735,271.7998695373535,0,0,42
1596164970.0199735,273.6002540588379,0,0,42
1596164970.0299735,275.40128231048584,0,0,42
1596164970.0399735,277.20055103302,0,0,42
1596164970.0499735,279.002480506897,0,0,42
1596164970.0599735,280.8021354675293,0,0,42
1596164970.0699735,282.60003089904785,0,0,42
1596164970.0799735,284.4018316268921,0,0,42
1596164970.0899734,286.20208740234375,0,0,42
1596164970.0999734,288.000283241272,0,0,42
1596164970.1099734,289.8027276992798,0,0,42
1596164970.1199734,291.60027980804443,0,0,42
1596164970.1299734,293.399977684021,0,0,42
1596164970.1399734,295.2004909515381,0,0,42
1596164970.1499734,297.0013904571533,0,0,42
1596164970.1599734,298.80091667175293,0,0,42
1596164970.1699734,300.60181617736816,0,0,42
1596164970.1799734,302.4011278152466,0,0,42
1596164970.1899734,304.2010831832886,0,0,42
1596164970.1999733,306.00314140319824,0,0,42
1596164970.2099733,307.8011226654053,0,0,42
1596164970.2199733,309.60107803344727,0,0,42
1596164970.2299733,311.40021800994873,0,0,42
1596164970.2399733,313.2015895843506,0,0,42
1596164970.2499733,315.00205993652344,0,0,42
1596164970.2599733,316.80270195007324,0,0,42
1596164970.2699733,318.6000394821167,0,0,42
1596164970.2799733,320.400595664978,0,0,42
1596164970.2899733,322.20080852508545,0,0,42
1596164970.2999732,324.000506401062,0,0,42
1596164970.3099732,325.79981803894043,0,0,42
1596164970.3199732,327.60226249694824,0,0,42
1596164970.3299732,329.4023036956787,0,0,42
1596164970.3399732,331.202130317688,0,0,42
1596164970.3499732,333.00092697143555,0,0,42
1596164970.3599732,334.8022985458374,0,0,42
1596164970.3699732,336.6003227233887,0,0,42
1596164970.3799732,338.4028959274292,0,0,42
1596164970.3899732,340.1997184753418,0,0,42
1596164970.3999732,342.0021629333496,0,0,42
1596164970.4099731,343.8028049468994,0,0,42
1596164970.4199731,345.60258865356445,0,0,42
1596164970.4299731,347.4001407623291,0,0,42
1596164970.439973,349.2023277282715,0,0,42
1596164970.449973,351.00056648254395,0,0,42
1596164970.459973,352.8006935119629,0,0,42
1596164970.469973,354.6005630493164,0,0,42
1596164970.479973,356.40124797821045,0,0,42
1596164970.489973,358.2018041610718,0,0,42
1596164970.4975817,359.56921577453613,0,0
1596164970.4975817,359.87076473236084,0.001675271987915039,0
1596164970.4983113,360,0.001675271987915039,1
1596164970.4983113,0,0,0
1596164970.5083113,1.8027877807617188,0,0,42
1596164970.5183113,3.601241111755371,0,0,42
1596164970.5283113,5.401883125305176,0,0,42
1596164970.5383112,7.200636863708496,0,0,42
1596164970.5483112,9.0012788772583,0,0,42
1596164970.5583112,10.801234245300293,0,0,42
1596164970.5683112,12.602090835571289,0,0,42
1596164970.5783112,14.401874542236328,0,0,42
1596164970.5883112,16.200885772705078,0,0,42
1596164970.5983112,18.00006866455078,0,0,42
1596164970.6083112,19.80212688446045,0,0,42
1596164970.6183112,21.60010814666748,0,0,42
1596164970.6283112,23.4023380279541,0,0,42
1596164970.6383111,25.202078819274902,0,0,42
1596164970.6483111,27.003235816955566,0,0,42
1596164970.6583111,28.80117416381836,0,0,42
1596164970.668311,30.600614547729492,0,0,42
1596164970.678311,32.40112781524658,0,0,42
1596164970.688311,34.2030143737793,0,0,42
1596164970.698311,36.00022315979004,0,0,42
1596164970.708311,37.802109718322754,0,0,42
1596164970.718311,39.600090980529785,0,0,42
1596164970.728311,41.40330791473389,0,0,42
1596164970.738311,43.2008171081543,0,0,42
1596164970.748311,45.001158714294434,0,0,42
1596164970.758311,46.800856590270996,0,0,42
1596164970.768311,48.60257148742676,0,0,42
1596164970.778311,50.40132522583008,0,0,42
1596164970.788311,52.20321178436279,0,0,42
1596164970.798311,54.00063514709473,0,0,42
1596164970.808311,55.80127716064453,0,0,42
1596164970.818311,57.60028839111328,0,0,42
1596164970.828311,59.40234661102295,0,0,42
1596164970.838311,61.20187282562256,0,0,42
1596164970.848311,63.00028324127197,0,0,42
1596164970.858311,64.8011827468872,0,0,42
1596164970.868311,66.60032272338867,0,0,42
1596164970.878311,68.40014934539795,0,0,42
1596164970.888311,70.20289421081543,0,0,42
1596164970.898311,72.00267791748047,0,0,42
1596164970.908311,73.79992961883545,0,0,42
1596164970.9183109,75.60147285461426,0,0,42
1596164970.9283109,77.4010419845581,0,0,42
1596164970.9383109,79.20129776000977,0,0,42
1596164970.9483109,81.00142478942871,0,0,42
1596164970.9583108,82.80210971832275,0,0,42
1596164970.9683108,84.60017681121826,0,0,42
1596164970.9783108,86.40047550201416,0,0,42
1596164970.9883108,88.20004463195801,0,0,42
1596164970.9983108,90.0011157989502,0,0,42
1596164971.0083108,91.80072784423828,0,0,42
1596164971.0183108,93.6009407043457,0,0,42
1596164971.0283108,95.40218353271484,0,0,42
1596164971.0383108,97.20166683197021,0,0,42
1596164971.0483108,99.00157928466797,0,0,42
1596164971.0583107,100.80239295959473,0,0,42
1596164971.0683107,102.60157585144043,0,0,42
1596164971.0783107,104.39990043640137,0,0,42
1596164971.0883107,106.19994163513184,0,0,42
1596164971.0983107,108.00002574920654,0,0,42
1596164971.1083107,109.80216979980469,0,0,42
1596164971.1183107,111.60324096679688,0,0,42
1596164971.1283107,113.40096473693848,0,0,42
1596164971.1383107,115.20216464996338,0,0,42
1596164971.1483107,117.0009183883667,0,0,42
1596164971.1583107,118.8030195236206,0,0,42
1596164971.1683106,120.60258865356445,0,0,42
1596164971.1783106,122.40220069885254,0,0,42
1596164971.1883106,124.20142650604248,0,0,42
1596164971.1983106,126.00125312805176,0,0,42
1596164971.2083106,127.80073642730713,0,0,42
1596164971.2183106,129.59991931915283,0,0,42
1596164971.2283106,131.40000343322754,0,0,42
1596164971.2383106,133.20253372192383,0,0,42
1596164971.2483106,135.00197410583496,0,0,42
1596164971.2583106,136.8025302886963,0,0,42
1596164971.2683105,138.60141277313232,0,0,42
1596164971.2783105,140.40329933166504,0,0,42
1596164971.2883105,142.20170974731445,0,0,42
1596164971.2983105,144.00321006774902,0,0,42
1596164971.3083105,145.8008050918579,0,0,42
1596164971.3183105,147.60303497314453,0,0,42
1596164971.3283105,149.40290451049805,0,0,42
1596164971.3383105,151.20217323303223,0,0,42
1596164971.3483105,153.00122737884521,0,0,42
1596164971.3583105,154.8016119003296,0,0,42
1596164971.3683105,156.60165309906006,0,0,42
1596164971.3783104,158.40006351470947,0,0,42
1596164971.3883104,160.20310878753662,0,0,42
1596164971.3983104,162.0030641555786,0,0,42
1596164971.4083104,163.80151748657227,0,0,42
1596164971.4183104,165.59992790222168,0,0,42
1596164971.4283104,167.40039825439453,0,0,42
1596164971.4383104,169.20125484466553,0,0,42
1596164971.4483104,171.00065231323242,0,0,42
1596164971.4583104,172.8015947341919,0,0,42
1596164971.4683104,174.60082054138184,0,0,42
1596164971.4783103,176.40146255493164,0,0,42
1596164971.4883103,178.2026195526123,0,0,42
1596164971.4983103,180.00304698944092,0,0,42
1596164971.5083103,181.80111408233643,0,0,42
1596164971.5183103,183.6000394821167,0,0,42
1596164971.5283103,185.40308475494385,0,0,42
1596164971.5383103,187.20261096954346,0,0,42
1596164971.5483103,188.99990558624268,0,0,42
1596164971.5583103,190.80260753631592,0,0,42
1596164971.5683103,192.60144710540771,0,0,42
1596164971.5783103,194.40011501312256,0,0,42
1596164971.5883102,196.20298862457275,0,0,42
1596164971.5983102,198.0005407333374,0,0,42
1596164971.6083102,199.80247020721436,0,0,42
1596164971.6183102,201.6016960144043,0,0,42
1596164971.6283102,203.40250968933105,0,0,42
1596164971.6383102,205.20267963409424,0,0,42
1596164971.6483102,207.00246334075928,0,0,42
1596164971.6583102,208.80220413208008,0,0,42
1596164971.6683102,210.60044288635254,0,0,42
1596164971.6783102,212.40151405334473,0,0,42
1596164971.6883101,214.19983863830566,0,0,42
1596164971.6983101,216.00301265716553,0,0,42
1596164971.7083101,217.801251411438,0,0,42
1596164971.71831,219.6002197265625,0,0,42
1596164971.72831,221.40305042266846,0,0,42
1596164971.73831,223.20279121398926,0,0,42
1596164971.74831,224.99991416931152,0,0,42
1596164971.75831,226.80257320404053,0,0,42
1596164971.76831,228.60248565673828,0,0,42
1596164971.77831,230.4003381729126,0,0,42
1596164971.78831,232.20226764678955,0,0,42
1596164971.79831,234.0010643005371,0,0,42
1596164971.80831,235.80196380615234,0,0,42
1596164971.81831,237.60011672973633,0,0,42
1596164971.82831,239.40118789672852,0,0,42
1596164971.83831,241.19981288909912,0,0,42
1596164971.84831,243.00006866455078,0,0,42
1596164971.85831,244.80075359344482,0,0,42
1596164971.86831,246.60143852233887,0,0,42
1596164971.87831,248.40044975280762,0,0,42
1596164971.88831,250.20233631134033,0,0,42
1596164971.89831,252.00254917144775,0,0,42
1596164971.90831,253.80018711090088,0,0,42
1596164971.91831,255.6011724472046,0,0,42
1596164971.92831,257.40065574645996,0,0,42
1596164971.93831,259.2028856277466,0,0,42
1596164971.94831,261.0011672973633,0,0,42
1596164971.95831,262.80279636383057,0,0,42
1596164971.9683099,264.6029233932495,0,0,42
1596164971.9783099,266.40193462371826,0,0,42
1596164971.9883099,268.2026195526123,0,0,42
1596164971.9983099,270.00175952911377,0,0,42
1596164972.0083098,271.80304527282715,0,0,42
1596164972.0183098,273.60119819641113,0,0,42
1596164972.0283098,275.4008960723877,0,0,42
1596164972.0383098,277.2001647949219,0,0,42
1596164972.0483098,279.0030813217163,0,0,42
1596164972.0583098,280.8002042770386,0,0,42
1596164972.0683098,282.6008892059326,0,0,42
1596164972.0783098,284.40268993377686,0,0,42
1596164972.0883098,286.20032787323,0,0,42
1596164972.0983098,288.00015449523926,0,0,42
1596164972.1083097,289.8007535934448,0,0,42
1596164972.1183097,291.60083770751953,0,0,42
1596164972.1283097,293.40160846710205,0,0,42
1596164972.1383097,295.20134925842285,0,0,42
1596164972.1483097,297.0027208328247,0,0,42
1596164972.1583097,298.80151748657227,0,0,42
1596164972.1683097,300.60009956359863,0,0,42
1596164972.1783097,302.40031242370605,0,0,42
1596164972.1883097,304.2009115219116,0,0,42
1596164972.1983097,306.0024118423462,0,0,42
1596164972.2083097,307.8013801574707,0,0,42
1596164972.2183096,309.60240840911865,0,0,42
1596164972.2283096,311.4028787612915,0,0,42
1596164972.2383096,313.2026195526123,0,0,42
1596164972.2483096,315.0001287460327,0,0,42
1596164972.2583096,316.8000841140747,0,0,42
1596164972.2683096,318.6019277572632,0,0,42
1596164972.2783096,320.4018831253052,0,0,42
1596164972.2883096,322.2007656097412,0,0,42
1596164972.2983096,324.00067806243896,0,0,42
1596164972.3083096,325.8022212982178,0,0,42
1596164972.3183095,327.5998592376709,0,0,42
1596164972.3283095,329.40110206604004,0,0,42
1596164972.3383095,331.2029457092285,0,0,42
1596164972.3483095,333.0014419555664,0,0,42
1596164972.3583095,334.80101108551025,0,0,42
1596164972.3683095,336.60289764404297,0,0,42
1596164972.3783095,338.40238094329834,0,0,42
1596164972.3883095,340.1997184753418,0,0,42
1596164972.3983095,342.00177669525146,0,0,42
1596164972.4083095,343.80091667175293,0,0,42
1596164972.4183095,345.60125827789307,0,0,42
1596164972.4283094,347.4029731750488,0,0,42
1596164972.4383094,349.20275688171387,0,0,42
1596164972.4483094,351.0030126571655,0,0,42
1596164972.4583094,352.7999210357666,0,0,42
1596164972.4683094,354.6013355255127,0,0,42
1596164972.4783094,356.402792930603,0,0,42
1596164972.4883094,358.20257663726807,0,0,42
1596164972.4983277,360,0,1
1596164972.4983277,0,0,0
1596164972.5083277,1.8021440505981445,0,0,42
1596164972.5183277,3.6002111434936523,0,0,42
1596164972.5283277,5.403084754943848,0,0,42
1596164972.5383277,7.2005510330200195,0,0,42
1596164972.5483277,9.003381729125977,0,0,42
1596164972.5583277,10.802221298217773,0,0,42
1596164972.5683277,12.602176666259766,0,0,42
1596164972.5783277,14.402303695678711,0,0,42
1596164972.5883276,16.2033748626709,0,0,42
1596164972.5983276,18.00208568572998,0,0,42
1596164972.6083276,19.801998138427734,0,0,42
1596164972.6183276,21.601738929748535,0,0,42
1596164972.6283276,23.40341091156006,0,0,42
1596164972.6383276,25.200490951538086,0,0,42
1596164972.6483276,27.00113296508789,0,0,42
1596164972.6583276,28.80061626434326,0,0,42
1596164972.6683276,30.600485801696777,0,0,42
1596164972.6783276,32.40061283111572,0,0,42
1596164972.6883276,34.20142650604248,0,0,42
1596164972.6983275,36.00168228149414,0,0,42
1596164972.7083275,37.802324295043945,0,0,42
1596164972.7183275,39.6007776260376,0,0,42
1596164972.7283275,41.402106285095215,0,0,42
1596164972.7383275,43.20051670074463,0,0,42
1596164972.7483275,45.002617835998535,0,0,42
1596164972.7583275,46.800384521484375,0,0,42
1596164972.7683275,48.600640296936035,0,0,42
1596164972.7783275,50.40274143218994,0,0,42
1596164972.7883275,52.20252513885498,0,0,42
1596164972.7983274,54.000205993652344,0,0,42
1596164972.8083274,55.80110549926758,0,0,42
1596164972.8183274,57.60256290435791,0,0,42
1596164972.8283274,59.4010591506958,0,0,42
1596164972.8383274,61.20110034942627,0,0,42
1596164972.8483274,63.001227378845215,0,0,42
1596164972.8583274,64.80062484741211,0,0,42
1596164972.8683274,66.6022539138794,0,0,42
1596164972.8783274,68.40126514434814,0,0,42
1596164972.8883274,70.20255088806152,0,0,42
1596164972.8983274,71.99993133544922,0,0,42
1596164972.9083273,73.80095958709717,0,0,42
1596164972.9183273,75.60250282287598,0,0,42
1596164972.9283273,77.40237236022949,0,0,42
1596164972.9383273,79.20194149017334,0,0,42
1596164972.9483273,81.00211143493652,0,0,42
1596164972.9583273,82.803053855896,0,0,42
1596164972.9683273,84.60253715515137,0,0,42
1596164972.9783273,86.40026092529297,0,0,42
1596164972.9883273,88.20034503936768,0,0,42
1596164972.9983273,90.00205993652344,0,0,42
1596164973.0083272,91.80240154266357,0,0,42
1596164973.0183272,93.60270023345947,0,0,42
1596164973.0283272,95.40059566497803,0,0,42
1596164973.0383272,97.20291137695312,0,0,42
1596164973.0483272,99.00312423706055,0,0,42
1596164973.0583272,100.8021354675293,0,0,42
1596164973.0683272,102.60050296783447,0,0,42
1596164973.0783272,104.40256118774414,0,0,42
1596164973.0883272,106.20234489440918,0,0,42
1596164973.0983272,108.00062656402588,0,0,42
1596164973.1083272,109.80186939239502,0,0,42
1596164973.1183271,111.60100936889648,0,0,42
1596164973.1283271,113.4025526046753,0,0,42
1596164973.1383271,115.2000617980957,0,0,42
1596164973.148327,117.00096130371094,0,0,42
1596164973.158327,118.80164623260498,0,0,42
1596164973.168327,120.59992790222168,0,0,42
1596164973.178327,122.40172863006592,0,0,42
1596164973.188327,124.20232772827148,0,0,42
1596164973.198327,126.00082397460938,0,0,42
1596164973.208327,127.80112266540527,0,0,42
1596164973.218327,129.60120677947998,0,0,42
1596164973.228327,131.4007329940796,0,0,42
1596164973.238327,133.2008171081543,0,0,42
1596164973.248327,135.0002145767212,0,0,42
1596164973.258327,136.80325984954834,0,0,42
1596164973.268327,138.6002540588379,0,0,42
1596164973.278327,140.40042400360107,0,0,42
1596164973.288327,142.20226764678955,0,0,42
1596164973.298327,144.0020513534546,0,0,42
1596164973.308327,145.80003261566162,0,0,42
1596164973.318327,147.6000738143921,0,0,42
1596164973.328327,149.40299034118652,0,0,42
1596164973.338327,151.20092868804932,0,0,42
1596164973.348327,153.00238609313965,0,0,42
1596164973.358327,154.80053901672363,0,0,42
1596164973.368327,156.60109519958496,0,0,42
1596164973.378327,158.40238094329834,0,0,42
1596164973.388327,160.20216464996338,0,0,42
1596164973.3983269,161.99984550476074,0,0,42
1596164973.4083269,163.80284786224365,0,0,42
1596164973.4183269,165.60168743133545,0,0,42
1596164973.4283268,167.40065574645996,0,0,42
1596164973.4383268,169.20237064361572,0,0,42
1596164973.4483268,171.00172519683838,0,0,42
1596164973.4583268,172.8022813796997,0,0,42
1596164973.4683268,174.60142135620117,0,0,42
1596164973.4783268,176.40313625335693,0,0,42
1596164973.4883268,178.20201873779297,0,0,42
1596164973.4983268,180.00253200531006,0,0,42
1596164973.5083268,181.80012702941895,0,0,42
1596164973.5183268,183.60124111175537,0,0,42
1596164973.5283267,185.4020118713379,0,0,42
1596164973.5383267,187.20273971557617,0,0,42
1596164973.5483267,189.00089263916016,0,0,42
1596164973.5583267,190.80222129821777,0,0,42
1596164973.5683267,192.600417137146,0,0,42
1596164973.5783267,194.4017457962036,0,0,42
1596164973.5883267,196.20230197906494,0,0,42
1596164973.5983267,198.00139904022217,0,0,42
1596164973.6083267,199.80156898498535,0,0,42
1596164973.6183267,201.60032272338867,0,0,42
1596164973.6283267,203.399977684021,0,0,42
1596164973.6383266,205.2006196975708,0,0,42
1596164973.6483266,207.00139045715332,0,0,42
1596164973.6583266,208.8019037246704,0,0,42
1596164973.6683266,210.6015157699585,0,0,42
1596164973.6783266,212.39996910095215,0,0,42
1596164973.6883266,214.20001029968262,0,0,42
1596164973.6983266,216.003098487854,0,0,42
1596164973.7083266,217.80150890350342,0,0,42
1596164973.7183266,219.6016788482666,0,0,42
1596164973.7283266,221.40000343322754,0,0,42
1596164973.7383265,223.20090293884277,0,0,42
1596164973.7483265,225.00296115875244,0,0,42
1596164973.7583265,226.80205821990967,0,0,42
1596164973.7683265,228.59995365142822,0,0,42
1596164973.7783265,230.39990901947021,0,0,42
1596164973.7883265,232.19982147216797,0,0,42
1596164973.7983265,234.00132179260254,0,0,42
1596164973.8083265,235.80312252044678,0,0,42
1596164973.8183265,237.60196208953857,0,0,42
1596164973.8283265,239.4009304046631,0,0,42
1596164973.8383265,241.20200157165527,0,0,42
1596164973.8483264,243.00066947937012,0,0,42
1596164973.8583264,244.80225563049316,0,0,42
1596164973.8683264,246.60049438476562,0,0,42
1596164973.8783264,248.40057849884033,0,0,42
1596164973.8883264,250.20199298858643,0,0,42
1596164973.8983264,252.00229167938232,0,0,42
1596164973.9083264,253.80057334899902,0,0,42
1596164973.9183264,255.60044288635254,0,0,42
1596164973.9283264,257.401385307312,0,0,42
1596164973.9383264,259.2018985748291,0,0,42
1596164973.9483263,261.0000514984131,0,0,42
1596164973.9583263,262.80266761779785,0,0,42
1596164973.9683263,264.6000051498413,0,0,42
1596164973.9783263,266.4006471633911,0,0,42
1596164973.9883263,268.2015895843506,0,0,42
1596164973.9983263,270.0000858306885,0,0,42
1596164974.0083263,271.8024015426636,0,0,42
1596164974.0183263,273.60291481018066,0,0,42
1596164974.0283263,275.3997802734375,0,0,42
1596164974.0383263,277.2014093399048,0,0,42
1596164974.0483263,279.0030813217163,0,0,42
1596164974.0583262,280.80196380615234,0,0,42
1596164974.0683262,282.60247707366943,0,0,42
1596164974.0783262,284.39985752105713,0,0,42
1596164974.0883262,286.201229095459,0,0,42
1596164974.0983262,288.00307273864746,0,0,42
1596164974.1083262,289.80135440826416,0,0,42
1596164974.1183262,291.60027980804443,0,0,42
1596164974.1283262,293.40173721313477,0,0,42
1596164974.1383262,295.2019929885864,0,0,42
1596164974.1483262,297.0021629333496,0,0,42
1596164974.1583261,298.799843788147,0,0,42
1596164974.1683261,300.60035705566406,0,0,42
1596164974.1783261,302.4010419845581,0,0,42
1596164974.1883261,304.2018985748291,0,0,42
1596164974.198326,306.003098487854,0,0,42
1596164974.208326,307.8004789352417,0,0,42
1596164974.218326,309.5997905731201,0,0,42
1596164974.228326,311.40137672424316,0,0,42
1596164974.238326,313.2030916213989,0,0,42
1596164974.248326,315.00030040740967,0,0,42
1596164974.258326,316.8013286590576,0,0,42
1596164974.268326,318.6024856567383,0,0,42
1596164974.278326,320.4023551940918,0,0,42
1596164974.288326,322.20239639282227,0,0,42
1596164974.298326,323.9999055862427,0,0,42
1596164974.308326,325.7997751235962,0,0,42
1596164974.318326,327.602219581604,0,0,42
1596164974.328326,329.4007158279419,0,0,42
1596164974.338326,331.2026882171631,0,0,42
1596164974.348326,333.0018711090088,0,0,42
1596164974.358326,334.79976654052734,0,0,42
1596164974.368326,336.6013526916504,0,0,42
1596164974.378326,338.4014368057251,0,0,42
1596164974.388326,340.2018213272095,0,0,42
1596164974.398326,342.00263500213623,0,0,42
1596164974.408326,343.80040168762207,0,0,42
1596164974.418326,345.602331161499,0,0,42
1596164974.428326,347.40267276763916,0,0,42
1596164974.438326,349.2012119293213,0,0,42
1596164974.4483259,351.00189685821533,0,0,42
1596164974.4583259,352.80017852783203,0,0,42
1596164974.4683259,354.6015930175781,0,0,42
1596164974.4783258,356.40146255493164,0,0,42
1596164974.4883258,358.20111751556396,0,0,42
1596164974.4977927,359.9036979675293,0,0
1596164974.4977927,359.9711093902588,0.00037450790405273436,0
1596164974.4979599,360,0.00037450790405273436,1
1596164974.4979599,0,0,0
1596164974.5079598,1.8015432357788086,0,0,42
1596164974.5179598,3.602871894836426,0,0,42
1596164974.5279598,5.401711463928223,0,0,42
1596164974.5379598,7.201666831970215,0,0,42
1596164974.5479598,9.000120162963867,0,0,42
1596164974.5579598,10.802178382873535,0,0,42
1596164974.5679598,12.600030899047852,0,0,42
1596164974.5779598,14.400372505187988,0,0,42
1596164974.5879598,16.20157241821289,0,0,42
1596164974.5979598,18.00157070159912,0,0,42
1596164974.6079597,19.800667762756348,0,0,42
1596164974.6179597,21.60088062286377,0,0,42
1596164974.6279597,23.40036392211914,0,0,42
1596164974.6379597,25.200319290161133,0,0,42
1596164974.6479597,27.000446319580078,0,0,42
1596164974.6579597,28.801045417785645,0,0,42
1596164974.6679597,30.603318214416504,0,0,42
1596164974.6779597,32.40284442901611,0,0,42
1596164974.6879597,34.20185565948486,0,0,42
1596164974.6979597,36.00168228149414,0,0,42
1596164974.7079597,37.80245304107666,0,0,42
1596164974.7179596,39.602580070495605,0,0,42
1596164974.7279596,41.401591300964355,0,0,42
1596164974.7379596,43.2031774520874,0,0,42
1596164974.7479596,44.99995708465576,0,0,42
1596164974.7579596,46.80021286010742,0,0,42
1596164974.7679596,48.60175609588623,0,0,42
1596164974.7779596,50.40244102478027,0,0,42
1596164974.7879596,52.20132350921631,0,0,42
1596164974.7979596,54.00029182434082,0,0,42
1596164974.8079596,55.80282211303711,0,0,42
1596164974.8179595,57.600932121276855,0,0,42
1596164974.8279595,59.402475357055664,0,0,42
1596164974.8379595,61.20075702667236,0,0,42
1596164974.8479595,63.00105571746826,0,0,42
1596164974.8579595,64.80002403259277,0,0,42
1596164974.8679595,66.60212516784668,0,0,42
1596164974.8779595,68.40319633483887,0,0,42
1596164974.8879595,70.20276546478271,0,0,42
1596164974.8979595,72.00139045715332,0,0,42
1596164974.9079595,73.80280494689941,0,0,42
1596164974.9179595,75.60014247894287,0,0,42
1596164974.9279594,77.40022659301758,0,0,42
1596164974.9379594,79.20202732086182,0,0,42
1596164974.9479594,81.00279808044434,0,0,42
1596164974.9579594,82.80095100402832,0,0,42
1596164974.9679594,84.60090637207031,0,0,42
1596164974.9779594,86.40146255493164,0,0,42
1596164974.9879594,88.20266246795654,0,0,42
1596164974.9979594,90.00064373016357,0,0,42
1596164975.0079594,91.800856590271,0,0,42
1596164975.0179594,93.60124111175537,0,0,42
1596164975.0279593,95.40171146392822,0,0,42
1596164975.0379593,97.20269680023193,0,0,42
1596164975.0479593,99.00115013122559,0,0,42
1596164975.0579593,100.80230712890625,0,0,42
1596164975.0679593,102.60269165039062,0,0,42
1596164975.0779593,104.402174949646,0,0,42
1596164975.0879593,106.20251655578613,0,0,42
1596164975.0979593,108.00006866455078,0,0,42
1596164975.1079593,109.80053901672363,0,0,42
1596164975.1179593,111.60328388214111,0,0,42
1596164975.1279593,113.40105056762695,0,0,42
1596164975.1379592,115.20259380340576,0,0,42
1596164975.1479592,117.00061798095703,0,0,42
1596164975.1579592,118.80057334899902,0,0,42
1596164975.1679592,120.60164451599121,0,0,42
1596164975.1779592,122.40254402160645,0,0,42
1596164975.1879592,124.20052528381348,0,0,42
1596164975.1979592,126.00198268890381,0,0,42
1596164975.2079592,127.80206680297852,0,0,42
1596164975.2179592,129.60107803344727,0,0,42
1596164975.2279592,131.40326499938965,0,0,42
1596164975.2379591,133.20244789123535,0,0,42
1596164975.2479591,135.0022315979004,0,0,42
1596164975.2579591,136.80317401885986,0,0,42
1596164975.267959,138.6007261276245,0,0,42
1596164975.277959,140.4020118713379,0,0,42
1596164975.287959,142.20162391662598,0,0,42
1596164975.297959,144.00007724761963,0,0,42
1596164975.307959,145.801362991333,0,0,42
1596164975.317959,147.60015964508057,0,0,42
1596164975.327959,149.40234661102295,0,0,42
1596164975.337959,151.20255947113037,0,0,42
1596164975.347959,152.9999828338623,0,0,42
1596164975.357959,154.80041027069092,0,0,42
1596164975.367959,156.6024684906006,0,0,42
1596164975.377959,158.40002059936523,0,0,42
1596164975.387959,160.20066261291504,0,0,42
1596164975.397959,162.00078964233398,0,0,42
1596164975.407959,163.80160331726074,0,0,42
1596164975.417959,165.60215950012207,0,0,42
1596164975.427959,167.40095615386963,0,0,42
1596164975.437959,169.2030143737793,0,0,42
1596164975.447959,171.00099563598633,0,0,42
1596164975.457959,172.80052185058594,0,0,42
1596164975.467959,174.60034847259521,0,0,42
1596164975.477959,176.40154838562012,0,0,42
1596164975.487959,178.20008754730225,0,0,42
1596164975.497959,180.0032615661621,0,0,42
1596164975.507959,181.80115699768066,0,0,42
1596164975.5179589,183.60325813293457,0,0,42
1596164975.5279589,185.39990901947021,0,0,42
1596164975.5379589,187.20192432403564,0,0,42
1596164975.5479589,189.0020513534546,0,0,42
1596164975.5579588,190.80174922943115,0,0,42
1596164975.5679588,192.6018762588501,0,0,42
1596164975.5779588,194.40213203430176,0,0,42
1596164975.5879588,196.20118618011475,0,0,42
1596164975.5979588,198.00238609313965,0,0,42
1596164975.6079588,199.8020839691162,0,0,42
1596164975.6179588,201.60118103027344,0,0,42
1596164975.6279588,203.4012222290039,0,0,42
1596164975.6379588,205.2028512954712,0,0,42
1596164975.6479588,207.00151920318604,0,0,42
1596164975.6579587,208.80027294158936,0,0,42
1596164975.6679587,210.6020736694336,0,0,42
1596164975.6779587,212.40155696868896,0,0,42
1596164975.6879587,214.20108318328857,0,0,42
1596164975.6979587,216.00112438201904,0,0,42
1596164975.7079587,217.80035018920898,0,0,42
1596164975.7179587,219.6009063720703,0,0,42
1596164975.7279587,221.40262126922607,0,0,42
1596164975.7379587,223.20210456848145,0,0,42
1596164975.7479587,224.99982833862305,0,0,42
1596164975.7579587,226.8004274368286,0,0,42
1596164975.7679586,228.6002540588379,0,0,42
1596164975.7779586,230.40149688720703,0,0,42
1596164975.7879586,232.2023105621338,0,0,42
1596164975.7979586,234.00226593017578,0,0,42
1596164975.8079586,235.80196380615234,0,0,42
1596164975.8179586,237.59977340698242,0,0,42
1596164975.8279586,239.40131664276123,0,0,42
1596164975.8379586,241.20208740234375,0,0,42
1596164975.8479586,243.00084114074707,0,0,42
1596164975.8579586,244.80032444000244,0,0,42
1596164975.8679585,246.6024684906006,0,0,42
1596164975.8779585,248.40092182159424,0,0,42
1596164975.8879585,250.20044803619385,0,0,42
1596164975.8979585,251.99984550476074,0,0,42
1596164975.9079585,253.80203247070312,0,0,42
1596164975.9179585,255.60082912445068,0,0,42
1596164975.9279585,257.40190029144287,0,0,42
1596164975.9379585,259.20284271240234,0,0,42
1596164975.9479585,261.000394821167,0,0,42
1596164975.9579585,262.80065059661865,0,0,42
1596164975.9679585,264.60249423980713,0,0,42
1596164975.9779584,266.40034675598145,0,0,42
1596164975.9879584,268.2012462615967,0,0,42
1596164975.9979584,270.00085830688477,0,0,42
1596164976.0079584,271.80248737335205,0,0,42
1596164976.0179584,273.6003828048706,0,0,42
1596164976.0279584,275.4018831253052,0,0,42
1596164976.0379584,277.2011947631836,0,0,42
1596164976.0479584,279.0022659301758,0,0,42
1596164976.0579584,280.80127716064453,0,0,42
1596164976.0679584,282.60093212127686,0,0,42
1596164976.0779583,284.4002866744995,0,0,42
1596164976.0879583,286.2011432647705,0,0,42
1596164976.0979583,288.0013132095337,0,0,42
1596164976.1079583,289.80289936065674,0,0,42
1596164976.1179583,291.60130977630615,0,0,42
1596164976.1279583,293.40105056762695,0,0,42
1596164976.1379583,295.2005338668823,0,0,42
1596164976.1479583,297.0020341873169,0,0,42
1596164976.1579583,298.8010025024414,0,0,42
1596164976.1679583,300.602331161499,0,0,42
1596164976.1779583,302.39984035491943,0,0,42
1596164976.1879582,304.2009115219116,0,0,42
1596164976.1979582,306.00236892700195,0,0,42
1596164976.2079582,307.80232429504395,0,0,42
1596164976.2179582,309.6013355255127,0,0,42
1596164976.2279582,311.402792930603,0,0,42
1596164976.2379582,313.20154666900635,0,0,42
1596164976.2479582,315.00107288360596,0,0,42
1596164976.2579582,316.8027448654175,0,0,42
1596164976.2679582,318.6019706726074,0,0,42
1596164976.2779582,320.4003381729126,0,0,42
1596164976.2879581,322.2010660171509,0,0,42
1596164976.2979581,324.0014934539795,0,0,42
1596164976.3079581,325.80127716064453,0,0,42
1596164976.317958,327.60161876678467,0,0,42
1596164976.327958,329.3996858596802,0,0,42
1596164976.337958,331.20032787323,0,0,42
1596164976.347958,333.00105571746826,0,0,42
1596164976.357958,334.8009252548218,0,0,42
1596164976.367958,336.5997648239136,0,0,42
1596164976.377958,338.4024667739868,0,0,42
1596164976.387958,340.2005338668823,0,0,42
1596164976.397958,342.0001029968262,0,0,42
1596164976.407958,343.80151748657227,0,0,42
1596164976.417958,345.5997562408447,0,0,42
1596164976.427958,347.3996686935425,0,0,42
1596164976.437958,349.2027997970581,0,0,42
1596164976.447958,351.001296043396,0,0,42
1596164976.457958,352.80017852783203,0,0,42
1596164976.467958,354.6009063720703,0,0,42
1596164976.477958,356.40124797821045,0,0,42
1596164976.487958,358.20133209228516,0,0,42
1596164976.4978786,359.98536586761475,0,0
1596164976.4978786,359.9956097602844,5.6910514831542966e-05,0
1596164976.4979854,360,5.6910514831542966e-05,1
1596164976.4979854,0,0,0
1596164976.5079854,1.8007278442382812,0,0,42
1596164976.5179853,3.6020565032958984,0,0,42
1596164976.5279853,5.403041839599609,0,0,42
1596164976.5379853,7.20128059387207,0,0,42
1596164976.5479853,9.000978469848633,0,0,42
1596164976.5579853,10.802993774414062,0,0,42
1596164976.5679853,12.601962089538574,0,0,42
1596164976.5779853,14.403119087219238,0,0,42
1596164976.5879853,16.202688217163086,0,0,42
1596164976.5979853,18.001270294189453,0,0,42
1596164976.6079853,19.80212688446045,0,0,42
1596164976.6179852,21.603069305419922,0,0,42
1596164976.6279852,23.401308059692383,0,0,42
1596164976.6379852,25.20263671875,0,0,42
1596164976.6479852,27.002205848693848,0,0,42
1596164976.6579852,28.80190372467041,0,0,42
1596164976.6679852,30.600228309631348,0,0,42
1596164976.6779852,32.40297317504883,0,0,42
1596164976.6879852,34.20164108276367,0,0,42
1596164976.6979852,36.00202560424805,0,0,42
1596164976.7079852,37.80198097229004,0,0,42
1596164976.7179852,39.60064888000488,0,0,42
1596164976.7279851,41.40094757080078,0,0,42
1596164976.7379851,43.20154666900635,0,0,42
1596164976.7479851,45.000858306884766,0,0,42
1596164976.757985,46.80094242095947,0,0,42
1596164976.767985,48.600897789001465,0,0,42
1596164976.777985,50.40059566497803,0,0,42
1596164976.787985,52.20278263092041,0,0,42
1596164976.797985,54.00136470794678,0,0,42
1596164976.807985,55.80063343048096,0,0,42
1596164976.817985,57.60110378265381,0,0,42
1596164976.827985,59.402174949645996,0,0,42
1596164976.837985,61.20255947113037,0,0,42
1596164976.847985,63.00041198730469,0,0,42
1596164976.857985,64.80041027069092,0,0,42
1596164976.867985,66.6007947921753,0,0,42
1596164976.877985,68.40006351470947,0,0,42
1596164976.887985,70.20070552825928,0,0,42
1596164976.897985,72.00284957885742,0,0,42
1596164976.907985,73.80023002624512,0,0,42
1596164976.917985,75.60190200805664,0,0,42
1596164976.927985,77.40267276763916,0,0,42
1596164976.937985,79.20069694519043,0,0,42
1596164976.947985,81.0018539428711,0,0,42
1596164976.957985,82.80155181884766,0,0,42
1596164976.967985,84.6031379699707,0,0,42
1596164976.977985,86.40073299407959,0,0,42
1596164976.987985,88.20133209228516,0,0,42
1596164976.997985,90.00261783599854,0,0,42
