Type = Mirollor Strogatz (-ish),Function = Mirollor Strogatz,Refract = 0.05,Epsilon = 0.3,B = 5,Start_phase = 294
Timestamp,Phase,Offset,Ping?
1596169385,294,0,0
1596169385.01,295.79733753204346,1.6333333333333333,0,42
1596169385.02,297.5975503921509,1.6333333333333333,0,42
1596169385.03,299.3971195220947,1.6333333333333333,0,42
1596169385.04,301.1981477737427,1.6333333333333333,0,42
1596169385.05,302.9990043640137,1.6333333333333333,0,42
1596169385.06,304.79861640930176,1.6333333333333333,0,42
1596169385.07,306.5970697402954,1.6333333333333333,0,42
1596169385.08,308.39809799194336,1.6333333333333333,0,42
1596169385.09,310.19818210601807,1.6333333333333333,0,42
1596169385.1,311.998309135437,1.6333333333333333,0,42
1596169385.11,313.7965908050537,1.6333333333333333,0,42
1596169385.12,315.59770488739014,1.6333333333333333,0,42
1596169385.1299999,317.3968448638916,1.6333333333333333,0,42
1596169385.1399999,319.19830226898193,1.6333333333333333,0,42
1596169385.1499999,320.99658393859863,1.6333333333333333,0,42
1596169385.1599998,322.79859924316406,1.6333333333333333,0,42
1596169385.1699998,324.59876918792725,1.6333333333333333,0,42
1596169385.1799998,326.39760875701904,1.6333333333333333,0,42
1596169385.1899998,328.19722080230713,1.6333333333333333,0,42
1596169385.1999998,329.9972620010376,1.6333333333333333,0,42
1596169385.2099998,331.7971315383911,1.6333333333333333,0,42
1596169385.2199998,333.599232673645,1.6333333333333333,0,42
1596169385.2299998,335.39966011047363,1.6333333333333333,0,42
1596169385.2399998,337.19918632507324,1.6333333333333333,0,42
1596169385.2499998,338.9989700317383,1.6333333333333333,0,42
1596169385.2599998,340.7969083786011,1.6333333333333333,0,42
1596169385.2699997,342.5993957519531,1.6333333333333333,0,42
1596169385.2799997,344.3973340988159,1.6333333333333333,0,42
1596169385.2899997,346.1973752975464,1.6333333333333333,0,42
1596169385.2999997,347.9969873428345,1.6333333333333333,0,42
1596169385.3099997,349.79784393310547,1.6333333333333333,0,42
1596169385.3199997,351.59745597839355,1.6333333333333333,0,42
1596169385.3299997,353.3983554840088,1.6333333333333333,0,42
1596169385.3399997,355.1962938308716,1.6333333333333333,0,42
1596169385.3479698,356.6308250427246,1.6333333333333333,0
1596169385.3479698,360.0,1.6520509719848633,0
1596169385.3481317,360,1.6520509719848633,1
1596169385.3481317,0,0,0
1596169385.3581316,1.8018007278442383,0,0,42
1596169385.3681316,3.600897789001465,0,0,42
1596169385.3781316,5.40278434753418,0,0,42
1596169385.3881316,7.201838493347168,0,0,42
1596169385.3981316,9.000205993652344,0,0,42
1596169385.4081316,10.802950859069824,0,0,42
1596169385.4181316,12.602391242980957,0,0,42
1596169385.4281316,14.403376579284668,0,0,42
1596169385.4381316,16.202731132507324,0,0,42
1596169385.4481316,18.00131320953369,0,0,42
1596169385.4581316,19.800925254821777,0,0,42
1596169385.4681315,21.599979400634766,0,0,42
1596169385.4781315,23.40040683746338,0,0,42
1596169385.4881315,25.200490951538086,0,0,42
1596169385.4981315,27.002592086791992,0,0,42
1596169385.5081315,28.802976608276367,0,0,42
1596169385.5181315,30.600571632385254,0,0,42
1596169385.5281315,32.403059005737305,0,0,42
1596169385.5381315,34.20172691345215,0,0,42
1596169385.5481315,36.00026607513428,0,0,42
1596169385.5581315,37.80245304107666,0,0,42
1596169385.5681314,39.60004806518555,0,0,42
1596169385.5781314,41.403136253356934,0,0,42
1596169385.5881314,43.20197582244873,0,0,42
1596169385.5981314,45.00098705291748,0,0,42
1596169385.6081314,46.802873611450195,0,0,42
1596169385.6181314,48.600168228149414,0,0,42
1596169385.6281314,50.400896072387695,0,0,42
1596169385.6381314,52.20183849334717,0,0,42
1596169385.6481314,54.00059223175049,0,0,42
1596169385.6581314,55.80273628234863,0,0,42
1596169385.6681314,57.60179042816162,0,0,42
1596169385.6781313,59.40329074859619,0,0,42
1596169385.6881313,61.20161533355713,0,0,42
1596169385.6981313,63.001699447631836,0,0,42
1596169385.7081313,64.80221271514893,0,0,42
1596169385.7181313,66.60096645355225,0,0,42
1596169385.7281313,68.40186595916748,0,0,42
1596169385.7381313,70.20040512084961,0,0,42
1596169385.7481313,72.00113296508789,0,0,42
1596169385.7581313,73.80117416381836,0,0,42
1596169385.7681313,75.60087203979492,0,0,42
1596169385.7781312,77.40237236022949,0,0,42
1596169385.7881312,79.20138359069824,0,0,42
1596169385.7981312,81.00318431854248,0,0,42
1596169385.8081312,82.80133724212646,0,0,42
1596169385.8181312,84.60296630859375,0,0,42
1596169385.8281312,86.40266418457031,0,0,42
1596169385.8381312,88.20086002349854,0,0,42
1596169385.8481312,90.00287532806396,0,0,42
1596169385.8581312,91.80132865905762,0,0,42
1596169385.8681312,93.59991073608398,0,0,42
1596169385.8781312,95.40312767028809,0,0,42
1596169385.8881311,97.20012187957764,0,0,42
1596169385.8981311,99.00252342224121,0,0,42
1596169385.9081311,100.80239295959473,0,0,42
1596169385.918131,102.60200500488281,0,0,42
1596169385.928131,104.40208911895752,0,0,42
1596169385.938131,106.20114326477051,0,0,42
1596169385.948131,108.00122737884521,0,0,42
1596169385.958131,109.80169773101807,0,0,42
1596169385.968131,111.60122394561768,0,0,42
1596169385.978131,113.40002059936523,0,0,42
1596169385.988131,115.20079135894775,0,0,42
1596169385.998131,117.00134754180908,0,0,42
1596169386.008131,118.8003158569336,0,0,42
1596169386.018131,120.6007432937622,0,0,42
1596169386.028131,122.40056991577148,0,0,42
1596169386.038131,124.20129776000977,0,0,42
1596169386.048131,126.00112438201904,0,0,42
1596169386.058131,127.80129432678223,0,0,42
1596169386.068131,129.60030555725098,0,0,42
1596169386.078131,131.40227794647217,0,0,42
1596169386.088131,133.2015895843506,0,0,42
1596169386.098131,134.99987125396729,0,0,42
1596169386.108131,136.80291652679443,0,0,42
1596169386.118131,138.60068321228027,0,0,42
1596169386.128131,140.40050983428955,0,0,42
1596169386.138131,142.2029972076416,0,0,42
1596169386.148131,144.00290966033936,0,0,42
1596169386.158131,145.80312252044678,0,0,42
1596169386.1681309,147.6020050048828,0,0,42
1596169386.1781309,149.40264701843262,0,0,42
1596169386.1881309,151.2000274658203,0,0,42
1596169386.1981308,153.0010986328125,0,0,42
1596169386.2081308,154.80255603790283,0,0,42
1596169386.2181308,156.60075187683105,0,0,42
1596169386.2281308,158.40113639831543,0,0,42
1596169386.2381308,160.2011775970459,0,0,42
1596169386.2481308,162.0018196105957,0,0,42
1596169386.2581308,163.80108833312988,0,0,42
1596169386.2681308,165.60250282287598,0,0,42
1596169386.2781308,167.4014711380005,0,0,42
1596169386.2881308,169.2032289505005,0,0,42
1596169386.2981308,171.00013732910156,0,0,42
1596169386.3081307,172.802152633667,0,0,42
1596169386.3181307,174.603009223938,0,0,42
1596169386.3281307,176.40137672424316,0,0,42
1596169386.3381307,178.20244789123535,0,0,42
1596169386.3481307,179.99995708465576,0,0,42
1596169386.3581307,181.8025302886963,0,0,42
1596169386.3681307,183.60312938690186,0,0,42
1596169386.3781307,185.40098190307617,0,0,42
1596169386.3881307,187.20123767852783,0,0,42
1596169386.3981307,189.00119304656982,0,0,42
1596169386.4081306,190.80273628234863,0,0,42
1596169386.4181306,192.60050296783447,0,0,42
1596169386.4281306,194.39998626708984,0,0,42
1596169386.4381306,196.20062828063965,0,0,42
1596169386.4481306,198.00302982330322,0,0,42
1596169386.4581306,199.80199813842773,0,0,42
1596169386.4681306,201.60212516784668,0,0,42
1596169386.4781306,203.4003210067749,0,0,42
1596169386.4881306,205.20190715789795,0,0,42
1596169386.4981306,207.00096130371094,0,0,42
1596169386.5081306,208.8026762008667,0,0,42
1596169386.5181305,210.60215950012207,0,0,42
1596169386.5281305,212.3997974395752,0,0,42
1596169386.5381305,214.20237064361572,0,0,42
1596169386.5481305,216.00026607513428,0,0,42
1596169386.5581305,217.80155181884766,0,0,42
1596169386.5681305,219.60215091705322,0,0,42
1596169386.5781305,221.4025354385376,0,0,42
1596169386.5881305,223.2029628753662,0,0,42
1596169386.5981305,225.00008583068848,0,0,42
1596169386.6081305,226.80167198181152,0,0,42
1596169386.6181304,228.60257148742676,0,0,42
1596169386.6281304,230.4026985168457,0,0,42
1596169386.6381304,232.19995021820068,0,0,42
1596169386.6481304,234.0010643005371,0,0,42
1596169386.6581304,235.80217838287354,0,0,42
1596169386.6681304,237.60307788848877,0,0,42
1596169386.6781304,239.40144538879395,0,0,42
1596169386.6881304,241.20071411132812,0,0,42
1596169386.6981304,243.00195693969727,0,0,42
1596169386.7081304,244.80212688446045,0,0,42
1596169386.7181304,246.60143852233887,0,0,42
1596169386.7281303,248.40276718139648,0,0,42
1596169386.7381303,250.20079135894775,0,0,42
1596169386.7481303,252.00280666351318,0,0,42
1596169386.7581303,253.80237579345703,0,0,42
1596169386.7681303,255.60087203979492,0,0,42
1596169386.7781303,257.400484085083,0,0,42
1596169386.7881303,259.20185565948486,0,0,42
1596169386.7981303,261.0027551651001,0,0,42
1596169386.8081303,262.7997922897339,0,0,42
1596169386.8181303,264.6002197265625,0,0,42
1596169386.8281302,266.40034675598145,0,0,42
1596169386.8381302,268.2010316848755,0,0,42
1596169386.8481302,270.00240325927734,0,0,42
1596169386.8581302,271.80150032043457,0,0,42
1596169386.8681302,273.5999536514282,0,0,42
1596169386.8781302,275.40175437927246,0,0,42
1596169386.8881302,277.1999502182007,0,0,42
1596169386.8981302,278.9999485015869,0,0,42
1596169386.9081302,280.80243587493896,0,0,42
1596169386.9181302,282.6006746292114,0,0,42
1596169386.9281301,284.4007158279419,0,0,42
1596169386.9381301,286.20264530181885,0,0,42
1596169386.9481301,288.00049781799316,0,0,42
1596169386.9581301,289.80212688446045,0,0,42
1596169386.96813,291.6002368927002,0,0,42
1596169386.97813,293.4021234512329,0,0,42
1596169386.98813,295.20100593566895,0,0,42
1596169386.99813,297.0023775100708,0,0,42
1596169387.00813,298.80250453948975,0,0,42
1596169387.01813,300.602502822876,0,0,42
1596169387.02813,302.39984035491943,0,0,42
1596169387.03813,304.20129776000977,0,0,42
1596169387.04813,306.0009527206421,0,0,42
1596169387.05813,307.80009269714355,0,0,42
1596169387.06813,309.5997476577759,0,0,42
1596169387.07813,311.40159130096436,0,0,42
1596169387.08813,313.2002592086792,0,0,42
1596169387.09813,315.00025749206543,0,0,42
1596169387.10813,316.8031311035156,0,0,42
1596169387.11813,318.6025285720825,0,0,42
1596169387.12813,320.40085315704346,0,0,42
1596169387.13813,322.1999502182007,0,0,42
1596169387.14813,324.0023946762085,0,0,42
1596169387.15813,325.80029010772705,0,0,42
1596169387.16813,327.6025629043579,0,0,42
1596169387.17813,329.4015312194824,0,0,42
1596169387.18813,331.2014436721802,0,0,42
1596169387.19813,333.00225734710693,0,0,42
1596169387.20813,334.8009252548218,0,0,42
1596169387.2181299,336.6030693054199,0,0,42
1596169387.2281299,338.40027809143066,0,0,42
1596169387.2381299,340.20212173461914,0,0,42
1596169387.2481298,342.00096130371094,0,0,42
1596169387.2581298,343.8024616241455,0,0,42
1596169387.2681298,345.6020736694336,0,0,42
1596169387.2781298,347.4015140533447,0,0,42
1596169387.2881298,349.20194149017334,0,0,42
1596169387.2981298,351.00271224975586,0,0,42
1596169387.3081298,352.8000497817993,0,0,42
1596169387.3181298,354.6030521392822,0,0,42
1596169387.3281298,356.40047550201416,0,0,42
1596169387.3381298,358.2002592086792,0,0,42
1596169387.3481455,360,0,1
1596169387.3481455,0,0,0
1596169387.3581455,1.8032169342041016,0,0,42
1596169387.3681455,3.6013269424438477,0,0,42
1596169387.3781455,5.402355194091797,0,0,42
1596169387.3881454,7.202568054199219,0,0,42
1596169387.3981454,9.001450538635254,0,0,42
1596169387.4081454,10.802478790283203,0,0,42
1596169387.4181454,12.600545883178711,0,0,42
1596169387.4281454,14.401788711547852,0,0,42
1596169387.4381454,16.20213031768799,0,0,42
1596169387.4481454,18.00006866455078,0,0,42
1596169387.4581454,19.800281524658203,0,0,42
1596169387.4681454,21.6025972366333,0,0,42
1596169387.4781454,23.401479721069336,0,0,42
1596169387.4881454,25.20310878753662,0,0,42
1596169387.4981453,27.00014591217041,0,0,42
1596169387.5081453,28.80241870880127,0,0,42
1596169387.5181453,30.602588653564453,0,0,42
1596169387.5281453,32.40001201629639,0,0,42
1596169387.5381453,34.200825691223145,0,0,42
1596169387.5481453,36.00065231323242,0,0,42
1596169387.5581453,37.80052185058594,0,0,42
1596169387.5681453,39.602580070495605,0,0,42
1596169387.5781453,41.402878761291504,0,0,42
1596169387.5881453,43.200345039367676,0,0,42
1596169387.5981452,45.00068664550781,0,0,42
1596169387.6081452,46.800899505615234,0,0,42
1596169387.6181452,48.603386878967285,0,0,42
1596169387.6281452,50.4023551940918,0,0,42
1596169387.6381452,52.20325469970703,0,0,42
1596169387.6481452,54.0007209777832,0,0,42
1596169387.6581452,55.803422927856445,0,0,42
1596169387.6681452,57.60337829589844,0,0,42
1596169387.6781452,59.400672912597656,0,0,42
1596169387.6881452,61.200456619262695,0,0,42
1596169387.6981452,63.00187110900879,0,0,42
1596169387.7081451,64.80212688446045,0,0,42
1596169387.7181451,66.60272598266602,0,0,42
1596169387.7281451,68.40100765228271,0,0,42
1596169387.738145,70.20237922668457,0,0,42
1596169387.748145,72.00061798095703,0,0,42
1596169387.758145,73.80160331726074,0,0,42
1596169387.768145,75.60211658477783,0,0,42
1596169387.778145,77.40056991577148,0,0,42
1596169387.788145,79.20095443725586,0,0,42
1596169387.798145,81.00224018096924,0,0,42
1596169387.808145,82.80275344848633,0,0,42
1596169387.818145,84.60004806518555,0,0,42
1596169387.828145,86.4019775390625,0,0,42
1596169387.838145,88.20167541503906,0,0,42
1596169387.848145,90.000901222229,0,0,42
1596169387.858145,91.800856590271,0,0,42
1596169387.868145,93.60167026519775,0,0,42
1596169387.878145,95.40304183959961,0,0,42
1596169387.888145,97.20201015472412,0,0,42
1596169387.898145,99.00299549102783,0,0,42
1596169387.908145,100.800461769104,0,0,42
1596169387.918145,102.6009750366211,0,0,42
1596169387.928145,104.40011501312256,0,0,42
1596169387.938145,106.2031602859497,0,0,42
1596169387.948145,108.00114154815674,0,0,42
1596169387.958145,109.80212688446045,0,0,42
1596169387.968145,111.60075187683105,0,0,42
1596169387.978145,113.40212345123291,0,0,42
1596169387.9881449,115.20049095153809,0,0,42
1596169387.9981449,117.00276374816895,0,0,42
1596169388.0081449,118.8030195236206,0,0,42
1596169388.0181448,120.60134410858154,0,0,42
1596169388.0281448,122.40031242370605,0,0,42
1596169388.0381448,124.20314311981201,0,0,42
1596169388.0481448,126.00296974182129,0,0,42
1596169388.0581448,127.80065059661865,0,0,42
1596169388.0681448,129.6025800704956,0,0,42
1596169388.0781448,131.40026092529297,0,0,42
1596169388.0881448,133.20184707641602,0,0,42
1596169388.0981448,135.00008583068848,0,0,42
1596169388.1081448,136.8005132675171,0,0,42
1596169388.1181448,138.6023998260498,0,0,42
1596169388.1281447,140.40141105651855,0,0,42
1596169388.1381447,142.20291137695312,0,0,42
1596169388.1481447,144.00024890899658,0,0,42
1596169388.1581447,145.80153465270996,0,0,42
1596169388.1681447,147.5999879837036,0,0,42
1596169388.1781447,149.4023895263672,0,0,42
1596169388.1881447,151.20118618011475,0,0,42
1596169388.1981447,153.00036907196045,0,0,42
1596169388.2081447,154.80036735534668,0,0,42
1596169388.2181447,156.60066604614258,0,0,42
1596169388.2281446,158.40006351470947,0,0,42
1596169388.2381446,160.20237922668457,0,0,42
1596169388.2481446,162.0031499862671,0,0,42
1596169388.2581446,163.80276203155518,0,0,42
1596169388.2681446,165.6015157699585,0,0,42
1596169388.2781446,167.40288734436035,0,0,42
1596169388.2881446,169.20146942138672,0,0,42
1596169388.2981446,171.00292682647705,0,0,42
1596169388.3081446,172.80301094055176,0,0,42
1596169388.3181446,174.60013389587402,0,0,42
1596169388.3281446,176.40150547027588,0,0,42
1596169388.3381445,178.2024908065796,0,0,42
1596169388.3481445,180.0,0,0,42
1596169388.3581445,181.8023157119751,0,0,42
1596169388.3681445,183.6007261276245,0,0,42
1596169388.3781445,185.4019260406494,0,0,42
1596169388.3881445,187.2022247314453,0,0,42
1596169388.3981445,189.00110721588135,0,0,42
1596169388.4081445,190.80093383789062,0,0,42
1596169388.4181445,192.6020050048828,0,0,42
1596169388.4281445,194.39990043640137,0,0,42
1596169388.4381444,196.20092868804932,0,0,42
1596169388.4481444,198.0027723312378,0,0,42
1596169388.4581444,199.8016119003296,0,0,42
1596169388.4681444,201.60122394561768,0,0,42
1596169388.4781444,203.40139389038086,0,0,42
1596169388.4881444,205.20066261291504,0,0,42
1596169388.4981444,207.00117588043213,0,0,42
1596169388.5081444,208.80091667175293,0,0,42
1596169388.5181444,210.60177326202393,0,0,42
1596169388.5281444,212.4008274078369,0,0,42
1596169388.5381444,214.20254230499268,0,0,42
1596169388.5481443,216.00215435028076,0,0,42
1596169388.5581443,217.80258178710938,0,0,42
1596169388.5681443,219.59983348846436,0,0,42
1596169388.5781443,221.40116214752197,0,0,42
1596169388.5881443,223.20073127746582,0,0,42
1596169388.5981443,225.00008583068848,0,0,42
1596169388.6081443,226.80004119873047,0,0,42
1596169388.6181443,228.6021852493286,0,0,42
1596169388.6281443,230.40115356445312,0,0,42
1596169388.6381443,232.2004222869873,0,0,42
1596169388.6481442,234.00153636932373,0,0,42
1596169388.6581442,235.80217838287354,0,0,42
1596169388.6681442,237.6018762588501,0,0,42
1596169388.6781442,239.40191745758057,0,0,42
1596169388.6881442,241.20238780975342,0,0,42
1596169388.6981442,243.0013132095337,0,0,42
1596169388.7081442,244.80019569396973,0,0,42
1596169388.7181442,246.60015106201172,0,0,42
1596169388.7281442,248.399977684021,0,0,42
1596169388.7381442,250.20092010498047,0,0,42
1596169388.7481441,252.00096130371094,0,0,42
1596169388.7581441,253.8019895553589,0,0,42
1596169388.7681441,255.60245990753174,0,0,42
1596169388.7781441,257.40108489990234,0,0,42
1596169388.788144,259.1999673843384,0,0,42
1596169388.798144,261.0007381439209,0,0,42
1596169388.808144,262.8019380569458,0,0,42
1596169388.818144,264.6030521392822,0,0,42
1596169388.828144,266.40047550201416,0,0,42
1596169388.838144,268.20300579071045,0,0,42
1596169388.848144,270.0013303756714,0,0,42
1596169388.858144,271.8021011352539,0,0,42
1596169388.868144,273.60265731811523,0,0,42
1596169388.878144,275.4005527496338,0,0,42
1596169388.888144,277.2031259536743,0,0,42
1596169388.898144,278.99977684020996,0,0,42
1596169388.908144,280.8031225204468,0,0,42
1596169388.918144,282.60080337524414,0,0,42
1596169388.928144,284.4014883041382,0,0,42
1596169388.938144,286.2017011642456,0,0,42
1596169388.948144,288.0031156539917,0,0,42
1596169388.958144,289.80169773101807,0,0,42
1596169388.968144,291.6006660461426,0,0,42
1596169388.978144,293.4022521972656,0,0,42
1596169388.988144,295.20302295684814,0,0,42
1596169388.998144,297.00267791748047,0,0,42
1596169389.008144,298.80293369293213,0,0,42
1596169389.018144,300.6018590927124,0,0,42
1596169389.028144,302.40018367767334,0,0,42
1596169389.0381439,304.2015552520752,0,0,42
1596169389.0481439,306.0017681121826,0,0,42
1596169389.0581439,307.80043601989746,0,0,42
1596169389.0681438,309.603009223938,0,0,42
1596169389.0781438,311.4019775390625,0,0,42
1596169389.0881438,313.20266246795654,0,0,42
1596169389.0981438,315.00025749206543,0,0,42
1596169389.1081438,316.8011999130249,0,0,42
1596169389.1181438,318.6003828048706,0,0,42
1596169389.1281438,320.40218353271484,0,0,42
1596169389.1381438,322.2029113769531,0,0,42
1596169389.1481438,324.0020513534546,0,0,42
1596169389.1581438,325.8014488220215,0,0,42
1596169389.1681437,327.6025629043579,0,0,42
1596169389.1781437,329.39985752105713,0,0,42
1596169389.1881437,331.2026882171631,0,0,42
1596169389.1981437,333.000283241272,0,0,42
1596169389.2081437,334.8009252548218,0,0,42
1596169389.2181437,336.60289764404297,0,0,42
1596169389.2281437,338.3998489379883,0,0,42
1596169389.2381437,340.2012634277344,0,0,42
1596169389.2481437,341.9999313354492,0,0,42
1596169389.2581437,343.79992961883545,0,0,42
1596169389.2681437,345.60301780700684,0,0,42
1596169389.2781436,347.40185737609863,0,0,42
1596169389.2881436,349.2012119293213,0,0,42
1596169389.2981436,351.00193977355957,0,0,42
1596169389.3081436,352.8024101257324,0,0,42
1596169389.3181436,354.60107803344727,0,0,42
1596169389.3281436,356.4026212692261,0,0,42
1596169389.3381436,358.2015037536621,0,0,42
1596169389.348147,360,0,1
1596169389.348147,0,0,0
1596169389.358147,1.802358627319336,0,0,42
1596169389.368147,3.6023569107055664,0,0,42
1596169389.378147,5.401153564453125,0,0,42
1596169389.3881469,7.202138900756836,0,0,42
1596169389.3981469,9.001922607421875,0,0,42
1596169389.4081469,10.80179214477539,0,0,42
1596169389.4181468,12.601404190063477,0,0,42
1596169389.4281468,14.401359558105469,0,0,42
1596169389.4381468,16.202430725097656,0,0,42
1596169389.4481468,18.00157070159912,0,0,42
1596169389.4581468,19.800710678100586,0,0,42
1596169389.4681468,21.602940559387207,0,0,42
1596169389.4781468,23.400535583496094,0,0,42
1596169389.4881468,25.200834274291992,0,0,42
1596169389.4981468,27.001733779907227,0,0,42
1596169389.5081468,28.801774978637695,0,0,42
1596169389.5181468,30.602717399597168,0,0,42
1596169389.5281467,32.40262985229492,0,0,42
1596169389.5381467,34.20142650604248,0,0,42
1596169389.5481467,36.002798080444336,0,0,42
1596169389.5581467,37.8033971786499,0,0,42
1596169389.5681467,39.602365493774414,0,0,42
1596169389.5781467,41.40094757080078,0,0,42
1596169389.5881467,43.20197582244873,0,0,42
1596169389.5981467,45.00270366668701,0,0,42
1596169389.6081467,46.802358627319336,0,0,42
1596169389.6181467,48.59995365142822,0,0,42
1596169389.6281466,50.4012393951416,0,0,42
1596169389.6381466,52.2029972076416,0,0,42
1596169389.6481466,54.00248050689697,0,0,42
1596169389.6581466,55.80110549926758,0,0,42
1596169389.6681466,57.60140419006348,0,0,42
1596169389.6781466,59.40230369567871,0,0,42
1596169389.6881466,61.20208740234375,0,0,42
1596169389.6981466,63.00191402435303,0,0,42
1596169389.7081466,64.80281352996826,0,0,42
1596169389.7181466,66.60096645355225,0,0,42
1596169389.7281466,68.4012222290039,0,0,42
1596169389.7381465,70.20199298858643,0,0,42
1596169389.7481465,72.00194835662842,0,0,42
1596169389.7581465,73.80035877227783,0,0,42
1596169389.7681465,75.60194492340088,0,0,42
1596169389.7781465,77.40095615386963,0,0,42
1596169389.7881465,79.20310020446777,0,0,42
1596169389.7981465,81.00022315979004,0,0,42
1596169389.8081465,82.80326843261719,0,0,42
1596169389.8181465,84.60270881652832,0,0,42
1596169389.8281465,86.40043258666992,0,0,42
1596169389.8381464,88.20313453674316,0,0,42
1596169389.8481464,90.00064373016357,0,0,42
1596169389.8581464,91.8028736114502,0,0,42
1596169389.8681464,93.60106945037842,0,0,42
1596169389.8781464,95.40231227874756,0,0,42
1596169389.8881464,97.19990730285645,0,0,42
1596169389.8981464,98.99994850158691,0,0,42
1596169389.9081464,100.80059051513672,0,0,42
1596169389.9181464,102.60024547576904,0,0,42
1596169389.9281464,104.40200328826904,0,0,42
1596169389.9381464,106.2017011642456,0,0,42
1596169389.9481463,108.00045490264893,0,0,42
1596169389.9581463,109.80010986328125,0,0,42
1596169389.9681463,111.60264015197754,0,0,42
1596169389.9781463,113.40019226074219,0,0,42
1596169389.9881463,115.20014762878418,0,0,42
1596169389.9981463,116.99997425079346,0,0,42
1596169390.0081463,118.80160331726074,0,0,42
1596169390.0181463,120.60237407684326,0,0,42
1596169390.0281463,122.40078449249268,0,0,42
1596169390.0381463,124.20104026794434,0,0,42
1596169390.0481462,126.00215435028076,0,0,42
1596169390.0581462,127.80069351196289,0,0,42
1596169390.0681462,129.6016788482666,0,0,42
1596169390.0781462,131.40099048614502,0,0,42
1596169390.0881462,133.2024049758911,0,0,42
1596169390.0981462,135.0023603439331,0,0,42
1596169390.1081462,136.8009853363037,0,0,42
1596169390.1181462,138.60222816467285,0,0,42
1596169390.1281462,140.40244102478027,0,0,42
1596169390.1381462,142.20072269439697,0,0,42
1596169390.1481462,144.00020599365234,0,0,42
1596169390.1581461,145.79998970031738,0,0,42
1596169390.1681461,147.60093212127686,0,0,42
1596169390.1781461,149.3999433517456,0,0,42
1596169390.188146,151.20122909545898,0,0,42
1596169390.198146,153.00302982330322,0,0,42
1596169390.208146,154.80101108551025,0,0,42
1596169390.218146,156.6003656387329,0,0,42
1596169390.228146,158.39984893798828,0,0,42
1596169390.238146,160.20263671875,0,0,42
1596169390.248146,162.0003604888916,0,0,42
1596169390.258146,163.80070209503174,0,0,42
1596169390.268146,165.6024169921875,0,0,42
1596169390.278146,167.40207195281982,0,0,42
1596169390.288146,169.203143119812,0,0,42
1596169390.298146,171.00000858306885,0,0,42
1596169390.308146,172.80099391937256,0,0,42
1596169390.318146,174.6023654937744,0,0,42
1596169390.328146,176.40227794647217,0,0,42
1596169390.338146,178.20188999176025,0,0,42
1596169390.348146,180.00163078308105,0,0,42
1596169390.358146,181.8028736114502,0,0,42
1596169390.368146,183.6028289794922,0,0,42
1596169390.378146,185.4015827178955,0,0,42
1596169390.388146,187.20093727111816,0,0,42
1596169390.398146,189.00007724761963,0,0,42
1596169390.408146,190.80200672149658,0,0,42
1596169390.418146,192.60196208953857,0,0,42
1596169390.428146,194.40290451049805,0,0,42
1596169390.4381459,196.20084285736084,0,0,42
1596169390.4481459,198.00135612487793,0,0,42
1596169390.4581459,199.80045318603516,0,0,42
1596169390.4681458,201.60139560699463,0,0,42
1596169390.4781458,203.40130805969238,0,0,42
1596169390.4881458,205.2009630203247,0,0,42
1596169390.4981458,207.00246334075928,0,0,42
1596169390.5081458,208.7999725341797,0,0,42
1596169390.5181458,210.5998420715332,0,0,42
1596169390.5281458,212.40314483642578,0,0,42
1596169390.5381458,214.20305728912354,0,0,42
1596169390.5481458,216.00000858306885,0,0,42
1596169390.5581458,217.80120849609375,0,0,42
1596169390.5681458,219.60197925567627,0,0,42
1596169390.5781457,221.39991760253906,0,0,42
1596169390.5881457,223.20098876953125,0,0,42
1596169390.5981457,225.0011157989502,0,0,42
1596169390.6081457,226.8009853363037,0,0,42
1596169390.6181457,228.60252857208252,0,0,42
1596169390.6281457,230.40287017822266,0,0,42
1596169390.6381457,232.20269680023193,0,0,42
1596169390.6481457,234.00226593017578,0,0,42
1596169390.6581457,235.80140590667725,0,0,42
1596169390.6681457,237.60183334350586,0,0,42
1596169390.6781456,239.3998146057129,0,0,42
1596169390.6881456,241.20174407958984,0,0,42
1596169390.6981456,243.00028324127197,0,0,42
1596169390.7081456,244.8028564453125,0,0,42
1596169390.7181456,246.6005802154541,0,0,42
1596169390.7281456,248.40186595916748,0,0,42
1596169390.7381456,250.20044803619385,0,0,42
1596169390.7481456,252.00310707092285,0,0,42
1596169390.7581456,253.80186080932617,0,0,42
1596169390.7681456,255.60065746307373,0,0,42
1596169390.7781456,257.4023723602295,0,0,42
1596169390.7881455,259.1999673843384,0,0,42
1596169390.7981455,261.00249767303467,0,0,42
1596169390.8081455,262.80245304107666,0,0,42
1596169390.8181455,264.6027088165283,0,0,42
1596169390.8281455,266.4005184173584,0,0,42
1596169390.8381455,268.20133209228516,0,0,42
1596169390.8481455,270.002703666687,0,0,42
1596169390.8581455,271.8021011352539,0,0,42
1596169390.8681455,273.60033988952637,0,0,42
1596169390.8781455,275.40205478668213,0,0,42
1596169390.8881454,277.20158100128174,0,0,42
1596169390.8981454,279.00278091430664,0,0,42
1596169390.9081454,280.80209255218506,0,0,42
1596169390.9181454,282.5999879837036,0,0,42
1596169390.9281454,284.4004154205322,0,0,42
1596169390.9381454,286.19985580444336,0,0,42
1596169390.9481454,288.0017423629761,0,0,42
1596169390.9581454,289.79976654052734,0,0,42
1596169390.9681454,291.60233974456787,0,0,42
1596169390.9781454,293.4015655517578,0,0,42
1596169390.9881454,295.19976139068604,0,0,42
1596169390.9981453,297.0009183883667,0,0,42
1596169391.0081453,298.801646232605,0,0,42
1596169391.0181453,300.60267448425293,0,0,42
1596169391.0281453,302.40164279937744,0,0,42
1596169391.0381453,304.1997957229614,0,0,42
1596169391.0481453,306.00305557250977,0,0,42
1596169391.0581453,307.8025817871094,0,0,42
1596169391.0681453,309.6022367477417,0,0,42
1596169391.0781453,311.40193462371826,0,0,42
1596169391.0881453,313.20077419281006,0,0,42
1596169391.0981452,314.9998712539673,0,0,42
1596169391.1081452,316.80102825164795,0,0,42
1596169391.1181452,318.6027431488037,0,0,42
1596169391.1281452,320.39973735809326,0,0,42
1596169391.1381452,322.19977855682373,0,0,42
1596169391.1481452,324.0014934539795,0,0,42
1596169391.1581452,325.801362991333,0,0,42
1596169391.1681452,327.6002883911133,0,0,42
1596169391.1781452,329.40144538879395,0,0,42
1596169391.1881452,331.2004566192627,0,0,42
1596169391.1981452,333.0018711090088,0,0,42
1596169391.2081451,334.80289936065674,0,0,42
1596169391.2181451,336.600022315979,0,0,42
1596169391.2281451,338.4016513824463,0,0,42
1596169391.238145,340.20010471343994,0,0,42
1596169391.248145,342.0022916793823,0,0,42
1596169391.258145,343.80151748657227,0,0,42
1596169391.268145,345.60035705566406,0,0,42
1596169391.278145,347.3999261856079,0,0,42
1596169391.288145,349.2025423049927,0,0,42
1596169391.298145,350.99979400634766,0,0,42
1596169391.308145,352.80099391937256,0,0,42
1596169391.318145,354.60082054138184,0,0,42
1596169391.328145,356.40223503112793,0,0,42
1596169391.338145,358.2022762298584,0,0,42
1596169391.3481538,360,0,1
1596169391.3481538,0,0,0
1596169391.3581538,1.8025732040405273,0,0,42
1596169391.3681538,3.6011552810668945,0,0,42
1596169391.3781538,5.402483940124512,0,0,42
1596169391.3881538,7.202696800231934,0,0,42
1596169391.3981538,9.000248908996582,0,0,42
1596169391.4081538,10.80106258392334,0,0,42
1596169391.4181538,12.600202560424805,0,0,42
1596169391.4281538,14.399986267089844,0,0,42
1596169391.4381537,16.200714111328125,0,0,42
1596169391.4481537,18.002042770385742,0,0,42
1596169391.4581537,19.80109691619873,0,0,42
1596169391.4681537,21.6025972366333,0,0,42
1596169391.4781537,23.402938842773438,0,0,42
1596169391.4881537,25.202722549438477,0,0,42
1596169391.4981537,27.002034187316895,0,0,42
1596169391.5081537,28.801989555358887,0,0,42
1596169391.5181537,30.600829124450684,0,0,42
1596169391.5281537,32.40134239196777,0,0,42
1596169391.5381536,34.201297760009766,0,0,42
1596169391.5481536,36.000094413757324,0,0,42
1596169391.5581536,37.80275344848633,0,0,42
1596169391.5681536,39.60189342498779,0,0,42
1596169391.5781536,41.40021800994873,0,0,42
1596169391.5881536,43.20094585418701,0,0,42
1596169391.5981536,45.00068664550781,0,0,42
1596169391.6081536,46.80253028869629,0,0,42
1596169391.6181536,48.6029577255249,0,0,42
1596169391.6281536,50.40059566497803,0,0,42
1596169391.6381536,52.202439308166504,0,0,42
1596169391.6481535,54.00321006774902,0,0,42
1596169391.6581535,55.80209255218506,0,0,42
1596169391.6681535,57.60123252868652,0,0,42
1596169391.6781535,59.40088748931885,0,0,42
1596169391.6881535,61.201744079589844,0,0,42
1596169391.6981535,63.00088405609131,0,0,42
1596169391.7081535,64.80071067810059,0,0,42
1596169391.7181535,66.60264015197754,0,0,42
1596169391.7281535,68.40023517608643,0,0,42
1596169391.7381535,70.20014762878418,0,0,42
1596169391.7481534,72.00302124023438,0,0,42
1596169391.7581534,73.80246162414551,0,0,42
1596169391.7681534,75.60190200805664,0,0,42
1596169391.7781534,77.40185737609863,0,0,42
1596169391.7881534,79.20194149017334,0,0,42
1596169391.7981534,81.00305557250977,0,0,42
1596169391.8081534,82.80077934265137,0,0,42
1596169391.8181534,84.60150718688965,0,0,42
1596169391.8281534,86.40017509460449,0,0,42
1596169391.8381534,88.20253372192383,0,0,42
1596169391.8481534,90.00317573547363,0,0,42
1596169391.8581533,91.80274486541748,0,0,42
1596169391.8681533,93.60214233398438,0,0,42
1596169391.8781533,95.40226936340332,0,0,42
1596169391.8881533,97.2009801864624,0,0,42
1596169391.8981533,99.00132179260254,0,0,42
1596169391.9081533,100.80127716064453,0,0,42
1596169391.9181533,102.60007381439209,0,0,42
1596169391.9281533,104.40238952636719,0,0,42
1596169391.9381533,106.20049953460693,0,0,42
1596169391.9481533,108.00260066986084,0,0,42
1596169391.9581532,109.80032444000244,0,0,42
1596169391.9681532,111.6007947921753,0,0,42
1596169391.9781532,113.40156555175781,0,0,42
1596169391.9881532,115.20147800445557,0,0,42
1596169391.9981532,117.00121879577637,0,0,42
1596169392.0081532,118.80147457122803,0,0,42
1596169392.0181532,120.60288906097412,0,0,42
1596169392.0281532,122.40078449249268,0,0,42
1596169392.0381532,124.20082569122314,0,0,42
1596169392.0481532,126.00142478942871,0,0,42
1596169392.0581532,127.80331134796143,0,0,42
1596169392.0681531,129.60129261016846,0,0,42
1596169392.0781531,131.40223503112793,0,0,42
1596169392.0881531,133.20184707641602,0,0,42
1596169392.098153,135.0023603439331,0,0,42
1596169392.108153,136.80137157440186,0,0,42
1596169392.118153,138.60265731811523,0,0,42
1596169392.128153,140.3999948501587,0,0,42
1596169392.138153,142.20162391662598,0,0,42
1596169392.148153,144.00153636932373,0,0,42
1596169392.158153,145.80316543579102,0,0,42
1596169392.168153,147.60269165039062,0,0,42
1596169392.178153,149.403076171875,0,0,42
1596169392.188153,151.20019912719727,0,0,42
1596169392.198153,153.00148487091064,0,0,42
1596169392.208153,154.80045318603516,0,0,42
1596169392.218153,156.6028118133545,0,0,42
1596169392.228153,158.40203762054443,0,0,42
1596169392.238153,160.20263671875,0,0,42
1596169392.248153,162.00246334075928,0,0,42
1596169392.258153,163.80181789398193,0,0,42
1596169392.268153,165.60177326202393,0,0,42
1596169392.278153,167.40099906921387,0,0,42
1596169392.288153,169.20310020446777,0,0,42
1596169392.298153,171.00090980529785,0,0,42
1596169392.308153,172.80313968658447,0,0,42
1596169392.318153,174.60107803344727,0,0,42
1596169392.328153,176.40313625335693,0,0,42
1596169392.338153,178.2031774520874,0,0,42
1596169392.3481529,180.00158786773682,0,0,42
1596169392.3581529,181.80072784423828,0,0,42
1596169392.3681529,183.59991073608398,0,0,42
1596169392.3781528,185.40239810943604,0,0,42
1596169392.3881528,187.20235347747803,0,0,42
1596169392.3981528,189.0007209777832,0,0,42
1596169392.4081528,190.80059051513672,0,0,42
1596169392.4181528,192.60269165039062,0,0,42
1596169392.4281528,194.3998146057129,0,0,42
1596169392.4381528,196.2017011642456,0,0,42
1596169392.4481528,198.00174236297607,0,0,42
1596169392.4581528,199.8007106781006,0,0,42
1596169392.4681528,201.60233974456787,0,0,42
1596169392.4781528,203.40250968933105,0,0,42
1596169392.4881527,205.20057678222656,0,0,42
1596169392.4981527,207.0020341873169,0,0,42
1596169392.5081527,208.80276203155518,0,0,42
1596169392.5181527,210.6011724472046,0,0,42
1596169392.5281527,212.40297317504883,0,0,42
1596169392.5381527,214.20001029968262,0,0,42
1596169392.5481527,216.002197265625,0,0,42
1596169392.5581527,217.7999210357666,0,0,42
1596169392.5681527,219.59979057312012,0,0,42
1596169392.5781527,221.3999605178833,0,0,42
1596169392.5881526,223.2006025314331,0,0,42
1596169392.5981526,225.00175952911377,0,0,42
1596169392.6081526,226.80205821990967,0,0,42
1596169392.6181526,228.6001682281494,0,0,42
1596169392.6281526,230.40282726287842,0,0,42
1596169392.6381526,232.20158100128174,0,0,42
1596169392.6481526,234.00084972381592,0,0,42
1596169392.6581526,235.80114841461182,0,0,42
1596169392.6681526,237.60114669799805,0,0,42
1596169392.6781526,239.4010591506958,0,0,42
1596169392.6881526,241.2013578414917,0,0,42
1596169392.6981525,243.00015449523926,0,0,42
1596169392.7081525,244.80088233947754,0,0,42
1596169392.7181525,246.6024684906006,0,0,42
1596169392.7281525,248.40135097503662,0,0,42
1596169392.7381525,250.2002763748169,0,0,42
1596169392.7481525,252.00053215026855,0,0,42
1596169392.7581525,253.80254745483398,0,0,42
1596169392.7681525,255.6015157699585,0,0,42
1596169392.7781525,257.4020719528198,0,0,42
1596169392.7881525,259.20271396636963,0,0,42
1596169392.7981524,261.0009956359863,0,0,42
1596169392.8081524,262.8013801574707,0,0,42
1596169392.8181524,264.60026264190674,0,0,42
1596169392.8281524,266.4008617401123,0,0,42
1596169392.8381524,268.20287704467773,0,0,42
1596169392.8481524,270.0005578994751,0,0,42
1596169392.8581524,271.8025732040405,0,0,42
1596169392.8681524,273.6010265350342,0,0,42
1596169392.8781524,275.400767326355,0,0,42
1596169392.8881524,277.2010660171509,0,0,42
1596169392.8981524,279.00278091430664,0,0,42
1596169392.9081523,280.800461769104,0,0,42
1596169392.9181523,282.60303497314453,0,0,42
1596169392.9281523,284.3999433517456,0,0,42
1596169392.9381523,286.20152950286865,0,0,42
1596169392.9481523,288.00238609313965,0,0,42
1596169392.9581523,289.80109691619873,0,0,42
1596169392.9681523,291.5998077392578,0,0,42
1596169392.9781523,293.4018659591675,0,0,42
1596169392.9881523,295.2007484436035,0,0,42
1596169392.9981523,297.00066089630127,0,0,42
1596169393.0081522,298.80151748657227,0,0,42
1596169393.0181522,300.60134410858154,0,0,42
1596169393.0281522,302.3999261856079,0,0,42
1596169393.0381522,304.2024564743042,0,0,42
1596169393.0481522,305.99979400634766,0,0,42
1596169393.0581522,307.8019380569458,0,0,42
1596169393.0681522,309.6028804779053,0,0,42
1596169393.0781522,311.40172004699707,0,0,42
1596169393.0881522,313.201847076416,0,0,42
1596169393.0981522,315.0004720687866,0,0,42
1596169393.1081522,316.80205821990967,0,0,42
1596169393.1181521,318.6014986038208,0,0,42
1596169393.1281521,320.40184020996094,0,0,42
1596169393.1381521,322.2011089324951,0,0,42
1596169393.148152,324.0021800994873,0,0,42
1596169393.158152,325.8005475997925,0,0,42
1596169393.168152,327.60024547576904,0,0,42
1596169393.178152,329.40131664276123,0,0,42
1596169393.188152,331.1996841430664,0,0,42
1596169393.198152,333.00079822540283,0,0,42
1596169393.208152,334.80302810668945,0,0,42
1596169393.218152,336.60130977630615,0,0,42
1596169393.228152,338.4022092819214,0,0,42
1596169393.238152,340.2030658721924,0,0,42
1596169393.248152,342.00087547302246,0,0,42
1596169393.258152,343.8017749786377,0,0,42
1596169393.268152,345.60112953186035,0,0,42
1596169393.278152,347.40039825439453,0,0,42
1596169393.288152,349.2014265060425,0,0,42
1596169393.298152,351.002197265625,0,0,42
1596169393.308152,352.8013801574707,0,0,42
1596169393.318152,354.5997905731201,0,0,42
1596169393.328152,356.4009475708008,0,0,42
1596169393.338152,358.2030487060547,0,0,42
1596169393.348152,359.99982833862305,0,0,42
1596169393.3481746,360,0,1
1596169393.3481746,0,0,0
1596169393.3581746,1.8033027648925781,0,0,42
1596169393.3681746,3.601541519165039,0,0,42
1596169393.3781745,5.40003776550293,0,0,42
1596169393.3881745,7.200250625610352,0,0,42
1596169393.3981745,9.002223014831543,0,0,42
1596169393.4081745,10.80256462097168,0,0,42
1596169393.4181745,12.602992057800293,0,0,42
1596169393.4281745,14.403376579284668,0,0,42
1596169393.4381745,16.202902793884277,0,0,42
1596169393.4481745,18.00114154815674,0,0,42
1596169393.4581745,19.800753593444824,0,0,42
1596169393.4681745,21.60010814666748,0,0,42
1596169393.4781744,23.400321006774902,0,0,42
1596169393.4881744,25.20216464996338,0,0,42
1596169393.4981744,27.00314998626709,0,0,42
1596169393.5081744,28.800272941589355,0,0,42
1596169393.5181744,30.600485801696777,0,0,42
1596169393.5281744,32.40241527557373,0,0,42
1596169393.5381744,34.20262813568115,0,0,42
1596169393.5481744,36.00241184234619,0,0,42
1596169393.5581744,37.80313968658447,0,0,42
1596169393.5681744,39.603309631347656,0,0,42
1596169393.5781744,41.401333808898926,0,0,42
1596169393.5881743,43.20219039916992,0,0,42
1596169393.5981743,45.00330448150635,0,0,42
1596169393.6081743,46.80278778076172,0,0,42
1596169393.6181743,48.602356910705566,0,0,42
1596169393.6281743,50.401883125305176,0,0,42
1596169393.6381743,52.2020959854126,0,0,42
1596169393.6481743,54.00063514709473,0,0,42
1596169393.6581743,55.80059051513672,0,0,42
1596169393.6681743,57.60329246520996,0,0,42
1596169393.6781743,59.401488304138184,0,0,42
1596169393.6881742,61.20037078857422,0,0,42
1596169393.6981742,63.0010986328125,0,0,42
1596169393.7081742,64.80023860931396,0,0,42
1596169393.7181742,66.60049438476562,0,0,42
1596169393.7281742,68.40036392211914,0,0,42
1596169393.7381742,70.20289421081543,0,0,42
1596169393.7481742,72.00018882751465,0,0,42
1596169393.7581742,73.80087375640869,0,0,42
1596169393.7681742,75.60228824615479,0,0,42
1596169393.7781742,77.40001201629639,0,0,42
1596169393.7881742,79.20116901397705,0,0,42
1596169393.7981741,81.00335597991943,0,0,42
1596169393.8081741,82.80142307281494,0,0,42
1596169393.8181741,84.6016788482666,0,0,42
1596169393.828174,86.4010763168335,0,0,42
1596169393.838174,88.20013046264648,0,0,42
1596169393.848174,90.00017166137695,0,0,42
1596169393.858174,91.80051326751709,0,0,42
1596169393.868174,93.60055446624756,0,0,42
1596169393.878174,95.40329933166504,0,0,42
1596169393.888174,97.20295429229736,0,0,42
1596169393.898174,99.0003776550293,0,0,42
1596169393.908174,100.80239295959473,0,0,42
1596169393.918174,102.60269165039062,0,0,42
1596169393.928174,104.40303325653076,0,0,42
1596169393.938174,106.20054244995117,0,0,42
1596169393.948174,108.00191402435303,0,0,42
1596169393.958174,109.80036735534668,0,0,42
1596169393.968174,111.60229682922363,0,0,42
1596169393.978174,113.4032392501831,0,0,42
1596169393.988174,115.20237922668457,0,0,42
1596169393.998174,117.00104713439941,0,0,42
1596169394.008174,118.80151748657227,0,0,42
1596169394.018174,120.60228824615479,0,0,42
1596169394.028174,122.40048408508301,0,0,42
1596169394.038174,124.20104026794434,0,0,42
1596169394.048174,126.00279808044434,0,0,42
1596169394.058174,127.8024959564209,0,0,42
1596169394.068174,129.60082054138184,0,0,42
1596169394.0781739,131.40094757080078,0,0,42
1596169394.0881739,133.2002592086792,0,0,42
1596169394.0981739,135.00188827514648,0,0,42
1596169394.1081738,136.80278778076172,0,0,42
1596169394.1181738,138.60278606414795,0,0,42
1596169394.1281738,140.3999948501587,0,0,42
1596169394.1381738,142.2007656097412,0,0,42
1596169394.1481738,144.0019655227661,0,0,42
1596169394.1581738,145.80132007598877,0,0,42
1596169394.1681738,147.60204792022705,0,0,42
1596169394.1781738,149.40045833587646,0,0,42
1596169394.1881738,151.20290279388428,0,0,42
1596169394.1981738,153.00015449523926,0,0,42
1596169394.2081738,154.8004961013794,0,0,42
1596169394.2181737,156.60075187683105,0,0,42
1596169394.2281737,158.40130805969238,0,0,42
1596169394.2381737,160.2002763748169,0,0,42
1596169394.2481737,162.00100421905518,0,0,42
1596169394.2581737,163.80241870880127,0,0,42
1596169394.2681737,165.60258865356445,0,0,42
1596169394.2781737,167.4009132385254,0,0,42
1596169394.2881737,169.20164108276367,0,0,42
1596169394.2981737,171.00030899047852,0,0,42
1596169394.3081737,172.801251411438,0,0,42
1596169394.3181736,174.60094928741455,0,0,42
1596169394.3281736,176.40292167663574,0,0,42
1596169394.3381736,178.20167541503906,0,0,42
1596169394.3481736,180.0025749206543,0,0,42
1596169394.3581736,181.80162906646729,0,0,42
1596169394.3681736,183.60154151916504,0,0,42
1596169394.3781736,185.39990901947021,0,0,42
1596169394.3881736,187.2022247314453,0,0,42
1596169394.3981736,189.00282382965088,0,0,42
1596169394.4081736,190.8010196685791,0,0,42
1596169394.4181736,192.60191917419434,0,0,42
1596169394.4281735,194.40281867980957,0,0,42
1596169394.4381735,196.20092868804932,0,0,42
1596169394.4481735,197.9999828338623,0,0,42
1596169394.4581735,199.80144023895264,0,0,42
1596169394.4681735,201.60264015197754,0,0,42
1596169394.4781735,203.40306758880615,0,0,42
1596169394.4881735,205.2018642425537,0,0,42
1596169394.4981735,207.00109004974365,0,0,42
1596169394.5081735,208.80168914794922,0,0,42
1596169394.5181735,210.60288906097412,0,0,42
1596169394.5281734,212.40065574645996,0,0,42
1596169394.5381734,214.2016839981079,0,0,42
1596169394.5481734,216.0005235671997,0,0,42
1596169394.5581734,217.8006076812744,0,0,42
1596169394.5681734,219.60039138793945,0,0,42
1596169394.5781734,221.4012050628662,0,0,42
1596169394.5881734,223.20270538330078,0,0,42
1596169394.5981734,225.00304698944092,0,0,42
1596169394.6081734,226.80201530456543,0,0,42
1596169394.6181734,228.60235691070557,0,0,42
1596169394.6281734,230.40196895599365,0,0,42
1596169394.6381733,232.20252513885498,0,0,42
1596169394.6481733,234.00235176086426,0,0,42
1596169394.6581733,235.80140590667725,0,0,42
1596169394.6681733,237.60213375091553,0,0,42
1596169394.6781733,239.403076171875,0,0,42
1596169394.6881733,241.20234489440918,0,0,42
1596169394.6981733,243.00122737884521,0,0,42
1596169394.7081733,244.80079650878906,0,0,42
1596169394.7181733,246.6002368927002,0,0,42
1596169394.7281733,248.40100765228271,0,0,42
1596169394.7381732,250.20113468170166,0,0,42
1596169394.7481732,252.00006008148193,0,0,42
1596169394.7581732,253.8028907775879,0,0,42
1596169394.7681732,255.60138702392578,0,0,42
1596169394.7781732,257.4003553390503,0,0,42
1596169394.7881732,259.20005321502686,0,0,42
1596169394.7981732,261.00168228149414,0,0,42
1596169394.8081732,262.8000497817993,0,0,42
1596169394.8181732,264.5997476577759,0,0,42
1596169394.8281732,266.3998317718506,0,0,42
1596169394.8381732,268.2010746002197,0,0,42
1596169394.8481731,270.00261783599854,0,0,42
1596169394.8581731,271.80227279663086,0,0,42
1596169394.8681731,273.6013698577881,0,0,42
1596169394.878173,275.4017114639282,0,0,42
1596169394.888173,277.1998643875122,0,0,42
1596169394.898173,279.00166511535645,0,0,42
1596169394.908173,280.8015775680542,0,0,42
1596169394.918173,282.60024547576904,0,0,42
1596169394.928173,284.4029474258423,0,0,42
1596169394.938173,286.20298862457275,0,0,42
1596169394.948173,288.0024719238281,0,0,42
1596169394.958173,289.7998094558716,0,0,42
1596169394.968173,291.60199642181396,0,0,42
1596169394.978173,293.4012222290039,0,0,42
1596169394.988173,295.20010471343994,0,0,42
1596169394.998173,297.0020341873169,0,0,42
1596169395.008173,298.80027294158936,0,0,42
1596169395.018173,300.60009956359863,0,0,42
1596169395.028173,302.4012565612793,0,0,42
1596169395.038173,304.2011260986328,0,0,42
1596169395.048173,306.0009527206421,0,0,42
1596169395.058173,307.80245304107666,0,0,42
1596169395.068173,309.59996223449707,0,0,42
1596169395.078173,311.3998746871948,0,0,42
1596169395.088173,313.2016324996948,0,0,42
1596169395.098173,315.0030469894409,0,0,42
1596169395.108173,316.8018865585327,0,0,42
1596169395.118173,318.6007261276245,0,0,42
1596169395.1281729,320.399866104126,0,0,42
1596169395.1381729,322.2016668319702,0,0,42
1596169395.1481729,324.0007209777832,0,0,42
1596169395.1581728,325.8003759384155,0,0,42
1596169395.1681728,327.5999450683594,0,0,42
1596169395.1781728,329.4023895263672,0,0,42
1596169395.1881728,331.1996841430664,0,0,42
1596169395.1981728,333.00114154815674,0,0,42
1596169395.2081728,334.80088233947754,0,0,42
1596169395.2181728,336.5998077392578,0,0,42
1596169395.2281728,338.4006643295288,0,0,42
1596169395.2381728,340.2016067504883,0,0,42
1596169395.2481728,342.00254917144775,0,0,42
1596169395.2581728,343.8001012802124,0,0,42
1596169395.2681727,345.6008720397949,0,0,42
1596169395.2781727,347.4022436141968,0,0,42
1596169395.2881727,349.20219898223877,0,0,42
1596169395.2981727,351.0017681121826,0,0,42
1596169395.3081727,352.7999210357666,0,0,42
1596169395.3181727,354.6020221710205,0,0,42
1596169395.3281727,356.40146255493164,0,0,42
1596169395.3381727,358.2021474838257,0,0,42
1596169395.3481798,360,0,1
1596169395.3481798,0,0,0
1596169395.3581798,1.802358627319336,0,0,42
1596169395.3681798,3.6020994186401367,0,0,42
1596169395.3781798,5.400252342224121,0,0,42
1596169395.3881798,7.201623916625977,0,0,42
1596169395.3981798,9.000248908996582,0,0,42
1596169395.4081798,10.802178382873535,0,0,42
1596169395.4181798,12.603378295898438,0,0,42
1596169395.4281797,14.401144981384277,0,0,42
1596169395.4381797,16.201443672180176,0,0,42
1596169395.4481797,18.00006866455078,0,0,42
1596169395.4581797,19.80032444000244,0,0,42
1596169395.4681797,21.602554321289062,0,0,42
1596169395.4781797,23.401737213134766,0,0,42
1596169395.4881797,25.201048851013184,0,0,42
1596169395.4981797,27.00212001800537,0,0,42
1596169395.5081797,28.801774978637695,0,0,42
1596169395.5181797,30.601258277893066,0,0,42
1596169395.5281796,32.40297317504883,0,0,42
1596169395.5381796,34.20086860656738,0,0,42
1596169395.5481796,36.00327014923096,0,0,42
1596169395.5581796,37.80266761779785,0,0,42
1596169395.5681796,39.60197925567627,0,0,42
1596169395.5781796,41.40021800994873,0,0,42
1596169395.5881796,43.20197582244873,0,0,42
1596169395.5981796,45.00042915344238,0,0,42
1596169395.6081796,46.80034160614014,0,0,42
1596169395.6181796,48.6014986038208,0,0,42
1596169395.6281796,50.40184020996094,0,0,42
1596169395.6381795,52.20029354095459,0,0,42
1596169395.6481795,54.00033473968506,0,0,42
1596169395.6581795,55.8024787902832,0,0,42
1596169395.6681795,57.60161876678467,0,0,42
1596169395.6781795,59.40230369567871,0,0,42
1596169395.6881795,61.200928688049316,0,0,42
1596169395.6981795,63.003244400024414,0,0,42
1596169395.7081795,64.80225563049316,0,0,42
1596169395.7181795,66.60199642181396,0,0,42
1596169395.7281795,68.4019947052002,0,0,42
1596169395.7381794,70.20113468170166,0,0,42
1596169395.7481794,72.00023174285889,0,0,42
1596169395.7581794,73.8030195236206,0,0,42
1596169395.7681794,75.60267448425293,0,0,42
1596169395.7781794,77.40022659301758,0,0,42
1596169395.7881794,79.20052528381348,0,0,42
1596169395.7981794,81.00116729736328,0,0,42
1596169395.8081794,82.80009269714355,0,0,42
1596169395.8181794,84.60146427154541,0,0,42
1596169395.8281794,86.40270709991455,0,0,42
1596169395.8381793,88.2002592086792,0,0,42
1596169395.8481793,90.00330448150635,0,0,42
1596169395.8581793,91.80180072784424,0,0,42
1596169395.8681793,93.60235691070557,0,0,42
1596169395.8781793,95.40166854858398,0,0,42
1596169395.8881793,97.20106601715088,0,0,42
1596169395.8981793,99.00312423706055,0,0,42
1596169395.9081793,100.8012342453003,0,0,42
1596169395.9181793,102.60213375091553,0,0,42
1596169395.9281793,104.40303325653076,0,0,42
1596169395.9381793,106.2010145187378,0,0,42
1596169395.9481792,108.00294399261475,0,0,42
1596169395.9581792,109.80002403259277,0,0,42
1596169395.9681792,111.6016960144043,0,0,42
1596169395.9781792,113.39989185333252,0,0,42
1596169395.9881792,115.20143508911133,0,0,42
1596169395.9981792,117.00100421905518,0,0,42
1596169396.0081792,118.80306243896484,0,0,42
1596169396.0181792,120.60048580169678,0,0,42
1596169396.0281792,122.40280151367188,0,0,42
1596169396.0381792,124.200439453125,0,0,42
1596169396.0481791,126.0027551651001,0,0,42
1596169396.0581791,127.8024959564209,0,0,42
1596169396.0681791,129.6009922027588,0,0,42
1596169396.0781791,131.40159130096436,0,0,42
1596169396.088179,133.20326328277588,0,0,42
1596169396.098179,135.00158786773682,0,0,42
1596169396.108179,136.8024444580078,0,0,42
1596169396.118179,138.60222816467285,0,0,42
1596169396.128179,140.40038108825684,0,0,42
1596169396.138179,142.20256805419922,0,0,42
1596169396.148179,144.0007209777832,0,0,42
1596169396.158179,145.80239295959473,0,0,42
1596169396.168179,147.60320663452148,0,0,42
1596169396.178179,149.40088748931885,0,0,42
1596169396.188179,151.2010145187378,0,0,42
1596169396.198179,152.9999828338623,0,0,42
1596169396.208179,154.80302810668945,0,0,42
1596169396.218179,156.59985065460205,0,0,42
1596169396.228179,158.39993476867676,0,0,42
1596169396.238179,160.20203590393066,0,0,42
1596169396.248179,162.00164794921875,0,0,42
1596169396.258179,163.80125999450684,0,0,42
1596169396.268179,165.60284614562988,0,0,42
1596169396.278179,167.4009132385254,0,0,42
1596169396.288179,169.20108318328857,0,0,42
1596169396.298179,171.00245475769043,0,0,42
1596169396.308179,172.80189514160156,0,0,42
1596169396.318179,174.60137844085693,0,0,42
1596169396.328179,176.40077590942383,0,0,42
1596169396.3381789,178.20309162139893,0,0,42
1596169396.3481789,180.00210285186768,0,0,42
1596169396.3581789,181.80227279663086,0,0,42
1596169396.3681788,183.60252857208252,0,0,42
1596169396.3781788,185.40231227874756,0,0,42
1596169396.3881788,187.2029972076416,0,0,42
1596169396.3981788,189.00029182434082,0,0,42
1596169396.4081788,190.802264213562,0,0,42
1596169396.4181788,192.60080337524414,0,0,42
1596169396.4281788,194.40144538879395,0,0,42
1596169396.4381788,196.2024736404419,0,0,42
1596169396.4481788,198.00015449523926,0,0,42
1596169396.4581788,199.80255603790283,0,0,42
1596169396.4681787,201.60118103027344,0,0,42
1596169396.4781787,203.40092182159424,0,0,42
1596169396.4881787,205.20122051239014,0,0,42
1596169396.4981787,207.00031757354736,0,0,42
1596169396.5081787,208.80168914794922,0,0,42
1596169396.5181787,210.59997081756592,0,0,42
1596169396.5281787,212.40151405334473,0,0,42
1596169396.5381787,214.2018985748291,0,0,42
1596169396.5481787,216.00236892700195,0,0,42
1596169396.5581787,217.80275344848633,0,0,42
1596169396.5681787,219.60176467895508,0,0,42
1596169396.5781786,221.40227794647217,0,0,42
1596169396.5881786,223.20098876953125,0,0,42
1596169396.5981786,224.99987125396729,0,0,42
1596169396.6081786,226.80128574371338,0,0,42
1596169396.6181786,228.60265731811523,0,0,42
1596169396.6281786,230.4012393951416,0,0,42
1596169396.6381786,232.20308303833008,0,0,42
1596169396.6481786,233.99986267089844,0,0,42
1596169396.6581786,235.8028221130371,0,0,42
1596169396.6681786,237.60191917419434,0,0,42
1596169396.6781785,239.40187454223633,0,0,42
1596169396.6881785,241.20264530181885,0,0,42
1596169396.6981785,243.00264358520508,0,0,42
1596169396.7081785,244.7999382019043,0,0,42
1596169396.7181785,246.60165309906006,0,0,42
1596169396.7281785,248.40126514434814,0,0,42
1596169396.7381785,250.20315170288086,0,0,42
1596169396.7481785,252.0000171661377,0,0,42
1596169396.7581785,253.8010025024414,0,0,42
1596169396.7681785,255.6000566482544,0,0,42
1596169396.7781785,257.40211486816406,0,0,42
1596169396.7881784,259.1999673843384,0,0,42
1596169396.7981784,261.00271224975586,0,0,42
1596169396.8081784,262.8022813796997,0,0,42
1596169396.8181784,264.5997905731201,0,0,42
1596169396.8281784,266.402792930603,0,0,42
1596169396.8381784,268.2010316848755,0,0,42
1596169396.8481784,270.0021028518677,0,0,42
1596169396.8581784,271.8018436431885,0,0,42
1596169396.8681784,273.6005973815918,0,0,42
1596169396.8781784,275.4013681411743,0,0,42
1596169396.8881783,277.2023105621338,0,0,42
1596169396.8981783,279.00269508361816,0,0,42
1596169396.9081783,280.8007621765137,0,0,42
1596169396.9181783,282.6029920578003,0,0,42
1596169396.9281783,284.4006299972534,0,0,42
1596169396.9381783,286.20255947113037,0,0,42
1596169396.9481783,288.001184463501,0,0,42
1596169396.9581783,289.80032444000244,0,0,42
1596169396.9681783,291.6007089614868,0,0,42
1596169396.9781783,293.4002351760864,0,0,42
1596169396.9881783,295.20066261291504,0,0,42
1596169396.9981782,297.00199127197266,0,0,42
1596169397.0081782,298.80027294158936,0,0,42
1596169397.0181782,300.6024169921875,0,0,42
1596169397.0281782,302.4015998840332,0,0,42
1596169397.0381782,304.20129776000977,0,0,42
1596169397.0481782,306.002197265625,0,0,42
1596169397.0581782,307.8004789352417,0,0,42
1596169397.0681782,309.60240840911865,0,0,42
1596169397.0781782,311.40305042266846,0,0,42
1596169397.0881782,313.2003450393677,0,0,42
1596169397.0981781,315.0004720687866,0,0,42
1596169397.1081781,316.8011140823364,0,0,42
1596169397.1181781,318.6027431488037,0,0,42
1596169397.1281781,320.4006814956665,0,0,42
1596169397.138178,322.2030830383301,0,0,42
1596169397.148178,324.00153636932373,0,0,42
1596169397.158178,325.8012342453003,0,0,42
1596169397.168178,327.6007604598999,0,0,42
1596169397.178178,329.3998146057129,0,0,42
1596169397.188178,331.20298862457275,0,0,42
1596169397.198178,333.00281524658203,0,0,42
1596169397.208178,334.79989528656006,0,0,42
1596169397.218178,336.60062313079834,0,0,42
1596169397.228178,338.40238094329834,0,0,42
1596169397.238178,340.20147800445557,0,0,42
1596169397.248178,342.00061798095703,0,0,42
1596169397.258178,343.79980087280273,0,0,42
1596169397.268178,345.60112953186035,0,0,42
1596169397.278178,347.4006986618042,0,0,42
1596169397.288178,349.2009973526001,0,0,42
1596169397.298178,350.99992275238037,0,0,42
1596169397.308178,352.8011226654053,0,0,42
1596169397.318178,354.6000051498413,0,0,42
1596169397.328178,356.4009475708008,0,0,42
1596169397.338178,358.2026195526123,0,0,42
1596169397.3481863,360,0,1
1596169397.3481863,0,0,0
1596169397.3581862,1.8028736114501953,0,0,42
1596169397.3681862,3.6008548736572266,0,0,42
1596169397.3781862,5.400338172912598,0,0,42
1596169397.3881862,7.201409339904785,0,0,42
1596169397.3981862,9.000635147094727,0,0,42
1596169397.4081862,10.802521705627441,0,0,42
1596169397.4181862,12.602648735046387,0,0,42
1596169397.4281862,14.400286674499512,0,0,42
1596169397.4381862,16.202516555786133,0,0,42
1596169397.4481862,18.000712394714355,0,0,42
1596169397.4581861,19.80036735534668,0,0,42
1596169397.4681861,21.602683067321777,0,0,42
1596169397.4781861,23.40336799621582,0,0,42
1596169397.4881861,25.201992988586426,0,0,42
1596169397.498186,27.00113296508789,0,0,42
1596169397.508186,28.801345825195312,0,0,42
1596169397.518186,30.60091495513916,0,0,42
1596169397.528186,32.40314483642578,0,0,42
1596169397.538186,34.20176982879639,0,0,42
1596169397.548186,36.00039482116699,0,0,42
1596169397.558186,37.800865173339844,0,0,42
1596169397.568186,39.60000514984131,0,0,42
1596169397.578186,41.40073299407959,0,0,42
1596169397.588186,43.20296287536621,0,0,42
1596169397.598186,45.00025749206543,0,0,42
1596169397.608186,46.802401542663574,0,0,42
1596169397.618186,48.603129386901855,0,0,42
1596169397.628186,50.40128231048584,0,0,42
1596169397.638186,52.20321178436279,0,0,42
1596169397.648186,54.00286674499512,0,0,42
1596169397.658186,55.80174922943115,0,0,42
1596169397.668186,57.60303497314453,0,0,42
1596169397.678186,59.40058708190918,0,0,42
1596169397.688186,61.20213031768799,0,0,42
1596169397.698186,63.00161361694336,0,0,42
1596169397.708186,64.8019552230835,0,0,42
1596169397.718186,66.60010814666748,0,0,42
1596169397.728186,68.40302467346191,0,0,42
1596169397.738186,70.20053386688232,0,0,42
1596169397.7481859,72.00314998626709,0,0,42
1596169397.7581859,73.80271911621094,0,0,42
1596169397.7681859,75.60177326202393,0,0,42
1596169397.7781858,77.40198612213135,0,0,42
1596169397.7881858,79.20254230499268,0,0,42
1596169397.7981858,81.00284099578857,0,0,42
1596169397.8081858,82.80241012573242,0,0,42
1596169397.8181858,84.60296630859375,0,0,42
1596169397.8281858,86.40094757080078,0,0,42
1596169397.8381858,88.2031774520874,0,0,42
1596169397.8481858,90.00278949737549,0,0,42
1596169397.8581858,91.79999828338623,0,0,42
1596169397.8681858,93.60132694244385,0,0,42
1596169397.8781857,95.40256977081299,0,0,42
1596169397.8881857,97.20145225524902,0,0,42
1596169397.8981857,99.00106430053711,0,0,42
1596169397.9081857,100.80063343048096,0,0,42
1596169397.9181857,102.60037422180176,0,0,42
1596169397.9281857,104.40230369567871,0,0,42
1596169397.9381857,106.20007038116455,0,0,42
1596169397.9481857,108.0005407333374,0,0,42
1596169397.9581857,109.80315685272217,0,0,42
1596169397.9681857,111.60118103027344,0,0,42
1596169397.9781857,113.40285301208496,0,0,42
1596169397.9881856,115.20267963409424,0,0,42
1596169397.9981856,117.00224876403809,0,0,42
1596169398.0081856,118.80190372467041,0,0,42
1596169398.0181856,120.60301780700684,0,0,42
1596169398.0281856,122.40134239196777,0,0,42
1596169398.0381856,124.20146942138672,0,0,42
1596169398.0481856,126.00211143493652,0,0,42
1596169398.0581856,127.80176639556885,0,0,42
1596169398.0681856,129.60129261016846,0,0,42
1596169398.0781856,131.40047550201416,0,0,42
1596169398.0881855,133.20287704467773,0,0,42
1596169398.0981855,135.00085830688477,0,0,42
1596169398.1081855,136.80180072784424,0,0,42
1596169398.1181855,138.60265731811523,0,0,42
1596169398.1281855,140.40063858032227,0,0,42
1596169398.1381855,142.20162391662598,0,0,42
1596169398.1481855,144.00175094604492,0,0,42
1596169398.1581855,145.79994678497314,0,0,42
1596169398.1681855,147.6020050048828,0,0,42
1596169398.1781855,149.40088748931885,0,0,42
1596169398.1881855,151.2001132965088,0,0,42
1596169398.1981854,153.00084114074707,0,0,42
1596169398.2081854,154.8022985458374,0,0,42
1596169398.2181854,156.60242557525635,0,0,42
1596169398.2281854,158.399977684021,0,0,42
1596169398.2381854,160.2004051208496,0,0,42
1596169398.2481854,162.00194835662842,0,0,42
1596169398.2581854,163.8028049468994,0,0,42
1596169398.2681854,165.6011724472046,0,0,42
1596169398.2781854,167.4012565612793,0,0,42
1596169398.2881854,169.20138359069824,0,0,42
1596169398.2981853,171.0018539428711,0,0,42
1596169398.3081853,172.80241012573242,0,0,42
1596169398.3181853,174.60004806518555,0,0,42
1596169398.3281853,176.40150547027588,0,0,42
1596169398.3381853,178.2002592086792,0,0,42
1596169398.3481853,180.0003433227539,0,0,42
1596169398.3581853,181.80059909820557,0,0,42
1596169398.3681853,183.6000394821167,0,0,42
1596169398.3781853,185.40016651153564,0,0,42
1596169398.3881853,187.20080852508545,0,0,42
1596169398.3981853,189.00029182434082,0,0,42
1596169398.4081852,190.800461769104,0,0,42
1596169398.4181852,192.60226249694824,0,0,42
1596169398.4281852,194.40165996551514,0,0,42
1596169398.4381852,196.20049953460693,0,0,42
1596169398.4481852,198.00096988677979,0,0,42
1596169398.4581852,199.8022985458374,0,0,42
1596169398.4681852,201.60289764404297,0,0,42
1596169398.4781852,203.40216636657715,0,0,42
1596169398.4881852,205.20109176635742,0,0,42
1596169398.4981852,207.00010299682617,0,0,42
1596169398.5081851,208.7999725341797,0,0,42
1596169398.5181851,210.59979915618896,0,0,42
1596169398.5281851,212.40224361419678,0,0,42
1596169398.5381851,214.20108318328857,0,0,42
1596169398.548185,216.001296043396,0,0,42
1596169398.558185,217.8026247024536,0,0,42
1596169398.568185,219.60215091705322,0,0,42
1596169398.578185,221.3999605178833,0,0,42
1596169398.588185,223.20124626159668,0,0,42
1596169398.598185,225.00274658203125,0,0,42
1596169398.608185,226.8021011352539,0,0,42
1596169398.618185,228.6028289794922,0,0,42
1596169398.628185,230.4001235961914,0,0,42
1596169398.638185,232.2002077102661,0,0,42
1596169398.648185,234.00269508361816,0,0,42
1596169398.658185,235.80071926116943,0,0,42
1596169398.668185,237.60204792022705,0,0,42
1596169398.678185,239.40144538879395,0,0,42
1596169398.688185,241.20097160339355,0,0,42
1596169398.698185,243.00272941589355,0,0,42
1596169398.708185,244.8007106781006,0,0,42
1596169398.718185,246.60221099853516,0,0,42
1596169398.728185,248.40135097503662,0,0,42
1596169398.738185,250.2000617980957,0,0,42
1596169398.748185,252.0001459121704,0,0,42
1596169398.758185,253.8017749786377,0,0,42
1596169398.768185,255.59979915618896,0,0,42
1596169398.778185,257.4006128311157,0,0,42
1596169398.788185,259.20039653778076,0,0,42
1596169398.7981849,261.0003089904785,0,0,42
1596169398.8081849,262.80266761779785,0,0,42
1596169398.8181849,264.5998764038086,0,0,42
1596169398.8281848,266.3999605178833,0,0,42
1596169398.8381848,268.202919960022,0,0,42
1596169398.8481848,270.0000858306885,0,0,42
1596169398.8581848,271.80192947387695,0,0,42
1596169398.8681848,273.60167026519775,0,0,42
1596169398.8781848,275.400595664978,0,0,42
1596169398.8881848,277.2027397155762,0,0,42
1596169398.8981848,279.0002489089966,0,0,42
1596169398.9081848,280.80187797546387,0,0,42
1596169398.9181848,282.6026487350464,0,0,42
1596169398.9281847,284.4026041030884,0,0,42
1596169398.9381847,286.20140075683594,0,0,42
1596169398.9481847,288.001914024353,0,0,42
1596169398.9581847,289.802041053772,0,0,42
1596169398.9681847,291.6014814376831,0,0,42
1596169398.9781847,293.4002351760864,0,0,42
1596169398.9881847,295.19976139068604,0,0,42
1596169398.9981847,297.00207710266113,0,0,42
1596169399.0081847,298.802547454834,0,0,42
1596169399.0181847,300.6003141403198,0,0,42
1596169399.0281847,302.4000120162964,0,0,42
1596169399.0381846,304.20228481292725,0,0,42
1596169399.0481846,306.0026264190674,0,0,42
1596169399.0581846,307.8005647659302,0,0,42
1596169399.0681846,309.60120677948,0,0,42
1596169399.0781846,311.4000463485718,0,0,42
1596169399.0881846,313.20279121398926,0,0,42
1596169399.0981846,315.00171661376953,0,0,42
1596169399.1081846,316.80205821990967,0,0,42
1596169399.1181846,318.6022710800171,0,0,42
1596169399.1281846,320.40162563323975,0,0,42
1596169399.1381845,322.1999931335449,0,0,42
1596169399.1481845,324.00153636932373,0,0,42
1596169399.1581845,325.8022212982178,0,0,42
1596169399.1681845,327.5997304916382,0,0,42
1596169399.1781845,329.4006299972534,0,0,42
1596169399.1881845,331.2023878097534,0,0,42
1596169399.1981845,333.00272941589355,0,0,42
1596169399.2081845,334.8007535934448,0,0,42
1596169399.2181845,336.60075187683105,0,0,42
1596169399.2281845,338.4014368057251,0,0,42
1596169399.2381845,340.2019500732422,0,0,42
1596169399.2481844,342.0007038116455,0,0,42
1596169399.2581844,343.80263328552246,0,0,42
1596169399.2681844,345.6009578704834,0,0,42
1596169399.2781844,347.40288734436035,0,0,42
1596169399.2881844,349.20138359069824,0,0,42
1596169399.2981844,351.00112438201904,0,0,42
1596169399.3081844,352.8027534484863,0,0,42
1596169399.3181844,354.60253715515137,0,0,42
1596169399.3281844,356.39978885650635,0,0,42
1596169399.3381844,358.20141792297363,0,0,42
1596169399.3479476,359.9570417404175,0,0
1596169399.3479476,360.0,0.00023865699768066406,0
1596169399.3480885,360,0.00023865699768066406,1
1596169399.3480885,0,0,0
1596169399.3580885,1.8015432357788086,0,0,42
1596169399.3680885,3.603386878967285,0,0,42
1596169399.3780885,5.402441024780273,0,0,42
1596169399.3880885,7.203125953674316,0,0,42
1596169399.3980885,9.002737998962402,0,0,42
1596169399.4080884,10.80329418182373,0,0,42
1596169399.4180884,12.601103782653809,0,0,42
1596169399.4280884,14.400715827941895,0,0,42
1596169399.4380884,16.202774047851562,0,0,42
1596169399.4480884,17.999982833862305,0,0,42
1596169399.4580884,19.801955223083496,0,0,42
1596169399.4680884,21.60083770751953,0,0,42
1596169399.4780884,23.402423858642578,0,0,42
1596169399.4880884,25.20139217376709,0,0,42
1596169399.4980884,27.00310707092285,0,0,42
1596169399.5080884,28.800058364868164,0,0,42
1596169399.5180883,30.603318214416504,0,0,42
1596169399.5280883,32.403059005737305,0,0,42
1596169399.5380883,34.202799797058105,0,0,42
1596169399.5480883,36.00095272064209,0,0,42
1596169399.5580883,37.80095100402832,0,0,42
1596169399.5680883,39.601335525512695,0,0,42
1596169399.5780883,41.40326499938965,0,0,42
1596169399.5880883,43.203134536743164,0,0,42
1596169399.5980883,45.00197410583496,0,0,42
1596169399.6080883,46.80300235748291,0,0,42
1596169399.6180882,48.602871894836426,0,0,42
1596169399.6280882,50.40222644805908,0,0,42
1596169399.6380882,52.20050811767578,0,0,42
1596169399.6480882,54.002652168273926,0,0,42
1596169399.6580882,55.80226421356201,0,0,42
1596169399.6680882,57.603163719177246,0,0,42
1596169399.6780882,59.40324783325195,0,0,42
1596169399.6880882,61.20230197906494,0,0,42
1596169399.6980882,63.00062656402588,0,0,42
1596169399.7080882,64.80105400085449,0,0,42
1596169399.7180882,66.60126686096191,0,0,42
1596169399.7280881,68.40006351470947,0,0,42
1596169399.7380881,70.2015209197998,0,0,42
1596169399.7480881,72.00212001800537,0,0,42
1596169399.758088,73.8023328781128,0,0,42
1596169399.768088,75.60258865356445,0,0,42
1596169399.778088,77.40005493164062,0,0,42
1596169399.788088,79.20052528381348,0,0,42
1596169399.798088,81.00224018096924,0,0,42
1596169399.808088,82.80301094055176,0,0,42
1596169399.818088,84.60150718688965,0,0,42
1596169399.828088,86.40069007873535,0,0,42
1596169399.838088,88.20120334625244,0,0,42
1596169399.848088,90.00278949737549,0,0,42
1596169399.858088,91.80034160614014,0,0,42
1596169399.868088,93.60282897949219,0,0,42
1596169399.878088,95.40115356445312,0,0,42
1596169399.888088,97.20248222351074,0,0,42
1596169399.898088,99.00132179260254,0,0,42
1596169399.908088,100.80089092254639,0,0,42
1596169399.918088,102.60307788848877,0,0,42
1596169399.928088,104.40088748931885,0,0,42
1596169399.938088,106.20011329650879,0,0,42
1596169399.948088,108.00045490264893,0,0,42
1596169399.958088,109.80122566223145,0,0,42
1596169399.968088,111.60092353820801,0,0,42
1596169399.978088,113.40212345123291,0,0,42
1596169399.988088,115.20079135894775,0,0,42
1596169399.998088,117.0003604888916,0,0,42
