Type = DelayAdvance,Function = Wang Sync Simple,Refract = 0,Coupling Strength = 0.7,Start_phase = 90
Timestamp,Phase,Offset,Ping?
1595895102.000018,90,0,0
1595895102.0100327,91.80167198181152,0.5,0
1595895102.0200357,93.60222816467285,0.5,0
1595895102.0300312,95.40141105651855,0.5,0
1595895102.040035,97.2020959854126,0.5,0
1595895102.0500252,99.00033473968506,0.5,0
1595895102.0600305,100.80127716064453,0.5,0
1595895102.0700386,102.60273456573486,0.5,0
1595895102.0800269,104.40062999725342,0.5,0
1595895102.0900288,106.20097160339355,0.5,0
1595895102.1000426,108.0034589767456,0.5,0
1595895102.1100407,109.80311393737793,0.5,0
1595895102.120027,111.60066604614258,0.5,0
1595895102.1300297,113.40113639831543,0.5,0
1595895102.14003,115.2011775970459,0.5,0
1595895102.1500406,117.00310707092285,0.5,0
1595895102.1600335,118.80181789398193,0.5,0
1595895102.1700284,120.60091495513916,0.5,0
1595895102.1800253,122.4003553390503,0.5,0
1595895102.1900399,124.20297145843506,0.5,0
1595895102.2000344,126.00198268890381,0.5,0
1595895102.210027,127.80065059661865,0.5,0
1595895102.2200372,129.60249423980713,0.5,0
1595895102.2300375,131.4025354385376,0.5,0
1595895102.240027,133.20064544677734,0.5,0
1595895102.2500262,135.00051498413086,0.5,0
1595895102.2600281,136.800856590271,0.5,0
1595895102.2700331,138.60175609588623,0.5,0
1595895102.2800415,140.4032564163208,0.5,0
1595895102.2900236,142.20003604888916,0.5,0
1595895102.300039,144.00282382965088,0.5,0
1595895102.3100376,145.80256462097168,0.5,0
1595895102.3200414,147.60324954986572,0.5,0
1595895102.330028,149.4008445739746,0.5,0
1595895102.3400407,151.20311737060547,0.5,0
1595895102.3500395,153.0029010772705,0.5,0
1595895102.3600347,154.80204105377197,0.5,0
1595895102.3700325,156.60165309906006,0.5,0
1595895102.3800251,158.4003210067749,0.5,0
1595895102.3900404,160.20306587219238,0.5,0
1595895102.4000366,162.0023775100708,0.5,0
1595895102.4100356,163.80220413208008,0.5,0
1595895102.4200296,165.60112953186035,0.5,0
1595895102.4300325,167.40164279937744,0.5,0
1595895102.4400332,169.2017698287964,0.5,0
1595895102.4500344,171.0019826889038,0.5,0
1595895102.4600313,172.80142307281494,0.5,0
1595895102.4700356,174.60219383239746,0.5,0
1595895102.4800422,176.40339374542236,0.5,0
1595895102.4900398,178.2029628753662,0.5,0
1595895102.5000265,180.0005578994751,0.5,0
1595895102.5100343,181.8019723892212,0.5,0
1595895102.5200353,183.60214233398438,0.5,0
1595895102.5300283,185.4008960723877,0.5,0
1595895102.5400333,187.20179557800293,0.5,0
1595895102.5500317,189.0014934539795,0.5,0
1595895102.5600257,190.80041885375977,0.5,0
1595895102.570038,192.6026487350464,0.5,0
1595895102.5800302,194.40123081207275,0.5,0
1595895102.5900328,196.2017011642456,0.5,0
1595895102.6000228,197.99989700317383,0.5,0
1595895102.6100404,199.8030710220337,0.5,0
1595895102.6200333,201.60178184509277,0.5,0
1595895102.6300395,203.4028959274292,0.5,0
1595895102.6400332,205.20177841186523,0.5,0
1595895102.6500227,206.99988842010498,0.5,0
1595895102.660029,208.8010025024414,0.5,0
1595895102.6700406,210.6031036376953,0.5,0
1595895102.6800377,212.40258693695068,0.5,0
1595895102.690035,214.2021131515503,0.5,0
1595895102.7000299,216.00116729736328,0.5,0
1595895102.7100234,217.80000686645508,0.5,0
1595895102.7200322,219.60159301757812,0.5,0
1595895102.7300344,221.4019775390625,0.5,0
1595895102.7400398,223.2029628753662,0.5,0
1595895102.7500293,225.00107288360596,0.5,0
1595895102.7600365,226.80235862731934,0.5,0
1595895102.7700305,228.6012840270996,0.5,0
1595895102.7800333,230.4017972946167,0.5,0
1595895102.7900257,232.2004222869873,0.5,0
1595895102.8000376,234.00256633758545,0.5,0
1595895102.8100357,235.80222129821777,0.5,0
1595895102.82004,237.6029920578003,0.5,0
1595895102.8300278,239.40080165863037,0.5,0
1595895102.8400412,241.20320320129395,0.5,0
1595895102.850035,243.00208568572998,0.5,0
1595895102.8600333,244.80178356170654,0.5,0
1595895102.870041,246.6031551361084,0.5,0
1595895102.8800378,248.40259552001953,0.5,0
1595895102.8900287,250.2009630203247,0.5,0
1595895102.9000316,252.0014762878418,0.5,0
1595895102.9100316,253.80147457122803,0.5,0
1595895102.920035,255.6020736694336,0.5,0
1595895102.9300416,257.4032735824585,0.5,0
1595895102.9400258,259.200439453125,0.5,0
1595895102.9500387,261.0027551651001,0.5,0
1595895102.96004,262.80301094055176,0.5,0
1595895102.970039,264.6027946472168,0.5,0
1595895102.9800408,266.40313625335693,0.5,0
1595895102.9900343,268.20197582244873,0.5,0
1595895103.0000381,270.0026607513428,0.5,0
1595895103.010031,271.80137157440186,0.5,0
1595895103.0188873,273.39550495147705,0.5,0
1595895103.0188873,334.0186514854431,0.8367952585220337,0
1595895103.0200226,334.2230143547058,0.8367952585220337,0
1595895103.030024,336.02327013015747,0.8367952585220337,0
1595895103.040023,337.82309675216675,0.8367952585220337,0
1595895103.0500312,339.6245541572571,0.8367952585220337,0
1595895103.0600271,341.42382287979126,0.8367952585220337,0
1595895103.0700243,343.22330617904663,0.8367952585220337,0
1595895103.0800228,345.02304697036743,0.8367952585220337,0
1595895103.090024,346.82325983047485,0.8367952585220337,0
1595895103.100031,348.624502658844,0.8367952585220337,0
1595895103.110039,350.4259600639343,0.8367952585220337,0
1595895103.1200345,352.22514295578003,0.8367952585220337,0
1595895103.130026,354.0236392021179,0.8367952585220337,0
1595895103.1400402,355.8261694908142,0.8367952585220337,0
1595895103.1500394,357.6260390281677,0.8367952585220337,0
1595895103.1600316,359.4246211051941,0.8367952585220337,0
1595895103.1632323,360,0.8367952585220337,1
1595895103.1632323,0,0,0
1595895103.1732361,1.800684928894043,0,0
1595895103.1832368,3.6008119583129883,0,0
1595895103.1932454,5.402355194091797,0,0
1595895103.203241,7.201581001281738,0,0
1595895103.2102485,8.462905883789062,0,0
1595895103.2102485,2.5388717651367188,-0.03291130065917969,0
1595895103.21324,3.0773305892944336,-0.03291130065917969,0
1595895103.2232406,4.877457618713379,-0.03291130065917969,0
1595895103.233242,6.677713394165039,-0.03291130065917969,0
1595895103.2432473,8.478655815124512,-0.03291130065917969,0
1595895103.2532384,10.277066230773926,-0.03291130065917969,0
1595895103.2632358,12.076592445373535,-0.03291130065917969,0
1595895103.2732322,13.875946998596191,-0.03291130065917969,0
1595895103.2832344,15.676331520080566,-0.03291130065917969,0
1595895103.293251,17.479333877563477,-0.03291130065917969,0
1595895103.3032486,19.278903007507324,-0.03291130065917969,0
1595895103.3132355,21.07654094696045,-0.03291130065917969,0
1595895103.323239,22.877182960510254,-0.03291130065917969,0
1595895103.3332427,24.67782497406006,-0.03291130065917969,0
1595895103.343248,26.47876739501953,-0.03291130065917969,0
1595895103.353248,28.27876567840576,-0.03291130065917969,0
1595895103.3632414,30.07760524749756,-0.03291130065917969,0
1595895103.373246,31.878418922424316,-0.03291130065917969,0
1595895103.38324,33.67734432220459,-0.03291130065917969,0
1595895103.3932445,35.47815799713135,-0.03291130065917969,0
1595895103.403241,37.277512550354004,-0.03291130065917969,0
1595895103.4132373,39.07686710357666,-0.03291130065917969,0
1595895103.423247,40.87862491607666,-0.03291130065917969,0
1595895103.433238,42.676992416381836,-0.03291130065917969,0
1595895103.4432504,44.47922229766846,-0.03291130065917969,0
1595895103.4532487,46.27892017364502,-0.03291130065917969,0
1595895103.4632373,48.07685852050781,-0.03291130065917969,0
1595895103.473244,49.878058433532715,-0.03291130065917969,0
1595895103.4832406,51.67745590209961,-0.03291130065917969,0
1595895103.4932342,53.476295471191406,-0.03291130065917969,0
1595895103.5032384,55.277066230773926,-0.03291130065917969,0
1595895103.5132341,57.07629203796387,-0.03291130065917969,0
1595895103.52324,58.877363204956055,-0.03291130065917969,0
1595895103.5332325,60.67598819732666,-0.03291130065917969,0
1595895103.543237,62.47680187225342,-0.03291130065917969,0
1595895103.5532446,64.27817344665527,-0.03291130065917969,0
1595895103.5632386,66.07709884643555,-0.03291130065917969,0
1595895103.5732393,67.87722587585449,-0.03291130065917969,0
1595895103.583238,69.6769666671753,-0.03291130065917969,0
1595895103.5932357,71.47657871246338,-0.03291130065917969,0
1595895103.603244,73.27807903289795,-0.03291130065917969,0
1595895103.6132448,75.0782060623169,-0.03291130065917969,0
1595895103.623236,76.87661647796631,-0.03291130065917969,0
1595895103.6332376,78.6769151687622,-0.03291130065917969,0
1595895103.6432486,80.4788875579834,-0.03291130065917969,0
1595895103.6532447,82.27819919586182,-0.03291130065917969,0
1595895103.6632411,84.07755374908447,-0.03291130065917969,0
1595895103.6732345,85.87635040283203,-0.03291130065917969,0
1595895103.683247,87.67862319946289,-0.03291130065917969,0
1595895103.6932378,89.47694778442383,-0.03291130065917969,0
1595895103.7032332,91.27613067626953,-0.03291130065917969,0
1595895103.713248,93.07878971099854,-0.03291130065917969,0
1595895103.723237,94.8768138885498,-0.03291130065917969,0
1595895103.733235,96.67642593383789,-0.03291130065917969,0
1595895103.7432413,98.47758293151855,-0.03291130065917969,0
1595895103.7532394,100.27723789215088,-0.03291130065917969,0
1595895103.7632341,102.07629203796387,-0.03291130065917969,0
1595895103.7732441,103.8780927658081,-0.03291130065917969,0
1595895103.783241,105.67753314971924,-0.03291130065917969,0
1595895103.793244,107.47804641723633,-0.03291130065917969,0
1595895103.8032496,109.27907466888428,-0.03291130065917969,0
1595895103.813233,111.07606887817383,-0.03291130065917969,0
1595895103.823237,112.87679672241211,-0.03291130065917969,0
1595895103.833237,114.67679500579834,-0.03291130065917969,0
1595895103.843244,116.47808074951172,-0.03291130065917969,0
1595895103.8532417,118.27764987945557,-0.03291130065917969,0
1595895103.8632405,120.0774335861206,-0.03291130065917969,0
1595895103.873235,121.87644481658936,-0.03291130065917969,0
1595895103.8832445,123.67815971374512,-0.03291130065917969,0
1595895103.8932493,125.47901630401611,-0.03291130065917969,0
1595895103.9032335,127.27618217468262,-0.03291130065917969,0
1595895103.913248,129.07879829406738,-0.03291130065917969,0
1595895103.9232478,130.87875366210938,-0.03291130065917969,0
1595895103.933249,132.6789665222168,-0.03291130065917969,0
1595895103.9432468,134.47857856750488,-0.03291130065917969,0
1595895103.9532318,136.2758731842041,-0.03291130065917969,0
1595895103.9632332,138.07612895965576,-0.03291130065917969,0
1595895103.9732459,139.87840175628662,-0.03291130065917969,0
1595895103.9832466,141.67852878570557,-0.03291130065917969,0
1595895103.9932318,143.47586631774902,-0.03291130065917969,0
1595895104.0032396,145.27728080749512,-0.03291130065917969,0
1595895104.0132375,147.0768928527832,-0.03291130065917969,0
1595895104.0232427,148.87783527374268,-0.03291130065917969,0
1595895104.0332494,150.67903518676758,-0.03291130065917969,0
1595895104.0432343,152.4763298034668,-0.03291130065917969,0
1595895104.053239,154.2771863937378,-0.03291130065917969,0
1595895104.0632412,156.07757091522217,-0.03291130065917969,0
1595895104.0732508,157.87928581237793,-0.03291130065917969,0
1595895104.083232,159.67589378356934,-0.03291130065917969,0
1595895104.0932329,161.47606372833252,-0.03291130065917969,0
1595895104.103248,163.27876567840576,-0.03291130065917969,0
1595895104.1132407,165.07747650146484,-0.03291130065917969,0
1595895104.123247,166.87859058380127,-0.03291130065917969,0
1595895104.1332345,168.6763572692871,-0.03291130065917969,0
1595895104.1432483,170.47884464263916,-0.03291130065917969,0
1595895104.1532416,172.27764129638672,-0.03291130065917969,0
1595895104.1632497,174.07909870147705,-0.03291130065917969,0
1595895104.17324,175.8773374557495,-0.03291130065917969,0
1595895104.1832325,177.67600536346436,-0.03291130065917969,0
1595895104.193241,179.47750568389893,-0.03291130065917969,0
1595895104.2032382,181.27703189849854,-0.03291130065917969,0
1595895104.2132409,183.0775022506714,-0.03291130065917969,0
1595895104.2232451,184.8782730102539,-0.03291130065917969,0
1595895104.2332485,186.67887210845947,-0.03291130065917969,0
1595895104.2432313,188.47578048706055,-0.03291130065917969,0
1595895104.2532482,190.2788257598877,-0.03291130065917969,0
1595895104.2632382,192.07702159881592,-0.03291130065917969,0
1595895104.2732432,193.87792110443115,-0.03291130065917969,0
1595895104.283239,195.6771469116211,-0.03291130065917969,0
1595895104.2932372,197.47684478759766,-0.03291130065917969,0
1595895104.3032317,199.2758560180664,-0.03291130065917969,0
1595895104.3132503,201.07920169830322,-0.03291130065917969,0
1595895104.3232384,202.87705421447754,-0.03291130065917969,0
1595895104.3332477,204.67872619628906,-0.03291130065917969,0
1595895104.3432412,206.47756576538086,-0.03291130065917969,0
1595895104.353249,208.27898025512695,-0.03291130065917969,0
1595895104.363236,210.07661819458008,-0.03291130065917969,0
1595895104.3732316,211.87584400177002,-0.03291130065917969,0
1595895104.38325,213.6791467666626,-0.03291130065917969,0
1595895104.3932455,215.4783296585083,-0.03291130065917969,0
1595895104.4032462,217.27845668792725,-0.03291130065917969,0
1595895104.413242,219.07772541046143,-0.03291130065917969,0
1595895104.4232476,220.87871074676514,-0.03291130065917969,0
1595895104.4332466,222.6785373687744,-0.03291130065917969,0
1595895104.4432404,224.47741985321045,-0.03291130065917969,0
1595895104.4532504,226.2792205810547,-0.03291130065917969,0
1595895104.4632332,228.07612895965576,-0.03291130065917969,0
1595895104.4732347,229.87638473510742,-0.03291130065917969,0
1595895104.4832406,231.6774559020996,-0.03291130065917969,0
1595895104.493232,233.47590923309326,-0.03291130065917969,0
1595895104.5032318,235.27586460113525,-0.03291130065917969,0
1595895104.5132325,237.0759916305542,-0.03291130065917969,0
1595895104.5232477,238.87873649597168,-0.03291130065917969,0
1595895104.5332403,240.67740440368652,-0.03291130065917969,0
1595895104.543237,242.47680187225342,-0.03291130065917969,0
1595895104.5532362,244.27667140960693,-0.03291130065917969,0
1595895104.5632489,246.0789442062378,-0.03291130065917969,0
1595895104.573246,247.87842750549316,-0.03291130065917969,0
1595895104.5832322,249.67593669891357,-0.03291130065917969,0
1595895104.593238,251.47700786590576,-0.03291130065917969,0
1595895104.6032426,253.27782154083252,-0.03291130065917969,0
1595895104.6132472,255.07863521575928,-0.03291130065917969,0
1595895104.6232345,256.8763589859009,-0.03291130065917969,0
1595895104.633241,258.67751598358154,-0.03291130065917969,0
1595895104.6432498,260.4791021347046,-0.03291130065917969,0
1595895104.653234,262.2762680053711,-0.03291130065917969,0
1595895104.663238,264.0769958496094,-0.03291130065917969,0
1595895104.6732423,265.8777666091919,-0.03291130065917969,0
1595895104.6832476,267.67870903015137,-0.03291130065917969,0
1595895104.6932466,269.47853565216064,-0.03291130065917969,0
1595895104.703249,271.27896308898926,-0.03291130065917969,0
1595895104.7132313,273.07578563690186,-0.03291130065917969,0
1595895104.7232344,274.8763418197632,-0.03291130065917969,0
1595895104.7332337,276.6762113571167,-0.03291130065917969,0
1595895104.7432356,278.47655296325684,-0.03291130065917969,0
1595895104.7532482,280.2788257598877,-0.03291130065917969,0
1595895104.7632444,282.0781373977661,-0.03291130065917969,0
1595895104.7732356,283.8765478134155,-0.03291130065917969,0
1595895104.7832496,285.6790781021118,-0.03291130065917969,0
1595895104.793233,287.47607231140137,-0.03291130065917969,0
1595895104.8032424,289.27778720855713,-0.03291130065917969,0
1595895104.813232,291.0758972167969,-0.03291130065917969,0
1595895104.823231,292.87572383880615,-0.03291130065917969,0
1595895104.8332376,294.67692375183105,-0.03291130065917969,0
1595895104.8432317,296.4758491516113,-0.03291130065917969,0
1595895104.8532453,298.27829360961914,-0.03291130065917969,0
1595895104.863249,300.0789785385132,-0.03291130065917969,0
1595895104.8732486,301.87889099121094,-0.03291130065917969,0
1595895104.8832383,303.6770439147949,-0.03291130065917969,0
1595895104.8932328,305.4760551452637,-0.03291130065917969,0
1595895104.903247,307.2786283493042,-0.03291130065917969,0
1595895104.9132433,309.0779399871826,-0.03291130065917969,0
1595895104.9232438,310.8780241012573,-0.03291130065917969,0
1595895104.933234,312.6762628555298,-0.03291130065917969,0
1595895104.9432387,314.4771194458008,-0.03291130065917969,0
1595895104.953232,316.27591609954834,-0.03291130065917969,0
1595895104.963239,318.0771589279175,-0.03291130065917969,0
1595895104.9732456,319.8783588409424,-0.03291130065917969,0
1595895104.983249,321.67895793914795,-0.03291130065917969,0
1595895104.9932368,323.476767539978,-0.03291130065917969,0
1595895105.0032384,325.2770662307739,-0.03291130065917969,0
1595895105.0132384,327.07706451416016,-0.03291130065917969,0
1595895105.0232377,328.8769340515137,-0.03291130065917969,0
1595895105.0332432,330.6779193878174,-0.03291130065917969,0
1595895105.0432491,332.47899055480957,-0.03291130065917969,0
1595895105.0532346,334.27637100219727,-0.03291130065917969,0
1595895105.0632436,336.07800006866455,-0.03291130065917969,0
1595895105.0732334,337.87615299224854,-0.03291130065917969,0
1595895105.0832314,339.67580795288086,-0.03291130065917969,0
1595895105.0932431,341.47790908813477,-0.03291130065917969,0
1595895105.103233,343.276104927063,-0.03291130065917969,0
1595895105.1132412,345.0775623321533,-0.03291130065917969,0
1595895105.1232398,346.8773031234741,-0.03291130065917969,0
1595895105.1332328,348.67605686187744,-0.03291130065917969,0
1595895105.1432397,350.4772996902466,-0.03291130065917969,0
1595895105.1532376,352.27691173553467,-0.03291130065917969,0
1595895105.1632447,354.07819747924805,-0.03291130065917969,0
1595895105.1732316,355.8758354187012,-0.03291130065917969,0
1595895105.176626,356.4868211746216,-0.03291130065917969,0
1595895105.176626,358.9460463523865,-0.01924893856048584,0
1595895105.1824985,360,-0.01924893856048584,1
1595895105.1824985,0,0,0
1595895105.185477,0.5361413955688477,0,0
1595895105.185477,0.16084241867065435,-0.002084994316101074,0
1595895105.1924994,1.4248709678649902,-0.002084994316101074,0
1595895105.2025075,3.226328372955322,-0.002084994316101074,0
1595895105.2125113,5.027013301849365,-0.002084994316101074,0
1595895105.2225032,6.825552463531494,-0.002084994316101074,0
1595895105.2325048,8.625851154327393,-0.002084994316101074,0
1595895105.2424998,10.42494821548462,-0.002084994316101074,0
1595895105.2525167,12.22799348831177,-0.002084994316101074,0
1595895105.2625127,14.027262210845949,-0.002084994316101074,0
1595895105.2725005,15.825071811676027,-0.002084994316101074,0
1595895105.2825065,17.626142978668213,-0.002084994316101074,0
1595895105.292503,19.425540447235107,-0.002084994316101074,0
1595895105.3025172,21.228070735931396,-0.002084994316101074,0
1595895105.3125067,23.026180744171143,-0.002084994316101074,0
1595895105.3225098,24.82673692703247,-0.002084994316101074,0
1595895105.3325067,26.626177310943604,-0.002084994316101074,0
1595895105.3425083,28.426476001739502,-0.002084994316101074,0
1595895105.352502,30.225358486175537,-0.002084994316101074,0
1595895105.3625145,32.02758836746216,-0.002084994316101074,0
1595895105.3725104,33.82685708999634,-0.002084994316101074,0
1595895105.3825152,35.627713680267334,-0.002084994316101074,0
1595895105.3925083,37.426467418670654,-0.002084994316101074,0
1595895105.4024994,39.22487783432007,-0.002084994316101074,0
1595895105.4125133,41.02736520767212,-0.002084994316101074,0
1595895105.4225044,42.82577562332153,-0.002084994316101074,0
1595895105.4325042,44.625730991363525,-0.002084994316101074,0
1595895105.4425144,46.427574634551995,-0.002084994316101074,0
1595895105.4525127,48.22727251052856,-0.002084994316101074,0
1595895105.4625044,50.02576875686645,-0.002084994316101074,0
1595895105.4725065,51.82615327835082,-0.002084994316101074,0
1595895105.4825168,53.6279969215393,-0.002084994316101074,0
1595895105.4925056,55.42597818374633,-0.002084994316101074,0
1595895105.5025027,57.2254614830017,-0.002084994316101074,0
1595895105.5125136,59.02743387222289,-0.002084994316101074,0
1595895105.5225053,60.825930118560784,-0.002084994316101074,0
1595895105.5325003,62.62502717971801,-0.002084994316101074,0
1595895105.5425131,64.42734289169312,-0.002084994316101074,0
1595895105.5525172,66.2280707359314,-0.002084994316101074,0
1595895105.5625126,68.0272536277771,-0.002084994316101074,0
1595895105.572498,69.8246340751648,-0.002084994316101074,0
1595895105.5825052,71.62591981887817,-0.002084994316101074,0
1595895105.5925033,73.4255747795105,-0.002084994316101074,0
1595895105.6025152,75.22771883010864,-0.002084994316101074,0
1595895105.6125147,77.0276312828064,-0.002084994316101074,0
1595895105.622513,78.82732915878296,-0.002084994316101074,0
1595895105.6325076,80.62634038925171,-0.002084994316101074,0
1595895105.6425045,82.42578077316284,-0.002084994316101074,0
1595895105.6525033,84.22556447982788,-0.002084994316101074,0
1595895105.6625066,86.02616357803345,-0.002084994316101074,0
1595895105.672499,87.82478857040405,-0.002084994316101074,0
1595895105.6825073,89.62628889083862,-0.002084994316101074,0
1595895105.6925154,91.42774629592896,-0.002084994316101074,0
1595895105.7025142,93.227530002594,-0.002084994316101074,0
1595895105.7125132,95.02735662460327,-0.002084994316101074,0
1595895105.7225094,96.82666826248169,-0.002084994316101074,0
1595895105.7324986,98.6247353553772,-0.002084994316101074,0
1595895105.7424994,100.42486238479614,-0.002084994316101074,0
1595895105.7524986,102.22473192214966,-0.002084994316101074,0
1595895105.762516,104.02786302566528,-0.002084994316101074,0
1595895105.7725115,105.82704591751099,-0.002084994316101074,0
1595895105.7825,107.62498426437378,-0.002084994316101074,0
1595895105.7925007,109.42511129379272,-0.002084994316101074,0
1595895105.802507,111.22622537612915,-0.002084994316101074,0
1595895105.8125079,113.02639532089233,-0.002084994316101074,0
1595895105.82251,114.82677984237671,-0.002084994316101074,0
1595895105.832511,116.62694978713989,-0.002084994316101074,0
1595895105.8425148,118.42763471603394,-0.002084994316101074,0
1595895105.8525007,120.22510099411011,-0.002084994316101074,0
1595895105.8625088,122.02655839920044,-0.002084994316101074,0
1595895105.8725142,123.82754373550415,-0.002084994316101074,0
1595895105.8825045,125.62578248977661,-0.002084994316101074,0
1595895105.8924983,127.42466497421265,-0.002084994316101074,0
1595895105.9025073,129.22629404067993,-0.002084994316101074,0
1595895105.9125133,131.02736520767212,-0.002084994316101074,0
1595895105.9225106,132.82689142227173,-0.002084994316101074,0
1595895105.932506,134.62607431411743,-0.002084994316101074,0
1595895105.9425023,136.42538595199585,-0.002084994316101074,0
1595895105.9525156,138.22778749465942,-0.002084994316101074,0
1595895105.9625137,140.02744245529175,-0.002084994316101074,0
1595895105.9725,141.8249945640564,-0.002084994316101074,0
1595895105.9824977,143.62456369400024,-0.002084994316101074,0
1595895105.9925044,145.42576360702515,-0.002084994316101074,0
1595895106.0025167,147.22799348831177,-0.002084994316101074,0
1595895106.0125155,149.0277771949768,-0.002084994316101074,0
1595895106.0225093,150.82665967941284,-0.002084994316101074,0
1595895106.0325017,152.62528467178345,-0.002084994316101074,0
1595895106.0425029,154.42549753189087,-0.002084994316101074,0
1595895106.0525026,156.22545289993286,-0.002084994316101074,0
1595895106.06251,158.02678155899048,-0.002084994316101074,0
1595895106.0725014,159.82523488998413,-0.002084994316101074,0
1595895106.0825062,161.62609148025513,-0.002084994316101074,0
1595895106.0925064,163.4261326789856,-0.002084994316101074,0
1595895106.1025133,165.22737550735474,-0.002084994316101074,0
1595895106.112502,167.02535676956177,-0.002084994316101074,0
1595895106.1225069,168.82621335983276,-0.002084994316101074,0
1595895106.1325085,170.62651205062866,-0.002084994316101074,0
1595895106.142515,172.42766904830933,-0.002084994316101074,0
1595895106.1525028,174.2254786491394,-0.002084994316101074,0
1595895106.1625128,176.02727937698364,-0.002084994316101074,0
1595895106.17251,177.826762676239,-0.002084994316101074,0
1595895106.1825013,179.62521600723267,-0.002084994316101074,0
1595895106.1924984,181.42469930648807,-0.002084994316101074,0
1595895106.202515,183.22765874862674,-0.002084994316101074,0
1595895106.2125118,185.02709913253787,-0.002084994316101074,0
1595895106.222513,186.8273119926453,-0.002084994316101074,0
1595895106.2325065,188.6261515617371,-0.002084994316101074,0
1595895106.2425034,190.42559194564822,-0.002084994316101074,0
1595895106.252499,192.22481775283816,-0.002084994316101074,0
1595895106.262509,194.0266184806824,-0.002084994316101074,0
1595895106.2725115,195.82704591751101,-0.002084994316101074,0
1595895106.2825053,197.62592840194705,-0.002084994316101074,0
1595895106.292512,199.42712831497195,-0.002084994316101074,0
1595895106.302503,201.22553873062137,-0.002084994316101074,0
1595895106.3124998,203.02493619918826,-0.002084994316101074,0
1595895106.3225152,204.82772397994998,-0.002084994316101074,0
1595895106.3325148,206.62763643264773,-0.002084994316101074,0
1595895106.3425136,208.42742013931277,-0.002084994316101074,0
1595895106.3525014,210.22522974014285,-0.002084994316101074,0
1595895106.3625154,212.02776002883914,-0.002084994316101074,0
1595895106.372501,213.82514047622684,-0.002084994316101074,0
1595895106.382505,215.62586832046512,-0.002084994316101074,0
1595895106.3925116,217.42706823349002,-0.002084994316101074,0
1595895106.4025111,219.22698068618777,-0.002084994316101074,0
1595895106.4125087,221.02654981613162,-0.002084994316101074,0
1595895106.4225156,222.82779264450076,-0.002084994316101074,0
1595895106.4325118,224.62710428237918,-0.002084994316101074,0
1595895106.4425085,226.42650175094607,-0.002084994316101074,0
1595895106.4525023,228.2253842353821,-0.002084994316101074,0
1595895106.462504,230.025682926178,-0.002084994316101074,0
1595895106.4725003,231.82503747940066,-0.002084994316101074,0
1595895106.4824972,233.6244778633118,-0.002084994316101074,0
1595895106.4925144,235.42756605148318,-0.002084994316101074,0
1595895106.5025046,237.22580480575564,-0.002084994316101074,0
1595895106.5125139,239.02747678756717,-0.002084994316101074,0
1595895106.522507,240.8262305259705,-0.002084994316101074,0
1595895106.5325108,242.62691545486453,-0.002084994316101074,0
1595895106.5425138,244.42747163772586,-0.002084994316101074,0
1595895106.552501,246.22515249252322,-0.002084994316101074,0
1595895106.5625002,248.02502202987674,-0.002084994316101074,0
1595895106.5725143,249.82755231857303,-0.002084994316101074,0
1595895106.5825107,251.62690687179568,-0.002084994316101074,0
1595895106.5925133,253.42737722396853,-0.002084994316101074,0
1595895106.602508,255.22643136978152,-0.002084994316101074,0
1595895106.6124988,257.02475595474243,-0.002084994316101074,0
1595895106.6225016,258.8252692222595,-0.002084994316101074,0
1595895106.6325157,260.6277995109558,-0.002084994316101074,0
1595895106.6425004,262.4250512123108,-0.002084994316101074,0
1595895106.6525085,264.2265086174011,-0.002084994316101074,0
1595895106.6625085,266.02650690078735,-0.002084994316101074,0
1595895106.6725063,267.82611894607544,-0.002084994316101074,0
1595895106.6825027,269.6254734992981,-0.002084994316101074,0
1595895106.6925032,271.4255576133728,-0.002084994316101074,0
1595895106.7025154,273.2277445793152,-0.002084994316101074,0
1595895106.712499,275.024781703949,-0.002084994316101074,0
1595895106.722504,276.8256812095642,-0.002084994316101074,0
1595895106.732504,278.62567949295044,-0.002084994316101074,0
1595895106.7425032,280.42554903030396,-0.002084994316101074,0
1595895106.7525005,282.22507524490356,-0.002084994316101074,0
1595895106.7625015,284.02524518966675,-0.002084994316101074,0
1595895106.772513,285.8273034095764,-0.002084994316101074,0
1595895106.782499,287.6248126029968,-0.002084994316101074,0
1595895106.7925,289.42498254776,-0.002084994316101074,0
1595895106.802514,291.2275128364563,-0.002084994316101074,0
1595895106.8125002,293.0250220298767,-0.002084994316101074,0
1595895106.8225086,294.8265223503113,-0.002084994316101074,0
1595895106.83251,296.62677812576294,-0.002084994316101074,0
1595895106.8424978,298.424587726593,-0.002084994316101074,0
1595895106.8524985,300.22471475601196,-0.002084994316101074,0
1595895106.8625147,302.0276312828064,-0.002084994316101074,0
1595895106.872516,303.8278441429138,-0.002084994316101074,0
1595895106.8825047,305.62582540512085,-0.002084994316101074,0
1595895106.8925107,307.42689657211304,-0.002084994316101074,0
1595895106.9025073,309.22629404067993,-0.002084994316101074,0
1595895106.9125094,311.0266785621643,-0.002084994316101074,0
1595895106.9224973,312.8244881629944,-0.002084994316101074,0
1595895106.932514,314.6274905204773,-0.002084994316101074,0
1595895106.942507,316.4262442588806,-0.002084994316101074,0
1595895106.9525125,318.2272295951843,-0.002084994316101074,0
1595895106.9624994,320.02486753463745,-0.002084994316101074,0
1595895106.9725068,321.82619619369507,-0.002084994316101074,0
1595895106.9825137,323.6274390220642,-0.002084994316101074,0
1595895106.9925086,325.42653608322144,-0.002084994316101074,0
1595895107.0024972,327.22447443008423,-0.002084994316101074,0
1595895107.0125082,329.0264468193054,-0.002084994316101074,0
1595895107.0225084,330.8264880180359,-0.002084994316101074,0
1595895107.0325105,332.62687253952026,-0.002084994316101074,0
1595895107.0425162,334.4279007911682,-0.002084994316101074,0
1595895107.0525026,336.22545289993286,-0.002084994316101074,0
1595895107.0625145,338.027596950531,-0.002084994316101074,0
1595895107.0725088,339.8265652656555,-0.002084994316101074,0
1595895107.082504,341.625705242157,-0.002084994316101074,0
1595895107.0925107,343.4269051551819,-0.002084994316101074,0
1595895107.102508,345.2264313697815,-0.002084994316101074,0
1595895107.1125133,347.02737379074097,-0.002084994316101074,0
1595895107.1225142,348.82754373550415,-0.002084994316101074,0
1595895107.1325061,350.6260828971863,-0.002084994316101074,0
1595895107.1425033,352.42556619644165,-0.002084994316101074,0
1595895107.1525073,354.22629404067993,-0.002084994316101074,0
1595895107.162502,356.0253481864929,-0.002084994316101074,0
1595895107.1725147,357.8276209831238,-0.002084994316101074,0
1595895107.1825116,359.6270613670349,-0.002084994316101074,0
1595895107.1845837,360,-0.002084994316101074,1
1595895107.1845837,0,0,0
1595895107.194598,1.8025732040405273,0,0
1595895107.1955817,1.9796419143676758,0,0
1595895107.1955817,0.5938925743103027,-0.007698607444763183,0
1595895107.1982064,1.066347599029541,-0.007698607444763183,0
1595895107.1982064,0.31990427970886237,-0.01184551477432251,0
1595895107.2045958,1.4699925899505615,-0.01184551477432251,0
1595895107.214592,3.2693042278289792,-0.01184551477432251,0
1595895107.2245991,5.070589971542359,-0.01184551477432251,0
1595895107.234591,6.8691291332244875,-0.01184551477432251,0
1595895107.2445877,8.668526601791381,-0.01184551477432251,0
1595895107.2545915,10.469211530685424,-0.01184551477432251,0
1595895107.2645998,12.270711851119994,-0.01184551477432251,0
1595895107.274584,14.067877721786498,-0.01184551477432251,0
1595895107.2845938,15.869635534286498,-0.01184551477432251,0
1595895107.294589,17.668775510787963,-0.01184551477432251,0
1595895107.3045998,19.470704984664916,-0.01184551477432251,0
1595895107.3145847,21.267999601364135,-0.01184551477432251,0
1595895107.3245873,23.06846995353699,-0.01184551477432251,0
1595895107.3345945,24.86975569725037,-0.01184551477432251,0
1595895107.3446012,26.67095561027527,-0.01184551477432251,0
1595895107.3545954,28.469923925399783,-0.01184551477432251,0
1595895107.3645964,30.270093870162967,-0.01184551477432251,0
1595895107.3745909,32.06910510063172,-0.01184551477432251,0
1595895107.3845916,33.86923213005066,-0.01184551477432251,0
1595895107.3946023,35.671161603927615,-0.01184551477432251,0
1595895107.404587,37.468413305282596,-0.01184551477432251,0
1595895107.4145913,39.269184064865115,-0.01184551477432251,0
1595895107.4245865,41.06832404136658,-0.01184551477432251,0
1595895107.4345872,42.868451070785525,-0.01184551477432251,0
1595895107.4445963,44.67008013725281,-0.01184551477432251,0
1595895107.454591,46.4691342830658,-0.01184551477432251,0
1595895107.4645956,48.26994795799256,-0.01184551477432251,0
1595895107.4745848,50.068015050888064,-0.01184551477432251,0
1595895107.4845843,51.86792750358582,-0.01184551477432251,0
1595895107.4945848,53.668011617660525,-0.01184551477432251,0
1595895107.5045834,55.467752408981326,-0.01184551477432251,0
1595895107.514599,57.27058310508728,-0.01184551477432251,0
1595895107.5245926,59.06942267417908,-0.01184551477432251,0
1595895107.5345955,60.86993594169617,-0.01184551477432251,0
1595895107.5445938,62.66963381767273,-0.01184551477432251,0
1595895107.5545955,64.46993250846863,-0.01184551477432251,0
1595895107.5645893,66.26881499290467,-0.01184551477432251,0
1595895107.5745883,68.06864161491394,-0.01184551477432251,0
1595895107.584585,69.86803908348084,-0.01184551477432251,0
1595895107.5945988,71.67052645683289,-0.01184551477432251,0
1595895107.6045928,73.46945185661316,-0.01184551477432251,0
1595895107.6145995,75.27065176963806,-0.01184551477432251,0
1595895107.6245925,77.06940550804138,-0.01184551477432251,0
1595895107.6345909,78.86910338401795,-0.01184551477432251,0
1595895107.6445913,80.66918749809265,-0.01184551477432251,0
1595895107.6545994,82.47064490318299,-0.01184551477432251,0
1595895107.6645846,84.26798243522644,-0.01184551477432251,0
1595895107.6745987,86.07051272392273,-0.01184551477432251,0
1595895107.6846015,87.87102599143982,-0.01184551477432251,0
1595895107.6946008,89.67089552879334,-0.01184551477432251,0
1595895107.704585,91.46806139945984,-0.01184551477432251,0
1595895107.7145965,93.27011961936951,-0.01184551477432251,0
1595895107.724598,95.07037539482117,-0.01184551477432251,0
1595895107.7346015,96.87101740837097,-0.01184551477432251,0
1595895107.7445946,98.6697711467743,-0.01184551477432251,0
1595895107.7545934,100.46955485343933,-0.01184551477432251,0
1595895107.7645853,102.26809401512146,-0.01184551477432251,0
1595895107.7745912,104.06916518211365,-0.01184551477432251,0
1595895107.7845979,105.87036509513855,-0.01184551477432251,0
1595895107.7945964,107.67010588645935,-0.01184551477432251,0
1595895107.8045857,109.46817297935486,-0.01184551477432251,0
1595895107.8145978,111.27035994529724,-0.01184551477432251,0
1595895107.8245924,113.069371175766,-0.01184551477432251,0
1595895107.834596,114.8700131893158,-0.01184551477432251,0
1595895107.844593,116.66949648857117,-0.01184551477432251,0
1595895107.8545873,118.46846480369568,-0.01184551477432251,0
1595895107.8645911,120.26914973258972,-0.01184551477432251,0
1595895107.874583,122.06768889427185,-0.01184551477432251,0
1595895107.884588,123.86858839988709,-0.01184551477432251,0
1595895107.8946009,125.67090411186219,-0.01184551477432251,0
1595895107.9045973,127.47025866508484,-0.01184551477432251,0
1595895107.9145844,129.2679395198822,-0.01184551477432251,0
1595895107.9245844,131.06793780326842,-0.01184551477432251,0
1595895107.934602,132.87111182212828,-0.01184551477432251,0
1595895107.9445896,134.66887850761412,-0.01184551477432251,0
1595895107.9545884,136.46866221427916,-0.01184551477432251,0
1595895107.9645925,138.26939005851744,-0.01184551477432251,0
1595895107.9745853,140.06810088157653,-0.01184551477432251,0
1595895107.9845867,141.8683566570282,-0.01184551477432251,0
1595895107.9946005,143.67084403038024,-0.01184551477432251,0
1595895108.0045972,145.47024149894713,-0.01184551477432251,0
1595895108.0145943,147.2697247982025,-0.01184551477432251,0
1595895108.024601,149.0709247112274,-0.01184551477432251,0
1595895108.0345867,150.86834807395934,-0.01184551477432251,0
1595895108.0445874,152.66847510337828,-0.01184551477432251,0
1595895108.054592,154.46928877830504,-0.01184551477432251,0
1595895108.0645854,156.26812834739684,-0.01184551477432251,0
1595895108.0745943,158.0697144985199,-0.01184551477432251,0
1595895108.0846012,159.87095732688903,-0.01184551477432251,0
1595895108.094601,161.67091269493102,-0.01184551477432251,0
1595895108.1046011,163.4709538936615,-0.01184551477432251,0
1595895108.1145923,165.2693643093109,-0.01184551477432251,0
1595895108.1245837,167.06781764030455,-0.01184551477432251,0
1595895108.134599,168.87056250572203,-0.01184551477432251,0
1595895108.1445856,170.66815752983092,-0.01184551477432251,0
1595895108.154587,172.46841330528258,-0.01184551477432251,0
1595895108.1645951,174.2698707103729,-0.01184551477432251,0
1595895108.174589,176.06875319480895,-0.01184551477432251,0
1595895108.1845903,177.8690089702606,-0.01184551477432251,0
1595895108.1945827,179.66763396263121,-0.01184551477432251,0
1595895108.2045956,181.4699496746063,-0.01184551477432251,0
1595895108.2145991,183.27059168815612,-0.01184551477432251,0
1595895108.2245939,185.0696458339691,-0.01184551477432251,0
1595895108.2345984,186.87045950889586,-0.01184551477432251,0
1595895108.244586,188.6682261943817,-0.01184551477432251,0
1595895108.2545886,190.46869654655455,-0.01184551477432251,0
1595895108.2645924,192.2693814754486,-0.01184551477432251,0
1595895108.2745864,194.06830687522887,-0.01184551477432251,0
1595895108.2845895,195.8688630580902,-0.01184551477432251,0
1595895108.294588,197.668603849411,-0.01184551477432251,0
1595895108.3045847,199.4680013179779,-0.01184551477432251,0
1595895108.314592,201.26928706169127,-0.01184551477432251,0
1595895108.3245976,203.07031531333922,-0.01184551477432251,0
1595895108.3345892,204.8688115596771,-0.01184551477432251,0
1595895108.3445873,206.66846652030944,-0.01184551477432251,0
1595895108.3545995,208.47065348625182,-0.01184551477432251,0
1595895108.3646004,210.270823431015,-0.01184551477432251,0
1595895108.374595,212.06983466148375,-0.01184551477432251,0
1595895108.3846014,213.87099165916442,-0.01184551477432251,0
1595895108.394592,215.66931624412535,-0.01184551477432251,0
1595895108.4045887,217.46871371269225,-0.01184551477432251,0
1595895108.4146004,219.27081484794616,-0.01184551477432251,0
1595895108.4245946,221.06978316307067,-0.01184551477432251,0
1595895108.4345987,222.87051100730895,-0.01184551477432251,0
1595895108.4445865,224.66832060813903,-0.01184551477432251,0
1595895108.4545977,226.47033591270446,-0.01184551477432251,0
1595895108.4645898,228.26891798973082,-0.01184551477432251,0
1595895108.4745853,230.06810088157653,-0.01184551477432251,0
1595895108.4845939,231.86964411735534,-0.01184551477432251,0
1595895108.4945889,233.66874117851256,-0.01184551477432251,0
1595895108.5045924,235.46938319206237,-0.01184551477432251,0
1595895108.5145938,237.26963896751403,-0.01184551477432251,0
1595895108.5245929,239.0694655895233,-0.01184551477432251,0
1595895108.5345907,240.8690776348114,-0.01184551477432251,0
1595895108.544592,242.6692904949188,-0.01184551477432251,0
1595895108.5545876,244.46851630210875,-0.01184551477432251,0
1595895108.5646005,246.27083201408385,-0.01184551477432251,0
1595895108.5745864,248.06829829216002,-0.01184551477432251,0
1595895108.5845954,249.8699273586273,-0.01184551477432251,0
1595895108.5945842,251.66790862083434,-0.01184551477432251,0
1595895108.6046007,253.470868062973,-0.01184551477432251,0
1595895108.614585,255.26803393363951,-0.01184551477432251,0
1595895108.6245925,257.06940550804137,-0.01184551477432251,0
1595895108.6345854,258.86811633110045,-0.01184551477432251,0
1595895108.6445878,260.66854376792907,-0.01184551477432251,0
1595895108.6545827,262.4676408290863,-0.01184551477432251,0
1595895108.6645973,264.27025694847106,-0.01184551477432251,0
1595895108.6745863,266.0682811260223,-0.01184551477432251,0
1595895108.6846004,267.8708114147186,-0.01184551477432251,0
1595895108.6945856,269.6681489467621,-0.01184551477432251,0
1595895108.7045958,271.46999258995055,-0.01184551477432251,0
1595895108.7145882,273.26861758232116,-0.01184551477432251,0
1595895108.7245824,275.06758589744567,-0.01184551477432251,0
1595895108.734601,276.8709315776825,-0.01184551477432251,0
1595895108.7445867,278.6683549404144,-0.01184551477432251,0
1595895108.7545905,280.46903986930846,-0.01184551477432251,0
1595895108.7645822,282.26753611564635,-0.01184551477432251,0
1595895108.774594,284.0696801662445,-0.01184551477432251,0
1595895108.7845871,285.8684339046478,-0.01184551477432251,0
1595895108.7945912,287.6691617488861,-0.01184551477432251,0
1595895108.8045826,289.46761507987975,-0.01184551477432251,0
1595895108.8145845,291.2679566860199,-0.01184551477432251,0
1595895108.8245983,293.07044405937194,-0.01184551477432251,0
1595895108.8345962,294.87005610466,-0.01184551477432251,0
1595895108.844601,296.670912694931,-0.01184551477432251,0
1595895108.8545892,298.4688081264496,-0.01184551477432251,0
1595895108.8646016,300.2710380077362,-0.01184551477432251,0
1595895108.8745847,302.0679893016815,-0.01184551477432251,0
1595895108.8845878,303.86854548454284,-0.01184551477432251,0
1595895108.8945982,305.67043204307555,-0.01184551477432251,0
1595895108.9045942,307.46970076560973,-0.01184551477432251,0
1595895108.9145842,309.26789660453795,-0.01184551477432251,0
1595895108.924586,311.0682382106781,-0.01184551477432251,0
1595895108.9345922,312.8693522930145,-0.01184551477432251,0
1595895108.9445994,314.6706380367279,-0.01184551477432251,0
1595895108.954586,316.4682330608368,-0.01184551477432251,0
1595895108.9645956,318.26994795799254,-0.01184551477432251,0
1595895108.9745939,320.0696458339691,-0.01184551477432251,0
1595895108.9845977,321.87033076286315,-0.01184551477432251,0
1595895108.9945934,323.6695565700531,-0.01184551477432251,0
1595895109.004594,325.46968359947203,-0.01184551477432251,0
1595895109.0145872,327.26843733787535,-0.01184551477432251,0
1595895109.0245962,329.07006640434264,-0.01184551477432251,0
1595895109.03459,330.8689488887787,-0.01184551477432251,0
1595895109.0445912,332.6691617488861,-0.01184551477432251,0
1595895109.054583,334.4677009105682,-0.01184551477432251,0
1595895109.064594,336.2696732997894,-0.01184551477432251,0
1595895109.0745866,338.06834120750426,-0.01184551477432251,0
1595895109.084598,339.87039942741393,-0.01184551477432251,0
1595895109.0945868,341.66838068962096,-0.01184551477432251,0
1595895109.1045833,343.4677352428436,-0.01184551477432251,0
1595895109.1146002,345.27078051567076,-0.01184551477432251,0
1595895109.1245973,347.07026381492614,-0.01184551477432251,0
1595895109.1345837,348.8678159236908,-0.01184551477432251,0
1595895109.1445856,350.6681575298309,-0.01184551477432251,0
1595895109.1545827,352.4676408290863,-0.01184551477432251,0
1595895109.16459,354.26892657279967,-0.01184551477432251,0
1595895109.1745937,356.0696115016937,-0.01184551477432251,0
1595895109.1845875,357.86849398612975,-0.01184551477432251,0
1595895109.1945841,359.66789145469664,-0.01184551477432251,0
1595895109.1964436,360,-0.01184551477432251,1
1595895109.1964436,0,0,0
1595895109.2064621,1.8033456802368164,0,0
1595895109.2145681,3.2624244689941406,0,0
1595895109.2145681,0.9787273406982422,-0.012687206268310547,0
1595895109.2164571,1.3187456130981445,-0.012687206268310547,0
1595895109.2264473,3.1169843673706055,-0.012687206268310547,0
1595895109.2364588,4.919042587280273,-0.012687206268310547,0
1595895109.246444,6.7163801193237305,-0.012687206268310547,0
1595895109.2564573,8.518781661987305,-0.012687206268310547,0
1595895109.2621908,9.550809860229492,-0.012687206268310547,0
1595895109.2621908,2.8652429580688477,-0.04982924461364746,0
1595895109.2664547,3.6327409744262695,-0.04982924461364746,0
1595895109.2764444,5.430893898010254,-0.04982924461364746,0
1595895109.2864552,7.232823371887207,-0.04982924461364746,0
1595895109.2964623,9.034109115600586,-0.04982924461364746,0
1595895109.3064516,10.832176208496094,-0.04982924461364746,0
1595895109.3164546,12.632732391357422,-0.04982924461364746,0
1595895109.3264625,14.434146881103516,-0.04982924461364746,0
1595895109.3364623,16.234102249145508,-0.04982924461364746,0
1595895109.3464446,18.030924797058105,-0.04982924461364746,0
1595895109.3564584,19.833412170410156,-0.04982924461364746,0
1595895109.366456,21.632981300354004,-0.04982924461364746,0
1595895109.3764575,23.433237075805664,-0.04982924461364746,0
1595895109.3864586,25.233449935913086,-0.04982924461364746,0
1595895109.396455,27.032804489135742,-0.04982924461364746,0
1595895109.4064562,28.833017349243164,-0.04982924461364746,0
1595895109.4164574,30.633230209350586,-0.04982924461364746,0
1595895109.4264448,32.43095397949219,-0.04982924461364746,0
1595895109.436462,34.234042167663574,-0.04982924461364746,0
1595895109.4464607,36.03382587432861,-0.04982924461364746,0
1595895109.4564586,37.8334379196167,-0.04982924461364746,0
1595895109.4664435,39.63073253631592,-0.04982924461364746,0
1595895109.4764605,41.433777809143066,-0.04982924461364746,0
1595895109.4864483,43.231587409973145,-0.04982924461364746,0
1595895109.4964514,45.03214359283447,-0.04982924461364746,0
1595895109.5064619,46.83403015136719,-0.04982924461364746,0
1595895109.5164557,48.63291263580322,-0.04982924461364746,0
1595895109.52645,50.431880950927734,-0.04982924461364746,0
1595895109.5364547,52.23273754119873,-0.04982924461364746,0
1595895109.5464609,54.033851623535156,-0.04982924461364746,0
1595895109.5564582,55.833377838134766,-0.04982924461364746,0
1595895109.5664518,57.63221740722656,-0.04982924461364746,0
1595895109.5764549,59.43277359008789,-0.04982924461364746,0
1595895109.5864525,61.23234272003174,-0.04982924461364746,0
1595895109.596454,63.0325984954834,-0.04982924461364746,0
1595895109.6064565,64.83306884765625,-0.04982924461364746,0
1595895109.6164553,66.63285255432129,-0.04982924461364746,0
1595895109.6264493,68.43177795410156,-0.04982924461364746,0
1595895109.636455,70.23280620574951,-0.04982924461364746,0
1595895109.6464517,72.0322036743164,-0.04982924461364746,0
1595895109.6564558,73.83293151855469,-0.04982924461364746,0
1595895109.6664562,75.6330156326294,-0.04982924461364746,0
1595895109.6764524,77.43232727050781,-0.04982924461364746,0
1595895109.686444,79.2308235168457,-0.04982924461364746,0
1595895109.6964495,81.03180885314941,-0.04982924461364746,0
1595895109.706461,82.83386707305908,-0.04982924461364746,0
1595895109.716456,84.63296413421631,-0.04982924461364746,0
1595895109.726448,86.43154621124268,-0.04982924461364746,0
1595895109.7364545,88.23270320892334,-0.04982924461364746,0
1595895109.746443,90.03064155578613,-0.04982924461364746,0
1595895109.7564445,91.8308973312378,-0.04982924461364746,0
1595895109.766455,93.63278388977051,-0.04982924461364746,0
1595895109.776447,95.43136596679688,-0.04982924461364746,0
1595895109.786446,97.23119258880615,-0.04982924461364746,0
1595895109.7964513,99.03213500976562,-0.04982924461364746,0
1595895109.8064537,100.83256244659424,-0.04982924461364746,0
1595895109.8164446,102.63092994689941,-0.04982924461364746,0
1595895109.826459,104.43350315093994,-0.04982924461364746,0
1595895109.8364508,106.23204231262207,-0.04982924461364746,0
1595895109.846456,108.03298473358154,-0.04982924461364746,0
1595895109.8564513,109.83212471008301,-0.04982924461364746,0
1595895109.8664587,111.63345336914062,-0.04982924461364746,0
1595895109.8764467,113.43130588531494,-0.04982924461364746,0
1595895109.8864582,115.23336410522461,-0.04982924461364746,0
1595895109.8964598,117.03366279602051,-0.04982924461364746,0
1595895109.9064476,118.83147239685059,-0.04982924461364746,0
1595895109.9164608,120.63383102416992,-0.04982924461364746,0
1595895109.9264562,122.43301391601562,-0.04982924461364746,0
1595895109.9364524,124.23232555389404,-0.04982924461364746,0
1595895109.946448,126.03155136108398,-0.04982924461364746,0
1595895109.9564495,127.83180713653564,-0.04982924461364746,0
1595895109.9664469,129.63133335113525,-0.04982924461364746,0
1595895109.976452,131.43227577209473,-0.04982924461364746,0
1595895109.9864502,133.23193073272705,-0.04982924461364746,0
1595895109.996461,135.033860206604,-0.04982924461364746,0
1595895110.0064507,136.832013130188,-0.04982924461364746,0
1595895110.0164537,138.63256931304932,-0.04982924461364746,0
1595895110.026455,140.43278217315674,-0.04982924461364746,0
1595895110.0364447,142.23093509674072,-0.04982924461364746,0
1595895110.0464463,144.03123378753662,-0.04982924461364746,0
1595895110.0564444,145.83088874816895,-0.04982924461364746,0
1595895110.0664544,147.63268947601318,-0.04982924461364746,0
1595895110.0764608,149.43384647369385,-0.04982924461364746,0
1595895110.0864565,151.2330722808838,-0.04982924461364746,0
1595895110.0964453,153.03105354309082,-0.04982924461364746,0
1595895110.106457,154.83315467834473,-0.04982924461364746,0
1595895110.1164446,156.63092136383057,-0.04982924461364746,0
1595895110.1264617,158.43400955200195,-0.04982924461364746,0
1595895110.1364572,160.23319244384766,-0.04982924461364746,0
1595895110.146453,162.0324182510376,-0.04982924461364746,0
1595895110.1564517,163.83220195770264,-0.04982924461364746,0
1595895110.166443,165.6306552886963,-0.04982924461364746,0
1595895110.176454,167.43262767791748,-0.04982924461364746,0
1595895110.1864426,169.23056602478027,-0.04982924461364746,0
1595895110.196448,171.03155136108398,-0.04982924461364746,0
1595895110.2064507,172.83202171325684,-0.04982924461364746,0
1595895110.2164428,174.6306037902832,-0.04982924461364746,0
1595895110.2264462,176.43120288848877,-0.04982924461364746,0
1595895110.2364523,178.2323169708252,-0.04982924461364746,0
1595895110.2464483,180.03158569335938,-0.04982924461364746,0
1595895110.2564528,181.83239936828613,-0.04982924461364746,0
1595895110.2664502,183.63192558288574,-0.04982924461364746,0
1595895110.2764497,185.4318380355835,-0.04982924461364746,0
1595895110.2864532,187.2324800491333,-0.04982924461364746,0
1595895110.2964616,189.03398036956787,-0.04982924461364746,0
1595895110.306447,190.83136081695557,-0.04982924461364746,0
1595895110.3164515,192.63217449188232,-0.04982924461364746,0
1595895110.3264563,194.43303108215332,-0.04982924461364746,0
1595895110.3364487,196.23165607452393,-0.04982924461364746,0
1595895110.346448,198.03152561187744,-0.04982924461364746,0
1595895110.3564596,199.83362674713135,-0.04982924461364746,0
1595895110.3664536,201.63255214691162,-0.04982924461364746,0
1595895110.376451,203.43207836151123,-0.04982924461364746,0
1595895110.3864615,205.23396492004395,-0.04982924461364746,0
1595895110.3964515,207.03216075897217,-0.04982924461364746,0
1595895110.4064493,208.83177280426025,-0.04982924461364746,0
1595895110.416451,210.63207149505615,-0.04982924461364746,0
1595895110.426451,212.43206977844238,-0.04982924461364746,0
1595895110.4364455,214.23108100891113,-0.04982924461364746,0
1595895110.4464488,216.0316801071167,-0.04982924461364746,0
1595895110.4564505,217.8319787979126,-0.04982924461364746,0
1595895110.4664464,219.63124752044678,-0.04982924461364746,0
1595895110.476453,221.43244743347168,-0.04982924461364746,0
1595895110.486456,223.23296070098877,-0.04982924461364746,0
1595895110.4964447,225.0309419631958,-0.04982924461364746,0
1595895110.5064464,226.8312406539917,-0.04982924461364746,0
1595895110.516459,228.63351345062256,-0.04982924461364746,0
1595895110.526455,230.43278217315674,-0.04982924461364746,0
1595895110.5364563,232.2330379486084,-0.04982924461364746,0
1595895110.5464613,234.03393745422363,-0.04982924461364746,0
1595895110.5564525,235.83234786987305,-0.04982924461364746,0
1595895110.5664449,237.63097286224365,-0.04982924461364746,0
1595895110.5764537,239.4325590133667,-0.04982924461364746,0
1595895110.586457,241.23315811157227,-0.04982924461364746,0
1595895110.5964549,243.03277015686035,-0.04982924461364746,0
1595895110.6064508,244.83203887939453,-0.04982924461364746,0
1595895110.6164474,246.63143634796143,-0.04982924461364746,0
1595895110.6264436,248.43074798583984,-0.04982924461364746,0
1595895110.6364512,250.2321195602417,-0.04982924461364746,0
1595895110.6464422,252.03048706054688,-0.04982924461364746,0
1595895110.656449,253.83172988891602,-0.04982924461364746,0
1595895110.6664581,255.6333589553833,-0.04982924461364746,0
1595895110.6764517,257.4321985244751,-0.04982924461364746,0
1595895110.686457,259.23314094543457,-0.04982924461364746,0
1595895110.6964457,261.0311222076416,-0.04982924461364746,0
1595895110.7064543,262.8326654434204,-0.04982924461364746,0
1595895110.7164478,264.6315050125122,-0.04982924461364746,0
1595895110.7264552,266.4328336715698,-0.04982924461364746,0
1595895110.7364612,268.233904838562,-0.04982924461364746,0
1595895110.746442,270.0304698944092,-0.04982924461364746,0
1595895110.7564533,271.8324851989746,-0.04982924461364746,0
1595895110.7664535,273.6325263977051,-0.04982924461364746,0
1595895110.776452,275.4322671890259,-0.04982924461364746,0
1595895110.786457,277.2331666946411,-0.04982924461364746,0
1595895110.7964525,279.0323495864868,-0.04982924461364746,0
1595895110.8064606,280.83380699157715,-0.04982924461364746,0
1595895110.8164532,282.632474899292,-0.04982924461364746,0
1595895110.8264582,284.4333744049072,-0.04982924461364746,0
1595895110.8364592,286.2335443496704,-0.04982924461364746,0
1595895110.8464549,288.03277015686035,-0.04982924461364746,0
1595895110.8564467,289.8313093185425,-0.04982924461364746,0
1595895110.866445,291.63100719451904,-0.04982924461364746,0
1595895110.8764515,293.4321641921997,-0.04982924461364746,0
1595895110.8864481,295.2315616607666,-0.04982924461364746,0
1595895110.8964534,297.0325040817261,-0.04982924461364746,0
1595895110.9064608,298.8338327407837,-0.04982924461364746,0
1595895110.916444,300.63082695007324,-0.04982924461364746,0
1595895110.9264526,302.43237018585205,-0.04982924461364746,0
1595895110.9364574,304.23322677612305,-0.04982924461364746,0
1595895110.9464471,306.03137969970703,-0.04982924461364746,0
1595895110.9564574,307.8332233428955,-0.04982924461364746,0
1595895110.9664497,309.6318483352661,-0.04982924461364746,0
1595895110.9764569,311.4331340789795,-0.04982924461364746,0
1595895110.9864562,313.233003616333,-0.04982924461364746,0
1595895110.9964488,315.03167152404785,-0.04982924461364746,0
1595895111.0064473,316.83141231536865,-0.04982924461364746,0
1595895111.0164573,318.6332130432129,-0.04982924461364746,0
1595895111.0264544,320.43269634246826,-0.04982924461364746,0
1595895111.036452,322.2322654724121,-0.04982924461364746,0
1595895111.0464525,324.0323495864868,-0.04982924461364746,0
1595895111.0564525,325.83234786987305,-0.04982924461364746,0
1595895111.066446,327.63118743896484,-0.04982924461364746,0
1595895111.0764508,329.43204402923584,-0.04982924461364746,0
1595895111.0864468,331.23131275177,-0.04982924461364746,0
1595895111.0964484,333.0316114425659,-0.04982924461364746,0
1595895111.10646,334.8337125778198,-0.04982924461364746,0
1595895111.116451,336.632080078125,-0.04982924461364746,0
1595895111.1264539,338.4325933456421,-0.04982924461364746,0
1595895111.1364517,340.2322053909302,-0.04982924461364746,0
1595895111.146443,342.0306158065796,-0.04982924461364746,0
1595895111.1564505,343.83198738098145,-0.04982924461364746,0
1595895111.1664512,345.6321144104004,-0.04982924461364746,0
1595895111.176449,347.4317264556885,-0.04982924461364746,0
1595895111.186445,349.23099517822266,-0.04982924461364746,0
1595895111.1964514,351.0321521759033,-0.04982924461364746,0
1595895111.2064538,352.83257961273193,-0.04982924461364746,0
1595895111.2164464,354.6312475204468,-0.04982924461364746,0
1595895111.2198074,355.2362251281738,-0.04982924461364746,0
1595895111.2198074,358.57086753845215,-0.03130345344543457,0
1595895111.2264438,359.7654161453247,-0.03130345344543457,0
1595895111.2277591,360,-0.03130345344543457,1
1595895111.2277591,0,0,0
1595895111.2377734,1.8025732040405273,0,0
1595895111.2477741,3.6027002334594727,0,0
1595895111.2577665,5.401325225830078,0,0
1595895111.267761,7.200336456298828,0,0
1595895111.2777617,9.000463485717773,0,0
1595895111.2836728,10.06446361541748,0,0
1595895111.2836728,3.0193390846252446,-0.03913958072662353,0
1595895111.2877746,3.757654666900635,-0.03913958072662353,0
1595895111.2977777,5.558210849761964,-0.03913958072662353,0
1595895111.307773,7.357393741607667,-0.03913958072662353,0
1595895111.3177679,9.156447887420654,-0.03913958072662353,0
1595895111.327771,10.957004070281982,-0.03913958072662353,0
1595895111.3377662,12.756144046783447,-0.03913958072662353,0
1595895111.347759,14.55485486984253,-0.03913958072662353,0
1595895111.3577704,16.356913089752197,-0.03913958072662353,0
1595895111.3677716,18.15712594985962,-0.03913958072662353,0
1595895111.3777597,19.954978466033936,-0.03913958072662353,0
1595895111.387772,21.757208347320557,-0.03913958072662353,0
1595895111.3977613,23.55527544021606,-0.03913958072662353,0
1595895111.4077637,25.355702877044674,-0.03913958072662353,0
1595895111.4177766,27.158018589019772,-0.03913958072662353,0
1595895111.4277742,28.95758771896362,-0.03913958072662353,0
1595895111.4377663,30.756169795989987,-0.03913958072662353,0
1595895111.4477682,32.55651140213013,-0.03913958072662353,0
1595895111.4577663,34.35616636276245,-0.03913958072662353,0
1595895111.4677672,36.156336307525635,-0.03913958072662353,0
1595895111.4777746,37.95766496658325,-0.03913958072662353,0
1595895111.4877632,39.755603313446045,-0.03913958072662353,0
1595895111.4977756,41.557833194732666,-0.03913958072662353,0
1595895111.507762,43.355385303497314,-0.03913958072662353,0
1595895111.5177646,45.155855655670166,-0.03913958072662353,0
1595895111.5277627,46.95551061630249,-0.03913958072662353,0
1595895111.5377765,48.75799798965454,-0.03913958072662353,0
1595895111.547769,50.556665897369385,-0.03913958072662353,0
1595895111.5577705,52.356921672821045,-0.03913958072662353,0
1595895111.567761,54.155203342437744,-0.03913958072662353,0
1595895111.5777671,55.95631742477417,-0.03913958072662353,0
1595895111.5877764,57.75798940658569,-0.03913958072662353,0
1595895111.5977635,59.55567026138306,-0.03913958072662353,0
1595895111.6077735,61.357470989227295,-0.03913958072662353,0
1595895111.6177602,63.15506601333618,-0.03913958072662353,0
1595895111.6277697,64.95678091049194,-0.03913958072662353,0
1595895111.6377695,66.75673627853394,-0.03913958072662353,0
1595895111.6477597,68.5549750328064,-0.03913958072662353,0
1595895111.6577685,70.35656118392944,-0.03913958072662353,0
1595895111.6677682,72.15651655197144,-0.03913958072662353,0
1595895111.6777613,73.95527029037476,-0.03913958072662353,0
1595895111.6877692,75.75668478012085,-0.03913958072662353,0
1595895111.6977627,77.55552434921265,-0.03913958072662353,0
1595895111.7077606,79.35513639450073,-0.03913958072662353,0
1595895111.7177625,81.15547800064087,-0.03913958072662353,0
1595895111.7277684,82.95654916763306,-0.03913958072662353,0
1595895111.737774,84.75753450393677,-0.03913958072662353,0
1595895111.7477627,86.5555157661438,-0.03913958072662353,0
1595895111.7577715,88.35710191726685,-0.03913958072662353,0
1595895111.7677715,90.15710020065309,-0.03913958072662353,0
1595895111.777772,91.9571843147278,-0.03913958072662353,0
1595895111.7877622,93.75542306900026,-0.03913958072662353,0
1595895111.7977643,95.55580759048463,-0.03913958072662353,0
1595895111.8077593,97.35490465164186,-0.03913958072662353,0
1595895111.8177614,99.15528917312623,-0.03913958072662353,0
1595895111.8277624,100.95545911788942,-0.03913958072662353,0
1595895111.8377607,102.75515699386598,-0.03913958072662353,0
1595895111.847763,104.5555844306946,-0.03913958072662353,0
1595895111.857772,106.35721349716188,-0.03913958072662353,0
1595895111.8677688,108.15661096572877,-0.03913958072662353,0
1595895111.87777,109.9568238258362,-0.03913958072662353,0
1595895111.8877673,111.7563500404358,-0.03913958072662353,0
1595895111.8977697,113.55677747726442,-0.03913958072662353,0
1595895111.9077735,115.35746240615846,-0.03913958072662353,0
1595895111.9177606,117.15514326095582,-0.03913958072662353,0
1595895111.9277713,118.95707273483278,-0.03913958072662353,0
1595895111.937763,120.75556898117067,-0.03913958072662353,0
1595895111.9477713,122.55706930160524,-0.03913958072662353,0
1595895111.9577587,124.35479307174684,-0.03913958072662353,0
1595895111.967763,126.15556383132936,-0.03913958072662353,0
1595895111.977765,127.95594835281373,-0.03913958072662353,0
1595895111.9877682,129.75650453567505,-0.03913958072662353,0
1595895111.997762,131.55538702011108,-0.03913958072662353,0
1595895112.0077603,133.35508489608765,-0.03913958072662353,0
1595895112.0177712,135.15705728530884,-0.03913958072662353,0
1595895112.0277646,136.9558539390564,-0.03913958072662353,0
1595895112.0377698,138.75679636001587,-0.03913958072662353,0
1595895112.047761,140.55520677566528,-0.03913958072662353,0
1595895112.0577672,142.3563208580017,-0.03913958072662353,0
1595895112.067759,144.15486001968384,-0.03913958072662353,0
1595895112.0777717,145.9571328163147,-0.03913958072662353,0
1595895112.087764,147.7557578086853,-0.03913958072662353,0
1595895112.0977597,149.55498361587524,-0.03913958072662353,0
1595895112.107759,151.35485315322876,-0.03913958072662353,0
1595895112.117776,153.1578984260559,-0.03913958072662353,0
1595895112.1277742,154.95759630203247,-0.03913958072662353,0
1595895112.1377687,156.75660753250122,-0.03913958072662353,0
1595895112.147771,158.5569920539856,-0.03913958072662353,0
1595895112.1577752,160.35776281356812,-0.03913958072662353,0
1595895112.167765,162.1559157371521,-0.03913958072662353,0
1595895112.177769,163.95664358139038,-0.03913958072662353,0
1595895112.1877635,165.75565481185913,-0.03913958072662353,0
1595895112.1977603,167.55509519577026,-0.03913958072662353,0
1595895112.2077627,169.35552263259888,-0.03913958072662353,0
1595895112.2177668,171.15625047683716,-0.03913958072662353,0
1595895112.2277648,172.95590543746948,-0.03913958072662353,0
1595895112.2377608,174.75517416000366,-0.03913958072662353,0
1595895112.247762,176.55538702011108,-0.03913958072662353,0
1595895112.257775,178.35774564743042,-0.03913958072662353,0
1595895112.2677703,180.15688562393188,-0.03913958072662353,0
1595895112.2777755,181.95782804489136,-0.03913958072662353,0
1595895112.287772,183.757182598114,-0.03913958072662353,0
1595895112.2977614,185.55529260635376,-0.03913958072662353,0
1595895112.307765,187.35593461990356,-0.03913958072662353,0
1595895112.3177712,189.15704870224,-0.03913958072662353,0
1595895112.3277617,190.9553303718567,-0.03913958072662353,0
1595895112.337765,192.75592947006226,-0.03913958072662353,0
1595895112.3477738,194.5575156211853,-0.03913958072662353,0
1595895112.3577693,196.356698513031,-0.03913958072662353,0
1595895112.367775,198.15772676467896,-0.03913958072662353,0
1595895112.3777611,199.95523595809937,-0.03913958072662353,0
1595895112.3877637,201.75570631027222,-0.03913958072662353,0
1595895112.3977695,203.55673456192017,-0.03913958072662353,0
1595895112.4077663,205.3561749458313,-0.03913958072662353,0
1595895112.417765,207.1559157371521,-0.03913958072662353,0
1595895112.427766,208.95612859725952,-0.03913958072662353,0
1595895112.4377646,210.75586938858032,-0.03913958072662353,0
1595895112.447763,212.55556726455688,-0.03913958072662353,0
1595895112.457773,214.35736799240112,-0.03913958072662353,0
1595895112.467758,216.15466260910034,-0.03913958072662353,0
1595895112.4777596,217.95496129989624,-0.03913958072662353,0
1595895112.4877627,219.75551748275757,-0.03913958072662353,0
1595895112.4977636,221.55568742752075,-0.03913958072662353,0
1595895112.5077698,223.35680150985718,-0.03913958072662353,0
1595895112.5177624,225.15546941757202,-0.03913958072662353,0
1595895112.5277717,226.95714139938354,-0.03913958072662353,0
1595895112.5377693,228.7567105293274,-0.03913958072662353,0
1595895112.5477767,230.558039188385,-0.03913958072662353,0
1595895112.5577636,232.35567712783813,-0.03913958072662353,0
1595895112.5677588,234.1548171043396,-0.03913958072662353,0
1595895112.5777605,235.9551157951355,-0.03913958072662353,0
1595895112.587769,237.7566590309143,-0.03913958072662353,0
1595895112.5977643,239.55579900741577,-0.03913958072662353,0
1595895112.6077604,241.3551106452942,-0.03913958072662353,0
1595895112.6177666,243.15622472763062,-0.03913958072662353,0
1595895112.627768,244.95648050308228,-0.03913958072662353,0
1595895112.637774,246.75755167007446,-0.03913958072662353,0
1595895112.647767,248.55630540847778,-0.03913958072662353,0
1595895112.657758,250.35467290878296,-0.03913958072662353,0
1595895112.6677608,252.15518617630005,-0.03913958072662353,0
1595895112.677768,253.95647192001343,-0.03913958072662353,0
1595895112.6877768,255.75805807113647,-0.03913958072662353,0
1595895112.6977596,257.55496644973755,-0.03913958072662353,0
1595895112.7077668,259.3562521934509,-0.03913958072662353,0
1595895112.717775,261.1577525138855,-0.03913958072662353,0
1595895112.7277765,262.95800828933716,-0.03913958072662353,0
1595895112.7377708,264.75697660446167,-0.03913958072662353,0
1595895112.7477708,266.5569748878479,-0.03913958072662353,0
1595895112.7577603,268.35508489608765,-0.03913958072662353,0
1595895112.7677662,270.15615606307983,-0.03913958072662353,0
1595895112.7777658,271.9560685157776,-0.03913958072662353,0
1595895112.78777,273.7568392753601,-0.03913958072662353,0
1595895112.7977703,275.5568804740906,-0.03913958072662353,0
1595895112.8077588,277.35481882095337,-0.03913958072662353,0
1595895112.8177674,279.1563620567322,-0.03913958072662353,0
1595895112.8277743,280.9576048851013,-0.03913958072662353,0
1595895112.8377626,282.7555003166199,-0.03913958072662353,0
1595895112.8477669,284.5562710762024,-0.03913958072662353,0
1595895112.8577647,286.3558831214905,-0.03913958072662353,0
1595895112.8677652,288.1559672355652,-0.03913958072662353,0
1595895112.8777726,289.9572958946228,-0.03913958072662353,0
1595895112.88776,291.7550196647644,-0.03913958072662353,0
1595895112.8977578,293.5546317100525,-0.03913958072662353,0
1595895112.9077668,295.3562607765198,-0.03913958072662353,0
1595895112.917764,297.15574407577515,-0.03913958072662353,0
1595895112.9277637,298.95569944381714,-0.03913958072662353,0
1595895112.937767,300.7562985420227,-0.03913958072662353,0
1595895112.9477654,302.55599641799927,-0.03913958072662353,0
1595895112.9577746,304.3576683998108,-0.03913958072662353,0
1595895112.9677708,306.1569800376892,-0.03913958072662353,0
1595895112.9777765,307.95800828933716,-0.03913958072662353,0
1595895112.987758,309.7546591758728,-0.03913958072662353,0
1595895112.997771,311.55701780319214,-0.03913958072662353,0
1595895113.0077639,313.3557286262512,-0.03913958072662353,0
1595895113.01776,315.15504026412964,-0.03913958072662353,0
1595895113.0277584,316.9547381401062,-0.03913958072662353,0
1595895113.0377579,318.75465059280396,-0.03913958072662353,0
1595895113.0477664,320.55619382858276,-0.03913958072662353,0
1595895113.057775,322.3577370643616,-0.03913958072662353,0
1595895113.0677683,324.15653371810913,-0.03913958072662353,0
1595895113.0777686,325.9565749168396,-0.03913958072662353,0
1595895113.0877604,327.75511407852173,-0.03913958072662353,0
1595895113.0977669,329.5562710762024,-0.03913958072662353,0
1595895113.1077642,331.355797290802,-0.03913958072662353,0
1595895113.1177652,333.1559672355652,-0.03913958072662353,0
1595895113.1277742,334.95759630203247,-0.03913958072662353,0
1595895113.1377618,336.7553629875183,-0.03913958072662353,0
1595895113.1477747,338.5576786994934,-0.03913958072662353,0
1595895113.1577594,340.3549304008484,-0.03913958072662353,0
1595895113.1677697,342.15677404403687,-0.03913958072662353,0
1595895113.177758,343.9546694755554,-0.03913958072662353,0
1595895113.1877625,345.7554831504822,-0.03913958072662353,0
1595895113.1977606,347.5551381111145,-0.03913958072662353,0
1595895113.2077587,349.3547930717468,-0.03913958072662353,0
1595895113.2177658,351.1560788154602,-0.03913958072662353,0
1595895113.2277696,352.95676374435425,-0.03913958072662353,0
1595895113.2377613,354.75525999069214,-0.03913958072662353,0
1595895113.2400358,355.16467237472534,-0.03913958072662353,0
1595895113.2400358,358.5494017124176,-0.02033552885055545,0
1595895113.2477584,359.93947262763976,-0.02033552885055545,0
1595895113.248113,360,-0.02033552885055545,1
1595895113.248113,0,0,0
1595895113.2551482,1.2663459777832031,0,0
1595895113.2551482,0.379903793334961,-0.004924678802490234,0
1595895113.2581239,0.9155302047729493,-0.004924678802490234,0
1595895113.2681308,2.71677303314209,-0.004924678802490234,0
1595895113.2781243,4.515612602233887,-0.004924678802490234,0
1595895113.2881157,6.314065933227539,-0.004924678802490234,0
1595895113.2981198,8.11479377746582,-0.004924678802490234,0
1595895113.3081217,9.915135383605957,-0.004924678802490234,0
1595895113.3181245,11.715648651123049,-0.004924678802490234,0
1595895113.3281279,13.516247749328615,-0.004924678802490234,0
1595895113.3381276,15.316203117370607,-0.004924678802490234,0
1595895113.3481286,17.11637306213379,-0.004924678802490234,0
1595895113.358113,18.91358184814453,-0.004924678802490234,0
1595895113.368113,20.71358013153076,-0.004924678802490234,0
1595895113.3781264,22.515981674194336,-0.004924678802490234,0
1595895113.3881168,24.314263343811035,-0.004924678802490234,0
1595895113.398115,26.11391830444336,-0.004924678802490234,0
1595895113.4081156,27.914045333862305,-0.004924678802490234,0
1595895113.418129,29.71644687652588,-0.004924678802490234,0
1595895113.4281166,31.51421356201172,-0.004924678802490234,0
1595895113.4381306,33.31674385070801,-0.004924678802490234,0
1595895113.4481153,35.11399555206299,-0.004924678802490234,0
1595895113.4581213,36.915066719055176,-0.004924678802490234,0
1595895113.4681263,38.71596622467041,-0.004924678802490234,0
1595895113.4781206,40.51493453979492,-0.004924678802490234,0
1595895113.4881196,42.3147611618042,-0.004924678802490234,0
1595895113.4981158,44.11407279968262,-0.004924678802490234,0
1595895113.5081246,45.91565895080566,-0.004924678802490234,0
1595895113.518128,47.71625804901122,-0.004924678802490234,0
1595895113.5281126,49.513509750366204,-0.004924678802490234,0
1595895113.5381286,51.3163833618164,-0.004924678802490234,0
1595895113.5481236,53.115480422973626,-0.004924678802490234,0
1595895113.558116,54.91410541534423,-0.004924678802490234,0
1595895113.568119,56.71466159820556,-0.004924678802490234,0
1595895113.578114,58.513758659362786,-0.004924678802490234,0
1595895113.5881295,60.316546440124505,-0.004924678802490234,0
1595895113.5981202,62.11487102508544,-0.004924678802490234,0
1595895113.6081316,63.91692924499511,-0.004924678802490234,0
1595895113.6181264,65.7159833908081,-0.004924678802490234,0
1595895113.628129,67.51645374298096,-0.004924678802490234,0
1595895113.6381211,69.31503582000732,-0.004924678802490234,0
1595895113.6481204,71.11490535736084,-0.004924678802490234,0
1595895113.6581223,72.91524696350098,-0.004924678802490234,0
1595895113.66812,74.71481609344482,-0.004924678802490234,0
1595895113.6781242,76.51558685302734,-0.004924678802490234,0
1595895113.6881294,78.31652927398682,-0.004924678802490234,0
1595895113.6981301,80.11665630340576,-0.004924678802490234,0
1595895113.7081306,81.91674041748047,-0.004924678802490234,0
1595895113.718119,83.71463584899902,-0.004924678802490234,0
1595895113.7281306,85.51673698425293,-0.004924678802490234,0
1595895113.7381253,87.31579113006592,-0.004924678802490234,0
1595895113.748114,89.11377239227295,-0.004924678802490234,0
1595895113.7581189,90.91462898254395,-0.004924678802490234,0
1595895113.7681224,92.71527099609375,-0.004924678802490234,0
1595895113.7781248,94.51569843292236,-0.004924678802490234,0
1595895113.788115,96.31393718719482,-0.004924678802490234,0
1595895113.7981296,98.11655330657959,-0.004924678802490234,0
1595895113.808127,99.9160795211792,-0.004924678802490234,0
1595895113.8181303,101.71667861938477,-0.004924678802490234,0
1595895113.8281233,103.51543235778809,-0.004924678802490234,0
1595895113.838113,105.31358528137207,-0.004924678802490234,0
1595895113.8481276,107.11620140075684,-0.004924678802490234,0
1595895113.8581245,108.91564178466797,-0.004924678802490234,0
1595895113.868128,110.71628379821777,-0.004924678802490234,0
1595895113.87812,112.5148229598999,-0.004924678802490234,0
1595895113.8881252,114.31576538085938,-0.004924678802490234,0
1595895113.8981278,116.11623573303223,-0.004924678802490234,0
1595895113.9081151,117.91395950317383,-0.004924678802490234,0
1595895113.9181132,119.71361446380615,-0.004924678802490234,0
1595895113.9281178,121.51442813873291,-0.004924678802490234,0
1595895113.9381216,123.31511306762695,-0.004924678802490234,0
1595895113.9481268,125.11605548858643,-0.004924678802490234,0
1595895113.9581292,126.91648292541504,-0.004924678802490234,0
1595895113.968118,128.71446418762207,-0.004924678802490234,0
1595895113.9781127,130.51351833343506,-0.004924678802490234,0
1595895113.9881265,132.3160057067871,-0.004924678802490234,0
1595895113.9981134,134.11364364624023,-0.004924678802490234,0
1595895114.0081184,135.91454315185547,-0.004924678802490234,0
1595895114.018118,137.71445560455322,-0.004924678802490234,0
1595895114.028115,139.5139389038086,-0.004924678802490234,0
1595895114.038125,141.31573963165283,-0.004924678802490234,0
1595895114.0481138,143.11372089385986,-0.004924678802490234,0
1595895114.0581267,144.91603660583496,-0.004924678802490234,0
1595895114.0681145,146.71384620666504,-0.004924678802490234,0
1595895114.0781214,148.51508903503418,-0.004924678802490234,0
1595895114.0881157,150.3140573501587,-0.004924678802490234,0
1595895114.0981238,152.11551475524902,-0.004924678802490234,0
1595895114.1081312,153.91684341430664,-0.004924678802490234,0
1595895114.1181307,155.7167558670044,-0.004924678802490234,0
1595895114.1281297,157.51658248901367,-0.004924678802490234,0
1595895114.1381161,159.31413459777832,-0.004924678802490234,0
1595895114.14812,161.11481952667236,-0.004924678802490234,0
1595895114.1581163,162.91417407989502,-0.004924678802490234,0
1595895114.1681223,164.7152452468872,-0.004924678802490234,0
1595895114.1781201,166.5148572921753,-0.004924678802490234,0
1595895114.18813,168.3166151046753,-0.004924678802490234,0
1595895114.1981242,170.1155834197998,-0.004924678802490234,0
1595895114.2081308,171.9167833328247,-0.004924678802490234,0
1595895114.218123,173.71536540985107,-0.004924678802490234,0
1595895114.2281282,175.51630783081055,-0.004924678802490234,0
1595895114.238127,177.3160915374756,-0.004924678802490234,0
1595895114.2481222,179.11523151397705,-0.004924678802490234,0
1595895114.2581294,180.91651725769046,-0.004924678802490234,0
1595895114.2681236,182.71548557281497,-0.004924678802490234,0
1595895114.2781293,184.51651382446292,-0.004924678802490234,0
1595895114.2881308,186.31676959991458,-0.004924678802490234,0
1595895114.2981198,188.11479377746585,-0.004924678802490234,0
1595895114.3081286,189.9163799285889,-0.004924678802490234,0
1595895114.3181162,191.71414661407474,-0.004924678802490234,0
1595895114.328119,193.51465988159183,-0.004924678802490234,0
1595895114.33812,195.314829826355,-0.004924678802490234,0
1595895114.3481138,197.11371231079104,-0.004924678802490234,0
1595895114.3581138,198.91371059417727,-0.004924678802490234,0
1595895114.3681285,200.71636962890628,-0.004924678802490234,0
1595895114.3781233,202.51542377471927,-0.004924678802490234,0
1595895114.3881192,204.31469249725345,-0.004924678802490234,0
1595895114.3981225,206.115291595459,-0.004924678802490234,0
1595895114.4081216,207.9151182174683,-0.004924678802490234,0
1595895114.4181197,209.71477317810061,-0.004924678802490234,0
1595895114.4281273,211.51614475250247,-0.004924678802490234,0
1595895114.4381156,213.31404018402102,-0.004924678802490234,0
1595895114.4481208,215.1149826049805,-0.004924678802490234,0
1595895114.458114,216.91373634338382,-0.004924678802490234,0
1595895114.4681308,218.71678161621097,-0.004924678802490234,0
1595895114.4781172,220.51433372497561,-0.004924678802490234,0
1595895114.4881117,222.31334495544436,-0.004924678802490234,0
1595895114.4981217,224.1151456832886,-0.004924678802490234,0
1595895114.508117,225.91428565979007,-0.004924678802490234,0
1595895114.5181134,227.71364021301272,-0.004924678802490234,0
1595895114.5281248,229.5156984329224,-0.004924678802490234,0
1595895114.5381207,231.31496715545657,-0.004924678802490234,0
1595895114.5481265,233.11599540710452,-0.004924678802490234,0
1595895114.5581267,234.916036605835,-0.004924678802490234,0
1595895114.5681293,236.71650695800784,-0.004924678802490234,0
1595895114.578112,238.51337242126468,-0.004924678802490234,0
1595895114.5881186,240.31457233428958,-0.004924678802490234,0
1595895114.5981307,242.11675930023196,-0.004924678802490234,0
1595895114.608112,243.9134101867676,-0.004924678802490234,0
1595895114.6181126,245.7134943008423,-0.004924678802490234,0
1595895114.6281178,247.5144367218018,-0.004924678802490234,0
1595895114.6381178,249.31443500518802,-0.004924678802490234,0
1595895114.648115,251.1139183044434,-0.004924678802490234,0
1595895114.6581128,252.91353034973147,-0.004924678802490234,0
1595895114.6681135,254.71365737915042,-0.004924678802490234,0
1595895114.678117,256.5142993927002,-0.004924678802490234,0
1595895114.6881237,258.3154993057251,-0.004924678802490234,0
1595895114.6981158,260.11408138275146,-0.004924678802490234,0
1595895114.708115,261.913950920105,-0.004924678802490234,0
1595895114.7181249,263.715708732605,-0.004924678802490234,0
1595895114.7281253,265.5157928466797,-0.004924678802490234,0
1595895114.7381136,267.31368827819824,-0.004924678802490234,0
1595895114.7481189,269.1146306991577,-0.004924678802490234,0
1595895114.7581308,270.91677474975586,-0.004924678802490234,0
1595895114.7681246,272.7156572341919,-0.004924678802490234,0
1595895114.778129,274.51647090911865,-0.004924678802490234,0
1595895114.7881148,276.3138942718506,-0.004924678802490234,0
1595895114.798122,278.11518001556396,-0.004924678802490234,0
1595895114.8081172,279.91431999206543,-0.004924678802490234,0
1595895114.8181143,281.7138032913208,-0.004924678802490234,0
1595895114.8281302,283.516676902771,-0.004924678802490234,0
1595895114.8381226,285.3153018951416,-0.004924678802490234,0
1595895114.8481255,287.1158151626587,-0.004924678802490234,0
1595895114.858118,288.91448307037354,-0.004924678802490234,0
1595895114.868118,290.71448135375977,-0.004924678802490234,0
1595895114.87812,292.5148229598999,-0.004924678802490234,0
1595895114.8881147,294.3138771057129,-0.004924678802490234,0
1595895114.8981228,296.1153345108032,-0.004924678802490234,0
1595895114.90812,297.9148178100586,-0.004924678802490234,0
1595895114.9181302,299.71666145324707,-0.004924678802490234,0
1595895114.9281151,301.5139560699463,-0.004924678802490234,0
1595895114.9381278,303.31622886657715,-0.004924678802490234,0
1595895114.94812,305.11485385894775,-0.004924678802490234,0
1595895114.958121,306.91502380371094,-0.004924678802490234,0
1595895114.9681287,308.7163953781128,-0.004924678802490234,0
1595895114.9781191,310.5146770477295,-0.004924678802490234,0
1595895114.9881268,312.31604862213135,-0.004924678802490234,0
1595895114.9981165,314.11420154571533,-0.004924678802490234,0
1595895115.0081167,315.9142427444458,-0.004924678802490234,0
1595895115.0181298,317.71660137176514,-0.004924678802490234,0
1595895115.0281303,319.51668548583984,-0.004924678802490234,0
1595895115.0381122,321.31342220306396,-0.004924678802490234,0
1595895115.0481243,323.11560916900635,-0.004924678802490234,0
1595895115.058118,324.9144916534424,-0.004924678802490234,0
1595895115.0681274,326.7161636352539,-0.004924678802490234,0
1595895115.078112,328.51337242126465,-0.004924678802490234,0
1595895115.0881298,330.31658935546875,-0.004924678802490234,0
1595895115.0981116,332.11332607269287,-0.004924678802490234,0
1595895115.108118,333.91448307037354,-0.004924678802490234,0
1595895115.118119,335.7146530151367,-0.004924678802490234,0
1595895115.128128,337.516282081604,-0.004924678802490234,0
1595895115.1381228,339.315336227417,-0.004924678802490234,0
1595895115.1481156,341.1140470504761,-0.004924678802490234,0
1595895115.158128,342.9162769317627,-0.004924678802490234,0
1595895115.16812,344.7148160934448,-0.004924678802490234,0
1595895115.17812,346.51481437683105,-0.004924678802490234,0
1595895115.1881225,348.3152847290039,-0.004924678802490234,0
1595895115.1981158,350.11408138275146,-0.004924678802490234,0
1595895115.2081292,351.91648292541504,-0.004924678802490234,0
1595895115.218122,353.7151937484741,-0.004924678802490234,0
1595895115.2281237,355.51549243927,-0.004924678802490234,0
1595895115.238125,357.3157482147217,-0.004924678802490234,0
1595895115.2481163,359.1141586303711,-0.004924678802490234,0
1595895115.2530415,360,-0.004924678802490234,1
1595895115.2530415,0,0,0
1595895115.2630525,1.8019723892211914,0,0
1595895115.273054,3.6022281646728516,0,0
1595895115.283056,5.402612686157227,0,0
1595895115.2930598,7.2032976150512695,0,0
1595895115.300261,8.499512672424316,0,0
1595895115.300261,2.549853801727296,-0.033053660392761225,0
1595895115.3030446,3.0508904457092294,-0.033053660392761225,0
1595895115.313044,4.850802898406983,-0.033053660392761225,0
1595895115.3230515,6.6521315574646005,-0.033053660392761225,0
1595895115.333051,8.452044010162355,-0.033053660392761225,0
1595895115.34306,10.25367307662964,-0.033053660392761225,0
1595895115.3530416,12.050366878509523,-0.033053660392761225,0
1595895115.3630466,13.851266384124758,-0.033053660392761225,0
1595895115.373042,15.65044927597046,-0.033053660392761225,0
1595895115.3830519,17.45220708847046,-0.033053660392761225,0
1595895115.3930414,19.250317096710205,-0.033053660392761225,0
1595895115.403053,21.05241823196411,-0.033053660392761225,0
1595895115.4130585,22.853403568267822,-0.033053660392761225,0
1595895115.4230585,24.653401851654053,-0.033053660392761225,0
1595895115.4330451,26.45099687576294,-0.033053660392761225,0
1595895115.4430532,28.25245428085327,-0.033053660392761225,0
1595895115.4530597,30.053611278533936,-0.033053660392761225,0
1595895115.4630594,31.853566646575928,-0.033053660392761225,0
1595895115.473051,33.65206289291382,-0.033053660392761225,0
1595895115.4830463,35.45120286941528,-0.033053660392761225,0
1595895115.4930577,37.25326108932495,-0.033053660392761225,0
1595895115.5030546,39.052701473236084,-0.033053660392761225,0
1595895115.5130506,40.851970195770264,-0.033053660392761225,0
1595895115.5230548,42.65274095535278,-0.033053660392761225,0
1595895115.533052,44.452224254608154,-0.033053660392761225,0
1595895115.5430572,46.25316667556762,-0.033053660392761225,0
1595895115.553051,48.052049160003655,-0.033053660392761225,0
1595895115.563057,49.85312032699584,-0.033053660392761225,0
1595895115.5730586,51.65341901779174,-0.033053660392761225,0
1595895115.58305,53.45187234878539,-0.033053660392761225,0
1595895115.5930517,55.25217103958129,-0.033053660392761225,0
1595895115.6030593,57.05354261398315,-0.033053660392761225,0
1595895115.6130438,58.85075139999389,-0.033053660392761225,0
1595895115.6230426,60.65053510665893,-0.033053660392761225,0
1595895115.6330516,62.452164173126214,-0.033053660392761225,0
1595895115.6430457,64.2510895729065,-0.033053660392761225,0
1595895115.6530423,66.05048704147339,-0.033053660392761225,0
1595895115.6630433,67.85065698623657,-0.033053660392761225,0
1595895115.6730468,69.65129899978638,-0.033053660392761225,0
1595895115.6830442,71.45082521438599,-0.033053660392761225,0
1595895115.6930456,73.25108098983765,-0.033053660392761225,0
1595895115.7030442,75.05082178115845,-0.033053660392761225,0
1595895115.7130497,76.85180711746216,-0.033053660392761225,0
1595895115.723045,78.65099000930786,-0.033053660392761225,0
1595895115.7330437,80.45073080062866,-0.033053660392761225,0
1595895115.7430453,82.25102949142456,-0.033053660392761225,0
1595895115.7530415,84.05034112930298,-0.033053660392761225,0
1595895115.763057,85.8531289100647,-0.033053660392761225,0
1595895115.773042,87.65042352676392,-0.033053660392761225,0
1595895115.783042,89.45042181015015,-0.033053660392761225,0
1595895115.7930436,91.25072050094604,-0.033053660392761225,0
1595895115.803048,93.05149126052856,-0.033053660392761225,0
1595895115.813042,94.85041666030884,-0.033053660392761225,0
1595895115.823055,96.65277528762817,-0.033053660392761225,0
1595895115.833057,98.45311689376831,-0.033053660392761225,0
1595895115.8430495,100.25178480148315,-0.033053660392761225,0
1595895115.8530576,102.05324220657349,-0.033053660392761225,0
1595895115.863044,103.85079431533813,-0.033053660392761225,0
1595895115.8730476,105.65143632888794,-0.033053660392761225,0
1595895115.8830488,107.45164918899536,-0.033053660392761225,0
1595895115.893052,109.25224828720093,-0.033053660392761225,0
1595895115.9030557,111.05289030075073,-0.033053660392761225,0
1595895115.9130416,112.8503565788269,-0.033053660392761225,0
1595895115.923054,114.65258646011353,-0.033053660392761225,0
1595895115.9330528,116.45237016677856,-0.033053660392761225,0
1595895115.9430428,118.25056600570679,-0.033053660392761225,0
1595895115.953052,120.05223798751831,-0.033053660392761225,0
1595895115.9630415,121.85034799575806,-0.033053660392761225,0
1595895115.9730597,123.6536078453064,-0.033053660392761225,0
1595895115.983052,125.452232837677,-0.033053660392761225,0
1595895115.9930575,127.25321817398071,-0.033053660392761225,0
1595895116.003056,129.0529589653015,-0.033053660392761225,0
1595895116.0130541,130.85261392593384,-0.033053660392761225,0
1595895116.0230582,132.65334177017212,-0.033053660392761225,0
1595895116.0330482,134.45153760910034,-0.033053660392761225,0
1595895116.0430584,136.25338125228882,-0.033053660392761225,0
1595895116.053058,138.05329370498657,-0.033053660392761225,0
1595895116.063053,139.8523907661438,-0.033053660392761225,0
1595895116.0730515,141.6521315574646,-0.033053660392761225,0
1595895116.0830457,143.4510998725891,-0.033053660392761225,0
1595895116.0930507,145.25199937820435,-0.033053660392761225,0
1595895116.1030593,147.05354261398315,-0.033053660392761225,0
1595895116.1130414,148.8503222465515,-0.033053660392761225,0
1595895116.1230578,150.65328168869019,-0.033053660392761225,0
1595895116.133044,152.4507908821106,-0.033053660392761225,0
1595895116.1430469,154.25130414962769,-0.033053660392761225,0
1595895116.153054,156.05258989334106,-0.033053660392761225,0
1595895116.1630497,157.851815700531,-0.033053660392761225,0
1595895116.1730514,159.6521143913269,-0.033053660392761225,0
1595895116.183051,161.4520697593689,-0.033053660392761225,0
1595895116.1930566,163.2530550956726,-0.033053660392761225,0
1595895116.2030535,165.05249547958374,-0.033053660392761225,0
1595895116.213051,166.8520646095276,-0.033053660392761225,0
1595895116.2230456,168.65107583999634,-0.033053660392761225,0
1595895116.2330506,170.45197534561157,-0.033053660392761225,0
1595895116.2430422,172.25047159194946,-0.033053660392761225,0
1595895116.2530477,174.05145692825317,-0.033053660392761225,0
1595895116.2630424,175.85051107406616,-0.033053660392761225,0
1595895116.2730544,177.6526551246643,-0.033053660392761225,0
1595895116.2830443,179.45085096359253,-0.033053660392761225,0
1595895116.2930417,181.25037717819217,-0.033053660392761225,0
1595895116.3030462,183.05119085311892,-0.033053660392761225,0
1595895116.313048,184.85148954391482,-0.033053660392761225,0
1595895116.3230412,186.65028619766238,-0.033053660392761225,0
1595895116.3330522,188.45225858688357,-0.033053660392761225,0
1595895116.3430583,190.25337266922,-0.033053660392761225,0
1595895116.3530457,192.0510964393616,-0.033053660392761225,0
1595895116.363044,193.85079431533816,-0.033053660392761225,0
1595895116.373056,195.6529383659363,-0.033053660392761225,0
1595895116.3830476,197.4514346122742,-0.033053660392761225,0
1595895116.3930578,199.25327825546267,-0.033053660392761225,0
1595895116.403042,201.05044412612918,-0.033053660392761225,0
1595895116.4130445,202.8508715629578,-0.033053660392761225,0
1595895116.4230583,204.65335893630984,-0.033053660392761225,0
1595895116.4330492,206.45172643661502,-0.033053660392761225,0
1595895116.4430406,208.25017976760867,-0.033053660392761225,0
1595895116.4530501,210.05189466476443,-0.033053660392761225,0
1595895116.4630418,211.85039091110232,-0.033053660392761225,0
1595895116.4730432,213.65064668655398,-0.033053660392761225,0
1595895116.483046,215.45115995407107,-0.033053660392761225,0
1595895116.4930577,217.25326108932498,-0.033053660392761225,0
1595895116.5030575,219.05321645736697,-0.033053660392761225,0
1595895116.5130575,220.8532147407532,-0.033053660392761225,0
1595895116.5230432,222.65063810348514,-0.033053660392761225,0
1595895116.533057,224.4531254768372,-0.033053660392761225,0
1595895116.5430467,226.25127840042117,-0.033053660392761225,0
1595895116.5530422,228.05046129226687,-0.033053660392761225,0
1595895116.5630429,229.85058832168582,-0.033053660392761225,0
1595895116.573058,231.65329027175906,-0.033053660392761225,0
1595895116.583057,233.45311689376834,-0.033053660392761225,0
1595895116.5930476,235.25144147872928,-0.033053660392761225,0
1595895116.6030486,237.05161142349246,-0.033053660392761225,0
1595895116.6130555,238.8528542518616,-0.033053660392761225,0
1595895116.6230414,240.65032052993777,-0.033053660392761225,0
1595895116.6330435,242.45070505142215,-0.033053660392761225,0
1595895116.6430418,244.2504029273987,-0.033053660392761225,0
1595895116.6530461,246.05117368698123,-0.033053660392761225,0
1595895116.6630578,247.85327482223514,-0.033053660392761225,0
1595895116.6730478,249.65147066116336,-0.033053660392761225,0
1595895116.6830478,251.4514689445496,-0.033053660392761225,0
1595895116.6930413,253.2503085136414,-0.033053660392761225,0
1595895116.7030406,255.0501780509949,-0.033053660392761225,0
1595895116.7130501,256.85189294815063,-0.033053660392761225,0
1595895116.7230506,258.65197706222534,-0.033053660392761225,0
1595895116.7330494,260.4517607688904,-0.033053660392761225,0
1595895116.7430577,262.25326108932495,-0.033053660392761225,0
1595895116.7530403,264.0501265525818,-0.033053660392761225,0
1595895116.7630484,265.8515839576721,-0.033053660392761225,0
1595895116.773041,267.65025186538696,-0.033053660392761225,0
1595895116.783041,269.4502501487732,-0.033053660392761225,0
1595895116.7930558,271.2529091835022,-0.033053660392761225,0
1595895116.8030496,273.05179166793823,-0.033053660392761225,0
1595895116.8130414,274.85033082962036,-0.033053660392761225,0
1595895116.8230455,276.65105867385864,-0.033053660392761225,0
1595895116.8330493,278.4517436027527,-0.033053660392761225,0
1595895116.8430567,280.2530722618103,-0.033053660392761225,0
1595895116.8530512,282.05208349227905,-0.033053660392761225,0
1595895116.8630495,283.8517813682556,-0.033053660392761225,0
1595895116.873042,285.65044927597046,-0.033053660392761225,0
1595895116.8830433,287.4506621360779,-0.033053660392761225,0
1595895116.893054,289.25259160995483,-0.033053660392761225,0
1595895116.9030542,291.0526328086853,-0.033053660392761225,0
1595895116.913051,292.8520302772522,-0.033053660392761225,0
1595895116.9230409,294.6502261161804,-0.033053660392761225,0
1595895116.9330535,296.4524989128113,-0.033053660392761225,0
1595895116.943052,298.2522397041321,-0.033053660392761225,0
1595895116.95305,300.05185174942017,-0.033053660392761225,0
1595895116.963048,301.8515067100525,-0.033053660392761225,0
1595895116.9730592,303.6535220146179,-0.033053660392761225,0
1595895116.9830508,305.4520182609558,-0.033053660392761225,0
1595895116.9930496,307.25180196762085,-0.033053660392761225,0
