Type = Mirollor Strogatz (-ish),Function = Peskin,Refract =0.05,Epsilon =0.3,Gamma =1,Start_phase =270
Timestamp,Phase,Offset,Ping?
1596169285,270,0,0
1596169285.01,271.79540634155273,1.5,0,42
1596169285.02,273.5955762863159,1.5,0,42
1596169285.03,275.3947591781616,1.5,0,42
1596169285.04,277.1975040435791,1.5,0,42
1596169285.05,278.996901512146,1.5,0,42
1596169285.06,280.79479694366455,1.5,0,42
1596169285.07,282.59578227996826,1.5,0,42
1596169285.08,284.39663887023926,1.5,0,42
1596169285.09,286.1966800689697,1.5,0,42
1596169285.1,287.99500465393066,1.5,0,42
1596169285.1093419,289.67612743377686,1.5,0
1596169285.1093419,289.67612743377686,1.5,0
1596169285.11,289.796462059021,1.5,0,42
1596169285.1169689,291.0489892959595,1.5,0
1596169285.1169689,291.0489892959595,1.5,0
1596169285.12,291.5962028503418,1.5,0,42
1596169285.1299999,293.39512825012207,1.5,0,42
1596169285.1399999,295.19744396209717,1.5,0,42
1596169285.1499999,296.9957685470581,1.5,0,42
1596169285.1599998,298.7964105606079,1.5,0,42
1596169285.1699998,300.59640884399414,1.5,0,42
1596169285.1799998,302.3971366882324,1.5,0,42
1596169285.1899998,304.19477462768555,1.5,0,42
1596169285.1999998,305.9953308105469,1.5,0,42
1596169285.2099998,307.7955436706543,1.5,0,42
1596169285.2199998,309.59725856781006,1.5,0,42
1596169285.2299998,311.3945960998535,1.5,0,42
1596169285.2399998,313.1976842880249,1.5,0,42
1596169285.2499998,314.99682426452637,1.5,0,42
1596169285.2599998,316.79476261138916,1.5,0,42
1596169285.2699997,318.5962200164795,1.5,0,42
1596169285.2799997,320.3953170776367,1.5,0,42
1596169285.2899997,322.1952295303345,1.5,0,42
1596169285.2999997,323.995099067688,1.5,0,42
1596169285.3099997,325.7968997955322,1.5,0,42
1596169285.3199997,327.594838142395,1.5,0,42
1596169285.3299997,329.39698219299316,1.5,0,42
1596169285.3399997,331.1978816986084,1.5,0,42
1596169285.3499997,332.99612045288086,1.5,0,42
1596169285.3599997,334.7954750061035,1.5,0,42
1596169285.3699996,336.59512996673584,1.5,0,42
1596169285.3799996,338.3969306945801,1.5,0,42
1596169285.3899996,340.19654273986816,1.5,0,42
1596169285.3999996,341.99649810791016,1.5,0,42
1596169285.4099996,343.7956380844116,1.5,0,42
1596169285.4199996,345.5973958969116,1.5,0,42
1596169285.4299996,347.396879196167,1.5,0,42
1596169285.4399996,349.19636249542236,1.5,0,42
1596169285.4499996,350.9950304031372,1.5,0,42
1596169285.4599996,352.79605865478516,1.5,0,42
1596169285.4699996,354.5966577529907,1.5,0,42
1596169285.4799995,356.3960123062134,1.5,0,42
1596169285.4899995,358.19536685943604,1.5,0,42
1596169285.4999995,359.99454975128174,1.5,0,42
1596169285.5000415,360,1.5,1
1596169285.5000415,0,0,0
1596169285.5100415,1.8029594421386719,0,0,42
1596169285.5200415,3.6007261276245117,0,0,42
1596169285.5300415,5.401668548583984,0,0,42
1596169285.5400414,7.200379371643066,0,0,42
1596169285.5500414,9.001364707946777,0,0,42
1596169285.5600414,10.8030366897583,0,0,42
1596169285.5700414,12.6033353805542,0,0,42
1596169285.5800414,14.40058708190918,0,0,42
1596169285.5900414,16.200542449951172,0,0,42
1596169285.6000414,18.002901077270508,0,0,42
1596169285.6100414,19.803285598754883,0,0,42
1596169285.6200414,21.6005802154541,0,0,42
1596169285.6300414,23.400793075561523,0,0,42
1596169285.6400414,25.20237922668457,0,0,42
1596169285.6500413,27.00169086456299,0,0,42
1596169285.6600413,28.80061626434326,0,0,42
1596169285.6700413,30.601730346679688,0,0,42
1596169285.6800413,32.40095615386963,0,0,42
1596169285.6900413,34.20065402984619,0,0,42
1596169285.7000413,36.00271224975586,0,0,42
1596169285.7100413,37.80253887176514,0,0,42
1596169285.7200413,39.60266590118408,0,0,42
1596169285.7300413,41.400389671325684,0,0,42
1596169285.7400413,43.20291996002197,0,0,42
1596169285.7500412,45.00107288360596,0,0,42
1596169285.7600412,46.80184364318848,0,0,42
1596169285.7700412,48.603386878967285,0,0,42
1596169285.7800412,50.40231227874756,0,0,42
1596169285.7900412,52.2020959854126,0,0,42
1596169285.8000412,54.00097846984863,0,0,42
1596169285.8100412,55.8030366897583,0,0,42
1596169285.8200412,57.60157585144043,0,0,42
1596169285.8300412,59.400715827941895,0,0,42
1596169285.8400412,61.20015621185303,0,0,42
1596169285.8500412,63.00264358520508,0,0,42
1596169285.8600411,64.80019569396973,0,0,42
1596169285.8700411,66.6031551361084,0,0,42
1596169285.8800411,68.40036392211914,0,0,42
1596169285.890041,70.20169258117676,0,0,42
1596169285.900041,72.00173377990723,0,0,42
1596169285.910041,73.80173206329346,0,0,42
1596169285.920041,75.60211658477783,0,0,42
1596169285.930041,77.40237236022949,0,0,42
1596169285.940041,79.2000961303711,0,0,42
1596169285.950041,81.00155353546143,0,0,42
1596169285.960041,82.80313968658447,0,0,42
1596169285.970041,84.60245132446289,0,0,42
1596169285.980041,86.4025354385376,0,0,42
1596169285.990041,88.19995880126953,0,0,42
1596169286.000041,90.00051498413086,0,0,42
1596169286.010041,91.80004119873047,0,0,42
1596169286.020041,93.60197067260742,0,0,42
1596169286.030041,95.4023551940918,0,0,42
1596169286.040041,97.20278263092041,0,0,42
1596169286.050041,99.00080680847168,0,0,42
1596169286.060041,100.80209255218506,0,0,42
1596169286.070041,102.60239124298096,0,0,42
1596169286.080041,104.40333366394043,0,0,42
1596169286.090041,106.20122909545898,0,0,42
1596169286.100041,108.00264358520508,0,0,42
1596169286.110041,109.80002403259277,0,0,42
1596169286.120041,111.600022315979,0,0,42
1596169286.130041,113.40332508087158,0,0,42
1596169286.1400409,115.20079135894775,0,0,42
1596169286.1500409,117.0014762878418,0,0,42
1596169286.1600409,118.80224704742432,0,0,42
1596169286.1700408,120.60014247894287,0,0,42
1596169286.1800408,122.40232944488525,0,0,42
1596169286.1900408,124.20061111450195,0,0,42
1596169286.2000408,126.00005149841309,0,0,42
1596169286.2100408,127.8024959564209,0,0,42
1596169286.2200408,129.60326671600342,0,0,42
1596169286.2300408,131.4005184173584,0,0,42
1596169286.2400408,133.2011604309082,0,0,42
1596169286.2500408,135.00060081481934,0,0,42
1596169286.2600408,136.80068492889404,0,0,42
1596169286.2700408,138.60085487365723,0,0,42
1596169286.2800407,140.4004669189453,0,0,42
1596169286.2900407,142.20201015472412,0,0,42
1596169286.3000407,144.00046348571777,0,0,42
1596169286.3100407,145.80312252044678,0,0,42
1596169286.3200407,147.601318359375,0,0,42
1596169286.3300407,149.40135955810547,0,0,42
1596169286.3400407,151.2000274658203,0,0,42
1596169286.3500407,153.00281524658203,0,0,42
1596169286.3600407,154.80165481567383,0,0,42
1596169286.3700407,156.60062313079834,0,0,42
1596169286.3800406,158.40023517608643,0,0,42
1596169286.3900406,160.2009630203247,0,0,42
1596169286.4000406,162.00096130371094,0,0,42
1596169286.4100406,163.8014316558838,0,0,42
1596169286.4200406,165.59997081756592,0,0,42
1596169286.4300406,167.40134239196777,0,0,42
1596169286.4400406,169.20138359069824,0,0,42
1596169286.4500406,171.00193977355957,0,0,42
1596169286.4600406,172.8013801574707,0,0,42
1596169286.4700406,174.60030555725098,0,0,42
1596169286.4800406,176.40133380889893,0,0,42
1596169286.4900405,178.20180416107178,0,0,42
1596169286.5000405,179.99995708465576,0,0,42
1596169286.5100405,181.80004119873047,0,0,42
1596169286.5200405,183.60201358795166,0,0,42
1596169286.5300405,185.40209770202637,0,0,42
1596169286.5400405,187.20162391662598,0,0,42
1596169286.5500405,189.00140762329102,0,0,42
1596169286.5600405,190.80187797546387,0,0,42
1596169286.5700405,192.6020908355713,0,0,42
1596169286.5800405,194.40062999725342,0,0,42
1596169286.5900404,196.20062828063965,0,0,42
1596169286.6000404,198.00092697143555,0,0,42
1596169286.6100404,199.8019552230835,0,0,42
1596169286.6200404,201.60264015197754,0,0,42
1596169286.6300404,203.40139389038086,0,0,42
1596169286.6400404,205.20074844360352,0,0,42
1596169286.6500404,206.99988842010498,0,0,42
1596169286.6600404,208.80314826965332,0,0,42
1596169286.6700404,210.60245990753174,0,0,42
1596169286.6800404,212.4000120162964,0,0,42
1596169286.6900403,214.2017698287964,0,0,42
1596169286.7000403,216.00181102752686,0,0,42
1596169286.7100403,217.801251411438,0,0,42
1596169286.7200403,219.60275173187256,0,0,42
1596169286.7300403,221.4026641845703,0,0,42
1596169286.7400403,223.20064544677734,0,0,42
1596169286.7500403,225.00248908996582,0,0,42
1596169286.7600403,226.8025302886963,0,0,42
1596169286.7700403,228.5998249053955,0,0,42
1596169286.7800403,230.40244102478027,0,0,42
1596169286.7900403,232.2013235092163,0,0,42
1596169286.8000402,234.00187969207764,0,0,42
1596169286.8100402,235.8010196685791,0,0,42
1596169286.8200402,237.59977340698242,0,0,42
1596169286.8300402,239.4014024734497,0,0,42
1596169286.8400402,241.20174407958984,0,0,42
1596169286.8500402,243.00045490264893,0,0,42
1596169286.8600402,244.80298519134521,0,0,42
1596169286.8700402,246.60195350646973,0,0,42
1596169286.8800402,248.40049266815186,0,0,42
1596169286.8900402,250.2029800415039,0,0,42
1596169286.9000401,252.0012617111206,0,0,42
1596169286.9100401,253.80091667175293,0,0,42
1596169286.9200401,255.6020736694336,0,0,42
1596169286.9300401,257.40164279937744,0,0,42
1596169286.94004,259.2012548446655,0,0,42
1596169286.95004,260.99992275238037,0,0,42
1596169286.96004,262.8022813796997,0,0,42
1596169286.97004,264.6018934249878,0,0,42
1596169286.98004,266.40296459198,0,0,42
1596169286.99004,268.200945854187,0,0,42
1596169287.00004,270.0030469894409,0,0,42
1596169287.01004,271.80025577545166,0,0,42
1596169287.02004,273.6015844345093,0,0,42
1596169287.03004,275.40252685546875,0,0,42
1596169287.04004,277.20179557800293,0,0,42
1596169287.05004,279.0026521682739,0,0,42
1596169287.06004,280.80106258392334,0,0,42
1596169287.07004,282.60183334350586,0,0,42
1596169287.08004,284.3998146057129,0,0,42
1596169287.09004,286.202130317688,0,0,42
1596169287.10004,288.0029010772705,0,0,42
1596169287.11004,289.8009252548218,0,0,42
1596169287.12004,291.601824760437,0,0,42
1596169287.13004,293.40238094329834,0,0,42
1596169287.14004,295.2020788192749,0,0,42
1596169287.15004,297.001690864563,0,0,42
1596169287.16004,298.8027620315552,0,0,42
1596169287.17004,300.6011724472046,0,0,42
1596169287.18004,302.40108489990234,0,0,42
1596169287.1900399,304.2003107070923,0,0,42
1596169287.2000399,306.00000858306885,0,0,42
1596169287.2100399,307.8017234802246,0,0,42
1596169287.2200398,309.6015501022339,0,0,42
1596169287.2300398,311.40172004699707,0,0,42
1596169287.2400398,313.20188999176025,0,0,42
1596169287.2500398,315.00115871429443,0,0,42
1596169287.2600398,316.80102825164795,0,0,42
1596169287.2700398,318.60119819641113,0,0,42
1596169287.2800398,320.4020118713379,0,0,42
1596169287.2900398,322.2005081176758,0,0,42
1596169287.3000398,324.0028238296509,0,0,42
1596169287.3100398,325.8016633987427,0,0,42
1596169287.3200397,327.600417137146,0,0,42
1596169287.3300397,329.39990043640137,0,0,42
1596169287.3400397,331.1997699737549,0,0,42
1596169287.3500397,333.0003261566162,0,0,42
1596169287.3600397,334.8010540008545,0,0,42
1596169287.3700397,336.6011381149292,0,0,42
1596169287.3800397,338.40259552001953,0,0,42
1596169287.3900397,340.20057678222656,0,0,42
1596169287.4000397,342.0015621185303,0,0,42
1596169287.4100397,343.80005836486816,0,0,42
1596169287.4200397,345.6003141403198,0,0,42
1596169287.4300396,347.4009132385254,0,0,42
1596169287.4400396,349.20061111450195,0,0,42
1596169287.4500396,351.0001802444458,0,0,42
1596169287.4600396,352.80120849609375,0,0,42
1596169287.4700396,354.60039138793945,0,0,42
1596169287.4800396,356.3997459411621,0,0,42
1596169287.4900396,358.20287704467773,0,0,42
1596169287.5000453,360,0,1
1596169287.5000453,0,0,0
1596169287.5100453,1.8024015426635742,0,0,42
1596169287.5200453,3.6004257202148438,0,0,42
1596169287.5300453,5.403127670288086,0,0,42
1596169287.5400453,7.203426361083984,0,0,42
1596169287.5500453,9.001622200012207,0,0,42
1596169287.5600452,10.800418853759766,0,0,42
1596169287.5700452,12.60256290435791,0,0,42
1596169287.5800452,14.400200843811035,0,0,42
1596169287.5900452,16.200156211853027,0,0,42
1596169287.6000452,18.00011157989502,0,0,42
1596169287.6100452,19.80088233947754,0,0,42
1596169287.6200452,21.603240966796875,0,0,42
1596169287.6300452,23.402252197265625,0,0,42
1596169287.6400452,25.20237922668457,0,0,42
1596169287.6500452,26.999974250793457,0,0,42
1596169287.6600451,28.80014419555664,0,0,42
1596169287.6700451,30.600314140319824,0,0,42
1596169287.6800451,32.400269508361816,0,0,42
1596169287.690045,34.20215606689453,0,0,42
1596169287.700045,36.00245475769043,0,0,42
1596169287.710045,37.80125141143799,0,0,42
1596169287.720045,39.59996223449707,0,0,42
1596169287.730045,41.40322208404541,0,0,42
1596169287.740045,43.202576637268066,0,0,42
1596169287.750045,45.00081539154053,0,0,42
1596169287.760045,46.802873611450195,0,0,42
1596169287.770045,48.600897789001465,0,0,42
1596169287.780045,50.40076732635498,0,0,42
1596169287.790045,52.20334053039551,0,0,42
1596169287.800045,54.000205993652344,0,0,42
1596169287.810045,55.80033302307129,0,0,42
1596169287.820045,57.60200500488281,0,0,42
1596169287.830045,59.40337657928467,0,0,42
1596169287.840045,61.201186180114746,0,0,42
1596169287.850045,63.00041198730469,0,0,42
1596169287.860045,64.80302810668945,0,0,42
1596169287.870045,66.60311222076416,0,0,42
1596169287.880045,68.40070724487305,0,0,42
1596169287.890045,70.19997596740723,0,0,42
1596169287.900045,72.00173377990723,0,0,42
1596169287.910045,73.80228996276855,0,0,42
1596169287.920045,75.60168743133545,0,0,42
1596169287.930045,77.40082740783691,0,0,42
1596169287.9400449,79.20018196105957,0,0,42
1596169287.9500449,81.00030899047852,0,0,42
1596169287.9600449,82.80146598815918,0,0,42
1596169287.9700449,84.60283756256104,0,0,42
1596169287.9800448,86.40146255493164,0,0,42
1596169287.9900448,88.20043087005615,0,0,42
1596169288.0000448,90.00253200531006,0,0,42
1596169288.0100448,91.80270195007324,0,0,42
1596169288.0200448,93.60072612762451,0,0,42
1596169288.0300448,95.40278434753418,0,0,42
1596169288.0400448,97.20067977905273,0,0,42
1596169288.0500448,99.00196552276611,0,0,42
1596169288.0600448,100.80003261566162,0,0,42
1596169288.0700448,102.60136127471924,0,0,42
1596169288.0800447,104.4025182723999,0,0,42
1596169288.0900447,106.20303153991699,0,0,42
1596169288.1000447,108.00174236297607,0,0,42
1596169288.1100447,109.80126857757568,0,0,42
1596169288.1200447,111.6020393371582,0,0,42
1596169288.1300447,113.40328216552734,0,0,42
1596169288.1400447,115.20092010498047,0,0,42
1596169288.1500447,117.00074672698975,0,0,42
1596169288.1600447,118.80095958709717,0,0,42
1596169288.1700447,120.60181617736816,0,0,42
1596169288.1800447,122.40254402160645,0,0,42
1596169288.1900446,124.20061111450195,0,0,42
1596169288.2000446,125.99987983703613,0,0,42
1596169288.2100446,127.80099391937256,0,0,42
1596169288.2200446,129.6031379699707,0,0,42
1596169288.2300446,131.40236377716064,0,0,42
1596169288.2400446,133.20098876953125,0,0,42
1596169288.2500446,135.000901222229,0,0,42
1596169288.2600446,136.80038452148438,0,0,42
1596169288.2700446,138.60162734985352,0,0,42
1596169288.2800446,140.40038108825684,0,0,42
1596169288.2900445,142.2013235092163,0,0,42
1596169288.3000445,144.00097846984863,0,0,42
1596169288.3100445,145.80144882202148,0,0,42
1596169288.3200445,147.60286331176758,0,0,42
1596169288.3300445,149.40256118774414,0,0,42
1596169288.3400445,151.2000274658203,0,0,42
1596169288.3500445,153.00195693969727,0,0,42
1596169288.3600445,154.80148315429688,0,0,42
1596169288.3700445,156.60062313079834,0,0,42
1596169288.3800445,158.4030246734619,0,0,42
1596169288.3900445,160.20164966583252,0,0,42
1596169288.4000444,162.00289249420166,0,0,42
1596169288.4100444,163.80117416381836,0,0,42
1596169288.4200444,165.60233116149902,0,0,42
1596169288.4300444,167.39996910095215,0,0,42
1596169288.4400444,169.20305728912354,0,0,42
1596169288.4500444,171.0014247894287,0,0,42
1596169288.4600444,172.8018093109131,0,0,42
1596169288.4700444,174.60322380065918,0,0,42
1596169288.4800444,176.4001750946045,0,0,42
1596169288.4900444,178.20120334625244,0,0,42
1596169288.5000443,180.00227451324463,0,0,42
1596169288.5100443,181.8017578125,0,0,42
1596169288.5200443,183.600811958313,0,0,42
1596169288.5300443,185.40093898773193,0,0,42
1596169288.5400443,187.20033645629883,0,0,42
1596169288.5500443,188.99999141693115,0,0,42
1596169288.5600443,190.80149173736572,0,0,42
1596169288.5700443,192.60213375091553,0,0,42
1596169288.5800443,194.40208911895752,0,0,42
1596169288.5900443,196.2017011642456,0,0,42
1596169288.6000443,198.0027723312378,0,0,42
1596169288.6100442,199.8001527786255,0,0,42
1596169288.6200442,201.60251140594482,0,0,42
1596169288.6300442,203.4001064300537,0,0,42
1596169288.6400442,205.20023345947266,0,0,42
1596169288.6500442,207.0012617111206,0,0,42
1596169288.6600442,208.8023328781128,0,0,42
1596169288.6700442,210.60104370117188,0,0,42
1596169288.6800442,212.40254402160645,0,0,42
1596169288.6900442,214.20288562774658,0,0,42
1596169288.7000442,216.00258350372314,0,0,42
1596169288.7100441,217.80232429504395,0,0,42
1596169288.7200441,219.6007776260376,0,0,42
1596169288.7300441,221.3998317718506,0,0,42
1596169288.740044,223.20017337799072,0,0,42
1596169288.750044,225.0,0,0,42
1596169288.760044,226.80124282836914,0,0,42
1596169288.770044,228.59986782073975,0,0,42
1596169288.780044,230.4019260406494,0,0,42
1596169288.790044,232.19990730285645,0,0,42
1596169288.800044,234.00136470794678,0,0,42
1596169288.810044,235.80209255218506,0,0,42
1596169288.820044,237.601318359375,0,0,42
1596169288.830044,239.40020084381104,0,0,42
1596169288.840044,241.20140075683594,0,0,42
1596169288.850044,243.00307273864746,0,0,42
1596169288.860044,244.80212688446045,0,0,42
1596169288.870044,246.60272598266602,0,0,42
1596169288.880044,248.40319633483887,0,0,42
1596169288.890044,250.20182132720947,0,0,42
1596169288.900044,252.0018196105957,0,0,42
1596169288.910044,253.80057334899902,0,0,42
1596169288.920044,255.60125827789307,0,0,42
1596169288.930044,257.4003553390503,0,0,42
1596169288.940044,259.2021131515503,0,0,42
1596169288.950044,261.00146770477295,0,0,42
1596169288.960044,262.8012943267822,0,0,42
1596169288.970044,264.60082054138184,0,0,42
1596169288.980044,266.40069007873535,0,0,42
1596169288.9900439,268.20043087005615,0,0,42
1596169289.0000439,270.00128746032715,0,0,42
1596169289.0100439,271.8014144897461,0,0,42
1596169289.0200438,273.6003828048706,0,0,42
1596169289.0300438,275.4003381729126,0,0,42
1596169289.0400438,277.2003364562988,0,0,42
1596169289.0500438,279.0023946762085,0,0,42
1596169289.0600438,280.80063343048096,0,0,42
1596169289.0700438,282.60226249694824,0,0,42
1596169289.0800438,284.400372505188,0,0,42
1596169289.0900438,286.20264530181885,0,0,42
1596169289.1000438,288.0022144317627,0,0,42
1596169289.1100438,289.80066776275635,0,0,42
1596169289.1200438,291.6015672683716,0,0,42
1596169289.1300437,293.39972019195557,0,0,42
1596169289.1400437,295.20113468170166,0,0,42
1596169289.1500437,297.00220584869385,0,0,42
1596169289.1600437,298.8028049468994,0,0,42
1596169289.1700437,300.6022024154663,0,0,42
1596169289.1800437,302.40095615386963,0,0,42
1596169289.1900437,304.2008686065674,0,0,42
1596169289.2000437,306.0028839111328,0,0,42
1596169289.2100437,307.8018093109131,0,0,42
1596169289.2200437,309.6021509170532,0,0,42
1596169289.2300436,311.40090465545654,0,0,42
1596169289.2400436,313.19987297058105,0,0,42
1596169289.2500436,315.00038623809814,0,0,42
1596169289.2600436,316.7998695373535,0,0,42
1596169289.2700436,318.60145568847656,0,0,42
1596169289.2800436,320.3999090194702,0,0,42
1596169289.2900436,322.20304012298584,0,0,42
1596169289.3000436,324.00020599365234,0,0,42
1596169289.3100436,325.8029079437256,0,0,42
1596169289.3200436,327.6027774810791,0,0,42
1596169289.3300436,329.4009733200073,0,0,42
1596169289.3400435,331.2012720108032,0,0,42
1596169289.3500435,333.001184463501,0,0,42
1596169289.3600435,334.80302810668945,0,0,42
1596169289.3700435,336.6020393371582,0,0,42
1596169289.3800435,338.4019088745117,0,0,42
1596169289.3900435,340.2028512954712,0,0,42
1596169289.4000435,342.00164794921875,0,0,42
1596169289.4100435,343.80297660827637,0,0,42
1596169289.4200435,345.60203075408936,0,0,42
1596169289.4300435,347.40129947662354,0,0,42
1596169289.4400434,349.2025852203369,0,0,42
1596169289.4500434,351.002197265625,0,0,42
1596169289.4600434,352.8017234802246,0,0,42
1596169289.4700434,354.5998764038086,0,0,42
1596169289.4800434,356.40103340148926,0,0,42
1596169289.4900434,358.20133209228516,0,0,42
1596169289.5000525,360,0,1
1596169289.5000525,0,0,0
1596169289.5100524,1.8002986907958984,0,0,42
1596169289.5200524,3.603086471557617,0,0,42
1596169289.5300524,5.402011871337891,0,0,42
1596169289.5400524,7.202739715576172,0,0,42
1596169289.5500524,9.00153636932373,0,0,42
1596169289.5600524,10.802779197692871,0,0,42
1596169289.5700524,12.601318359375,0,0,42
1596169289.5800524,14.401659965515137,0,0,42
1596169289.5900524,16.20011329650879,0,0,42
1596169289.6000524,18.003201484680176,0,0,42
1596169289.6100523,19.80062484741211,0,0,42
1596169289.6200523,21.600923538208008,0,0,42
1596169289.6300523,23.402209281921387,0,0,42
1596169289.6400523,25.201220512390137,0,0,42
1596169289.6500523,27.001819610595703,0,0,42
1596169289.6600523,28.80319118499756,0,0,42
1596169289.6700523,30.60168743133545,0,0,42
1596169289.6800523,32.402801513671875,0,0,42
1596169289.6900523,34.200568199157715,0,0,42
1596169289.7000523,36.00193977355957,0,0,42
1596169289.7100523,37.80202388763428,0,0,42
1596169289.7200522,39.60047721862793,0,0,42
1596169289.7300522,41.40099048614502,0,0,42
1596169289.7400522,43.20017337799072,0,0,42
1596169289.7500522,45.00296115875244,0,0,42
1596169289.7600522,46.80128574371338,0,0,42
1596169289.7700522,48.602914810180664,0,0,42
1596169289.7800522,50.40274143218994,0,0,42
1596169289.7900522,52.20205307006836,0,0,42
1596169289.8000522,54.001407623291016,0,0,42
1596169289.8100522,55.800161361694336,0,0,42
1596169289.8200521,57.601661682128906,0,0,42
1596169289.8300521,59.40024375915527,0,0,42
1596169289.8400521,61.2028169631958,0,0,42
1596169289.850052,63.001441955566406,0,0,42
1596169289.860052,64.80156898498535,0,0,42
1596169289.870052,66.60319805145264,0,0,42
1596169289.880052,68.40225219726562,0,0,42
1596169289.890052,70.20323753356934,0,0,42
1596169289.900052,72.00070381164551,0,0,42
1596169289.910052,73.80035877227783,0,0,42
1596169289.920052,75.60082912445068,0,0,42
1596169289.930052,77.40087032318115,0,0,42
1596169289.940052,79.20108318328857,0,0,42
1596169289.950052,81.00314140319824,0,0,42
1596169289.960052,82.8004789352417,0,0,42
1596169289.970052,84.60275173187256,0,0,42
1596169289.980052,86.40236377716064,0,0,42
1596169289.990052,88.20008754730225,0,0,42
1596169290.000052,90.00270366668701,0,0,42
1596169290.010052,91.80098533630371,0,0,42
1596169290.020052,93.60209941864014,0,0,42
1596169290.030052,95.40184020996094,0,0,42
1596169290.040052,97.20308303833008,0,0,42
1596169290.050052,99.00260925292969,0,0,42
1596169290.060052,100.80252170562744,0,0,42
1596169290.070052,102.60307788848877,0,0,42
1596169290.080052,104.40093040466309,0,0,42
1596169290.090052,106.2019157409668,0,0,42
1596169290.1000519,108.00268650054932,0,0,42
1596169290.1100519,109.80302810668945,0,0,42
1596169290.1200519,111.60092353820801,0,0,42
1596169290.1300519,113.40285301208496,0,0,42
1596169290.1400518,115.20195007324219,0,0,42
1596169290.1500518,117.00130462646484,0,0,42
1596169290.1600518,118.80160331726074,0,0,42
1596169290.1700518,120.60271739959717,0,0,42
1596169290.1800518,122.40241527557373,0,0,42
1596169290.1900518,124.20108318328857,0,0,42
1596169290.2000518,126.0018539428711,0,0,42
1596169290.2100518,127.80223846435547,0,0,42
1596169290.2200518,129.6018934249878,0,0,42
1596169290.2300518,131.40227794647217,0,0,42
1596169290.2400517,133.20133209228516,0,0,42
1596169290.2500517,135.0032615661621,0,0,42
1596169290.2600517,136.80257320404053,0,0,42
1596169290.2700517,138.60222816467285,0,0,42
1596169290.2800517,140.40321350097656,0,0,42
1596169290.2900517,142.19990730285645,0,0,42
1596169290.3000517,144.0019655227661,0,0,42
1596169290.3100517,145.80217838287354,0,0,42
1596169290.3200517,147.60213375091553,0,0,42
1596169290.3300517,149.40320491790771,0,0,42
1596169290.3400517,151.20131492614746,0,0,42
1596169290.3500516,153.00238609313965,0,0,42
1596169290.3600516,154.8010540008545,0,0,42
1596169290.3700516,156.60199642181396,0,0,42
1596169290.3800516,158.40208053588867,0,0,42
1596169290.3900516,160.19997596740723,0,0,42
1596169290.4000516,162.00242042541504,0,0,42
1596169290.4100516,163.80263328552246,0,0,42
1596169290.4200516,165.6031036376953,0,0,42
1596169290.4300516,167.4012565612793,0,0,42
1596169290.4400516,169.20305728912354,0,0,42
1596169290.4500515,171.00314140319824,0,0,42
1596169290.4600515,172.8006076812744,0,0,42
1596169290.4700515,174.60039138793945,0,0,42
1596169290.4800515,176.40137672424316,0,0,42
1596169290.4900515,178.2015895843506,0,0,42
1596169290.5000515,180.00283241271973,0,0,42
1596169290.5100515,181.80128574371338,0,0,42
1596169290.5200515,183.60141277313232,0,0,42
1596169290.5300515,185.402569770813,0,0,42
1596169290.5400515,187.20295429229736,0,0,42
1596169290.5500515,189.00175094604492,0,0,42
1596169290.5600514,190.80016136169434,0,0,42
1596169290.5700514,192.60196208953857,0,0,42
1596169290.5800514,194.3999433517456,0,0,42
1596169290.5900514,196.2024736404419,0,0,42
1596169290.6000514,198.00096988677979,0,0,42
1596169290.6100514,199.80058193206787,0,0,42
1596169290.6200514,201.60027980804443,0,0,42
1596169290.6300514,203.4022092819214,0,0,42
1596169290.6400514,205.20079135894775,0,0,42
1596169290.6500514,207.0012617111206,0,0,42
1596169290.6600513,208.80147457122803,0,0,42
1596169290.6700513,210.60048580169678,0,0,42
1596169290.6800513,212.40078449249268,0,0,42
1596169290.6900513,214.20159816741943,0,0,42
1596169290.7000513,216.00133895874023,0,0,42
1596169290.7100513,217.80279636383057,0,0,42
1596169290.7200513,219.60197925567627,0,0,42
1596169290.7300513,221.4028787612915,0,0,42
1596169290.7400513,223.2024049758911,0,0,42
1596169290.7500513,224.9997854232788,0,0,42
1596169290.7600513,226.80184364318848,0,0,42
1596169290.7700512,228.60106945037842,0,0,42
1596169290.7800512,230.40274143218994,0,0,42
1596169290.7900512,232.20140933990479,0,0,42
1596169290.8000512,234.00119304656982,0,0,42
1596169290.8100512,235.80277919769287,0,0,42
1596169290.8200512,237.60282039642334,0,0,42
1596169290.8300512,239.40080165863037,0,0,42
1596169290.8400512,241.20161533355713,0,0,42
1596169290.8500512,243.00182819366455,0,0,42
1596169290.8600512,244.80131149291992,0,0,42
1596169290.8700511,246.60272598266602,0,0,42
1596169290.8800511,248.40203762054443,0,0,42
1596169290.8900511,250.20087718963623,0,0,42
1596169290.900051,252.00280666351318,0,0,42
1596169290.910051,253.80147457122803,0,0,42
1596169290.920051,255.60100078582764,0,0,42
1596169290.930051,257.4027156829834,0,0,42
1596169290.940051,259.20013904571533,0,0,42
1596169290.950051,261.0012102127075,0,0,42
1596169290.960051,262.80219554901123,0,0,42
1596169290.970051,264.6008634567261,0,0,42
1596169290.980051,266.40223503112793,0,0,42
1596169290.990051,268.20077419281006,0,0,42
1596169291.000051,270.00227451324463,0,0,42
1596169291.010051,271.8016719818115,0,0,42
1596169291.020051,273.6001253128052,0,0,42
1596169291.030051,275.4008960723877,0,0,42
1596169291.040051,277.20115184783936,0,0,42
1596169291.050051,279.00256633758545,0,0,42
1596169291.060051,280.8029508590698,0,0,42
1596169291.070051,282.60058879852295,0,0,42
1596169291.080051,284.4018316268921,0,0,42
1596169291.090051,286.2020015716553,0,0,42
1596169291.100051,288.0004549026489,0,0,42
1596169291.110051,289.80023860931396,0,0,42
1596169291.120051,291.6025114059448,0,0,42
1596169291.130051,293.40182304382324,0,0,42
1596169291.140051,295.2019500732422,0,0,42
1596169291.1500509,297.00109004974365,0,0,42
1596169291.1600509,298.8014316558838,0,0,42
1596169291.1700509,300.60091495513916,0,0,42
1596169291.1800508,302.40177154541016,0,0,42
1596169291.1900508,304.20095443725586,0,0,42
1596169291.2000508,306.00078105926514,0,0,42
1596169291.2100508,307.80266761779785,0,0,42
1596169291.2200508,309.6023654937744,0,0,42
1596169291.2300508,311.40214920043945,0,0,42
1596169291.2400508,313.2006883621216,0,0,42
1596169291.2500508,315.0025749206543,0,0,42
1596169291.2600508,316.8006420135498,0,0,42
1596169291.2700508,318.6012840270996,0,0,42
1596169291.2800508,320.3999948501587,0,0,42
1596169291.2900507,322.2006368637085,0,0,42
1596169291.3000507,324.0002918243408,0,0,42
1596169291.3100507,325.80153465270996,0,0,42
1596169291.3200507,327.6008462905884,0,0,42
1596169291.3300507,329.4002437591553,0,0,42
1596169291.3400507,331.2013578414917,0,0,42
1596169291.3500507,333.0017852783203,0,0,42
1596169291.3600507,334.8007535934448,0,0,42
1596169291.3700507,336.5996789932251,0,0,42
1596169291.3800507,338.4013080596924,0,0,42
1596169291.3900506,340.2011775970459,0,0,42
1596169291.4000506,342.00018882751465,0,0,42
1596169291.4100506,343.79980087280273,0,0,42
1596169291.4200506,345.601601600647,0,0,42
1596169291.4300506,347.40301609039307,0,0,42
1596169291.4400506,349.2016839981079,0,0,42
1596169291.4500506,351.0003089904785,0,0,42
1596169291.4600506,352.8001356124878,0,0,42
1596169291.4700506,354.60197925567627,0,0,42
1596169291.4800506,356.40257835388184,0,0,42
1596169291.4900506,358.2021903991699,0,0,42
1596169291.5000658,360,0,1
1596169291.5000658,0,0,0
1596169291.5100658,1.8013715744018555,0,0,42
1596169291.5200658,3.602743148803711,0,0,42
1596169291.5300658,5.401968955993652,0,0,42
1596169291.5400658,7.202653884887695,0,0,42
1596169291.5500658,9.002223014831543,0,0,42
1596169291.5600657,10.801920890808105,0,0,42
1596169291.5700657,12.600374221801758,0,0,42
1596169291.5800657,14.400243759155273,0,0,42
1596169291.5900657,16.20110034942627,0,0,42
1596169291.6000657,18.003287315368652,0,0,42
1596169291.6100657,19.800453186035156,0,0,42
1596169291.6200657,21.60311222076416,0,0,42
1596169291.6300657,23.40092182159424,0,0,42
1596169291.6400657,25.20242214202881,0,0,42
1596169291.6500657,27.000703811645508,0,0,42
1596169291.6600657,28.801345825195312,0,0,42
1596169291.6700656,30.60164451599121,0,0,42
1596169291.6800656,32.403316497802734,0,0,42
1596169291.6900656,34.201555252075195,0,0,42
1596169291.7000656,36.00069522857666,0,0,42
1596169291.7100656,37.803096771240234,0,0,42
1596169291.7200656,39.60249423980713,0,0,42
1596169291.7300656,41.4025354385376,0,0,42
1596169291.7400656,43.20240497589111,0,0,42
1596169291.7500656,45.000343322753906,0,0,42
1596169291.7600656,46.80128574371338,0,0,42
1596169291.7700655,48.60154151916504,0,0,42
1596169291.7800655,50.402398109436035,0,0,42
1596169291.7900655,52.203383445739746,0,0,42
1596169291.8000655,54.00097846984863,0,0,42
1596169291.8100655,55.800933837890625,0,0,42
1596169291.8200655,57.60174751281738,0,0,42
1596169291.8300655,59.40286159515381,0,0,42
1596169291.8400655,61.203203201293945,0,0,42
1596169291.8500655,63.00011157989502,0,0,42
1596169291.8600655,64.80332851409912,0,0,42
1596169291.8700655,66.60311222076416,0,0,42
1596169291.8800654,68.40049266815186,0,0,42
1596169291.8900654,70.2006196975708,0,0,42
1596169291.9000654,71.99993133544922,0,0,42
1596169291.9100654,73.80168914794922,0,0,42
1596169291.9200654,75.60258865356445,0,0,42
1596169291.9300654,77.40267276763916,0,0,42
1596169291.9400654,79.20176982879639,0,0,42
1596169291.9500654,81.00146770477295,0,0,42
1596169291.9600654,82.80271053314209,0,0,42
1596169291.9700654,84.60082054138184,0,0,42
1596169291.9800653,86.40257835388184,0,0,42
1596169291.9900653,88.20313453674316,0,0,42
1596169292.0000653,90.00210285186768,0,0,42
1596169292.0100653,91.80034160614014,0,0,42
1596169292.0200653,93.60321521759033,0,0,42
1596169292.0300653,95.40256977081299,0,0,42
1596169292.0400653,97.20222473144531,0,0,42
1596169292.0500653,99.00325298309326,0,0,42
1596169292.0600653,100.80312252044678,0,0,42
1596169292.0700653,102.60067462921143,0,0,42
1596169292.0800653,104.40178871154785,0,0,42
1596169292.0900652,106.20028495788574,0,0,42
1596169292.1000652,108.00122737884521,0,0,42
1596169292.1100652,109.8025131225586,0,0,42
1596169292.1200652,111.6020393371582,0,0,42
1596169292.1300652,113.40100765228271,0,0,42
1596169292.1400652,115.20225048065186,0,0,42
1596169292.1500652,117.00224876403809,0,0,42
1596169292.1600652,118.80280494689941,0,0,42
1596169292.1700652,120.60117244720459,0,0,42
1596169292.1800652,122.40323066711426,0,0,42
1596169292.1900651,124.20228481292725,0,0,42
1596169292.2000651,126.00090980529785,0,0,42
1596169292.2100651,127.80223846435547,0,0,42
1596169292.220065,129.603009223938,0,0,42
1596169292.230065,131.40214920043945,0,0,42
1596169292.240065,133.20188999176025,0,0,42
1596169292.250065,135.0014591217041,0,0,42
1596169292.260065,136.80047035217285,0,0,42
1596169292.270065,138.60201358795166,0,0,42
1596169292.280065,140.4015827178955,0,0,42
1596169292.290065,142.20059394836426,0,0,42
1596169292.300065,143.9999485015869,0,0,42
1596169292.310065,145.8006763458252,0,0,42
1596169292.320065,147.60324954986572,0,0,42
1596169292.330065,149.40088748931885,0,0,42
1596169292.340065,151.20071411132812,0,0,42
1596169292.350065,153.00135612487793,0,0,42
1596169292.360065,154.8008394241333,0,0,42
1596169292.370065,156.60251140594482,0,0,42
1596169292.380065,158.40057849884033,0,0,42
1596169292.390065,160.20233631134033,0,0,42
1596169292.400065,162.00289249420166,0,0,42
1596169292.410065,163.8024616241455,0,0,42
1596169292.420065,165.6018590927124,0,0,42
1596169292.430065,167.40228652954102,0,0,42
1596169292.440065,169.20292854309082,0,0,42
1596169292.450065,171.00116729736328,0,0,42
1596169292.460065,172.79996395111084,0,0,42
1596169292.4700649,174.60142135620117,0,0,42
1596169292.4800649,176.40008926391602,0,0,42
1596169292.4900649,178.20257663726807,0,0,42
1596169292.5000648,180.00266075134277,0,0,42
1596169292.5100648,181.80158615112305,0,0,42
1596169292.5200648,183.6009407043457,0,0,42
1596169292.5300648,185.40162563323975,0,0,42
1596169292.5400648,187.20261096954346,0,0,42
1596169292.5500648,188.99986267089844,0,0,42
1596169292.5600648,190.8008909225464,0,0,42
1596169292.5700648,192.6007604598999,0,0,42
1596169292.5800648,194.4007158279419,0,0,42
1596169292.5900648,196.20075702667236,0,0,42
1596169292.6000648,198.00148487091064,0,0,42
1596169292.6100647,199.8026418685913,0,0,42
1596169292.6200647,201.60216808319092,0,0,42
1596169292.6300647,203.40087890625,0,0,42
1596169292.6400647,205.20216464996338,0,0,42
1596169292.6500647,207.00117588043213,0,0,42
1596169292.6600647,208.80074501037598,0,0,42
1596169292.6700647,210.6015157699585,0,0,42
1596169292.6800647,212.40275859832764,0,0,42
1596169292.6900647,214.2030143737793,0,0,42
1596169292.7000647,216.00279808044434,0,0,42
1596169292.7100646,217.8017234802246,0,0,42
1596169292.7200646,219.60326671600342,0,0,42
1596169292.7300646,221.40060424804688,0,0,42
1596169292.7400646,223.20313453674316,0,0,42
1596169292.7500646,225.0012445449829,0,0,42
1596169292.7600646,226.8004274368286,0,0,42
1596169292.7700646,228.60064029693604,0,0,42
1596169292.7800646,230.40239810943604,0,0,42
1596169292.7900646,232.2002935409546,0,0,42
1596169292.8000646,234.00153636932373,0,0,42
1596169292.8100646,235.80320835113525,0,0,42
1596169292.8200645,237.60058879852295,0,0,42
1596169292.8300645,239.40221786499023,0,0,42
1596169292.8400645,241.2015724182129,0,0,42
1596169292.8500645,243.00157070159912,0,0,42
1596169292.8600645,244.80178356170654,0,0,42
1596169292.8700645,246.600923538208,0,0,42
1596169292.8800645,248.40259552001953,0,0,42
1596169292.8900645,250.2019500732422,0,0,42
1596169292.9000645,251.99975967407227,0,0,42
1596169292.9100645,253.79984378814697,0,0,42
1596169292.9200644,255.6006145477295,0,0,42
1596169292.9300644,257.4012565612793,0,0,42
1596169292.9400644,259.2018985748291,0,0,42
1596169292.9500644,261.00305557250977,0,0,42
1596169292.9600644,262.8024101257324,0,0,42
1596169292.9700644,264.60094928741455,0,0,42
1596169292.9800644,266.40159130096436,0,0,42
1596169292.9900644,268.2003450393677,0,0,42
1596169293.0000644,269.9998712539673,0,0,42
1596169293.0100644,271.8005132675171,0,0,42
1596169293.0200644,273.6021423339844,0,0,42
1596169293.0300643,275.40175437927246,0,0,42
1596169293.0400643,277.19977855682373,0,0,42
1596169293.0500643,279.00230884552,0,0,42
1596169293.0600643,280.80174922943115,0,0,42
1596169293.0700643,282.60149002075195,0,0,42
1596169293.0800643,284.4000291824341,0,0,42
1596169293.0900643,286.20187282562256,0,0,42
1596169293.1000643,288.0015707015991,0,0,42
1596169293.1100643,289.8009252548218,0,0,42
1596169293.1200643,291.60165309906006,0,0,42
1596169293.1300642,293.40250968933105,0,0,42
1596169293.1400642,295.19989013671875,0,0,42
1596169293.1500642,297.0022916793823,0,0,42
1596169293.1600642,298.80095958709717,0,0,42
1596169293.1700642,300.60125827789307,0,0,42
1596169293.1800642,302.4006986618042,0,0,42
1596169293.1900642,304.20013904571533,0,0,42
1596169293.2000642,306.00314140319824,0,0,42
1596169293.2100642,307.80052185058594,0,0,42
1596169293.2200642,309.59996223449707,0,0,42
1596169293.2300642,311.4014196395874,0,0,42
1596169293.2400641,313.2030916213989,0,0,42
1596169293.2500641,315.0004291534424,0,0,42
1596169293.2600641,316.79999828338623,0,0,42
1596169293.270064,318.6012840270996,0,0,42
1596169293.280064,320.4011106491089,0,0,42
1596169293.290064,322.2027826309204,0,0,42
1596169293.300064,324.0019655227661,0,0,42
1596169293.310064,325.8000326156616,0,0,42
1596169293.320064,327.60149002075195,0,0,42
1596169293.330064,329.4009304046631,0,0,42
1596169293.340064,331.2005853652954,0,0,42
1596169293.350064,332.9997253417969,0,0,42
1596169293.360064,334.80289936065674,0,0,42
1596169293.370064,336.6001081466675,0,0,42
1596169293.380064,338.4015655517578,0,0,42
1596169293.390064,340.20233631134033,0,0,42
1596169293.400064,342.00018882751465,0,0,42
1596169293.410064,343.80194664001465,0,0,42
1596169293.420064,345.60237407684326,0,0,42
1596169293.430064,347.4011707305908,0,0,42
1596169293.440064,349.20104026794434,0,0,42
1596169293.450064,351.00249767303467,0,0,42
1596169293.460064,352.80009269714355,0,0,42
1596169293.470064,354.6023225784302,0,0,42
1596169293.480064,356.40034675598145,0,0,42
1596169293.490064,358.1997871398926,0,0,42
1596169293.500079,360,0,1
1596169293.500079,0,0,0
1596169293.510079,1.8030452728271484,0,0,42
1596169293.520079,3.6011552810668945,0,0,42
1596169293.530079,5.401711463928223,0,0,42
1596169293.5400789,7.201967239379883,0,0,42
1596169293.5500789,9.002008438110352,0,0,42
1596169293.5532923,9.578404426574707,0,0
1596169293.5532923,250.14467766895356,1.3364792957909937,0
1596169293.5600789,251.36905244007173,1.3364792957909937,0,42
1596169293.5700788,253.16917946949067,1.3364792957909937,0,42
1596169293.5800788,254.96870568409028,1.3364792957909937,0,42
1596169293.5900788,256.7671160997397,1.3364792957909937,0,42
1596169293.6000788,258.56642773761814,1.3364792957909937,0,42
1596169293.6100788,260.36874344959324,1.3364792957909937,0,42
1596169293.6200788,262.1683554948813,1.3364792957909937,0,42
1596169293.6300788,263.9671521486289,1.3364792957909937,0,42
1596169293.6400788,265.769296199227,1.3364792957909937,0,42
1596169293.6500788,267.56929448261326,1.3364792957909937,0,42
1596169293.6600788,269.36912110462254,1.3364792957909937,0,42
1596169293.6700788,271.1666732133872,1.3364792957909937,0,42
1596169293.6800787,272.9695468248374,1.3364792957909937,0,42
1596169293.6900787,274.7675280870444,1.3364792957909937,0,42
1596169293.7000787,276.56945756092136,1.3364792957909937,0,42
1596169293.7100787,278.3694558443076,1.3364792957909937,0,42
1596169293.7200787,280.16700795307224,1.3364792957909937,0,42
1596169293.7300787,281.9685082735068,1.3364792957909937,0,42
1596169293.7400787,283.7691073717124,1.3364792957909937,0,42
1596169293.7500787,285.56871941700047,1.3364792957909937,0,42
1596169293.7600787,287.36743024005955,1.3364792957909937,0,42
1596169293.7700787,289.169445544625,1.3364792957909937,0,42
1596169293.7800786,290.9666114152915,1.3364792957909937,0,42
1596169293.7900786,292.7689271272666,1.3364792957909937,0,42
1596169293.8000786,294.5680241884238,1.3364792957909937,0,42
1596169293.8100786,296.3673358263022,1.3364792957909937,0,42
1596169293.8200786,298.1684069932944,1.3364792957909937,0,42
1596169293.8300786,299.9673323930747,1.3364792957909937,0,42
1596169293.8400786,301.767888575936,1.3364792957909937,0,42
1596169293.8500786,303.56677106037205,1.3364792957909937,0,42
1596169293.8600786,305.3685717882163,1.3364792957909937,0,42
1596169293.8700786,307.1673255266196,1.3364792957909937,0,42
1596169293.8800786,308.9679246248252,1.3364792957909937,0,42
1596169293.8900785,310.76843789234226,1.3364792957909937,0,42
1596169293.9000785,312.5662045778281,1.3364792957909937,0,42
1596169293.9100785,314.36676076068943,1.3364792957909937,0,42
1596169293.9200785,316.16641572132175,1.3364792957909937,0,42
1596169293.9300785,317.9677872957236,1.3364792957909937,0,42
1596169293.9400785,319.76769974842136,1.3364792957909937,0,42
1596169293.9500785,321.56812718525,1.3364792957909937,0,42
1596169293.9600785,323.3685546220786,1.3364792957909937,0,42
1596169293.9700785,325.1676516832358,1.3364792957909937,0,42
1596169293.9800785,326.9671349824912,1.3364792957909937,0,42
1596169293.9900784,328.7676482500083,1.3364792957909937,0,42
1596169294.0000784,330.56811860218113,1.3364792957909937,0,42
1596169294.0100784,332.36665776386326,1.3364792957909937,0,42
1596169294.0200784,334.1679864229209,1.3364792957909937,0,42
1596169294.0300784,335.9680705369956,1.3364792957909937,0,42
1596169294.0400784,337.76776841297215,1.3364792957909937,0,42
1596169294.0500784,339.5683245958335,1.3364792957909937,0,42
1596169294.0600784,341.36827996387547,1.3364792957909937,0,42
1596169294.0700784,343.16621831073826,1.3364792957909937,0,42
1596169294.0800784,344.96771863117283,1.3364792957909937,0,42
1596169294.0900784,346.76891854419773,1.3364792957909937,0,42
1596169294.1000783,348.5688309968955,1.3364792957909937,0,42
1596169294.1100783,350.36685517444675,1.3364792957909937,0,42
1596169294.1200783,352.1663384737021,1.3364792957909937,0,42
1596169294.1300783,353.966808825875,1.3364792957909937,0,42
1596169294.1400783,355.76830914630955,1.3364792957909937,0,42
1596169294.1500783,357.56907990589207,1.3364792957909937,0,42
1596169294.1600783,359.36834862842625,1.3364792957909937,0,42
1596169294.1636016,360,1.3364792957909937,1
1596169294.1636016,0,0,0
1596169294.1736016,1.8028736114501953,0,0,42
1596169294.1836016,3.6034297943115234,0,0,42
1596169294.1936016,5.402054786682129,0,0,42
1596169294.2036016,7.200422286987305,0,0,42
1596169294.2136016,9.003167152404785,0,0,42
1596169294.2236016,10.800504684448242,0,0,42
1596169294.2336016,12.602391242980957,0,0,42
1596169294.2436016,14.400115013122559,0,0,42
1596169294.2536016,16.201229095458984,0,0,42
1596169294.2636015,18.000497817993164,0,0,42
1596169294.2736015,19.80182647705078,0,0,42
1596169294.2836015,21.600065231323242,0,0,42
1596169294.2936015,23.403325080871582,0,0,42
1596169294.3036015,25.202550888061523,0,0,42
1596169294.3136015,27.000231742858887,0,0,42
1596169294.3236015,28.802719116210938,0,0,42
1596169294.3336015,30.603232383728027,0,0,42
1596169294.3436015,32.40335941314697,0,0,42
1596169294.3536015,34.20026779174805,0,0,42
1596169294.3636014,36.002068519592285,0,0,42
1596169294.3736014,37.80163764953613,0,0,42
1596169294.3836014,39.60249423980713,0,0,42
1596169294.3936014,41.4014196395874,0,0,42
1596169294.4036014,43.20141792297363,0,0,42
1596169294.4136014,45.00021457672119,0,0,42
1596169294.4236014,46.802144050598145,0,0,42
1596169294.4336014,48.601155281066895,0,0,42
1596169294.4436014,50.400638580322266,0,0,42
1596169294.4536014,52.20102310180664,0,0,42
1596169294.4636014,54.00278091430664,0,0,42
1596169294.4736013,55.80282211303711,0,0,42
1596169294.4836013,57.60213375091553,0,0,42
1596169294.4936013,59.4025182723999,0,0,42
1596169294.5036013,61.2013578414917,0,0,42
1596169294.5136013,63.000969886779785,0,0,42
1596169294.5236013,64.80225563049316,0,0,42
1596169294.5336013,66.60096645355225,0,0,42
1596169294.5436013,68.40246677398682,0,0,42
1596169294.5536013,70.20267963409424,0,0,42
1596169294.5636013,72.00164794921875,0,0,42
1596169294.5736012,73.80190372467041,0,0,42
1596169294.5836012,75.60160160064697,0,0,42
1596169294.5936012,77.4025011062622,0,0,42
1596169294.6036012,79.20267105102539,0,0,42
1596169294.6136012,81.003098487854,0,0,42
1596169294.6236012,82.80326843261719,0,0,42
1596169294.6336012,84.60120677947998,0,0,42
1596169294.6436012,86.40021800994873,0,0,42
1596169294.6536012,88.20240497589111,0,0,42
1596169294.6636012,90.00137329101562,0,0,42
1596169294.6736012,91.80295944213867,0,0,42
1596169294.6836011,93.59995365142822,0,0,42
1596169294.6936011,95.40308475494385,0,0,42
1596169294.7036011,97.20179557800293,0,0,42
1596169294.713601,99.00054931640625,0,0,42
1596169294.723601,100.80016136169434,0,0,42
1596169294.733601,102.60054588317871,0,0,42
1596169294.743601,104.4010591506958,0,0,42
1596169294.753601,106.1998987197876,0,0,42
1596169294.763601,108.00152778625488,0,0,42
1596169294.773601,109.80002403259277,0,0,42
1596169294.783601,111.60100936889648,0,0,42
1596169294.793601,113.40263843536377,0,0,42
1596169294.803601,115.20066261291504,0,0,42
1596169294.813601,117.00070381164551,0,0,42
1596169294.823601,118.8006591796875,0,0,42
1596169294.833601,120.60018539428711,0,0,42
1596169294.843601,122.40275859832764,0,0,42
1596169294.853601,124.20065402984619,0,0,42
1596169294.863601,126.00026607513428,0,0,42
1596169294.873601,127.80035018920898,0,0,42
1596169294.883601,129.60197925567627,0,0,42
1596169294.893601,131.4012050628662,0,0,42
1596169294.903601,133.2030487060547,0,0,42
1596169294.913601,135.00098705291748,0,0,42
1596169294.923601,136.80072784423828,0,0,42
1596169294.933601,138.59995365142822,0,0,42
1596169294.943601,140.40334224700928,0,0,42
1596169294.953601,142.20093727111816,0,0,42
1596169294.9636009,144.00316715240479,0,0,42
1596169294.9736009,145.80149173736572,0,0,42
1596169294.9836009,147.6011037826538,0,0,42
1596169294.9936008,149.40264701843262,0,0,42
1596169295.0036008,151.2001132965088,0,0,42
1596169295.0136008,153.00096988677979,0,0,42
1596169295.0236008,154.80277061462402,0,0,42
1596169295.0336008,156.6023826599121,0,0,42
1596169295.0436008,158.40169429779053,0,0,42
1596169295.0536008,160.20199298858643,0,0,42
1596169295.0636008,162.00074672698975,0,0,42
1596169295.0736008,163.8008737564087,0,0,42
1596169295.0836008,165.6029748916626,0,0,42
1596169295.0936007,167.4008274078369,0,0,42
1596169295.1036007,169.2021131515503,0,0,42
1596169295.1136007,171.00056648254395,0,0,42
1596169295.1236007,172.79987812042236,0,0,42
1596169295.1336007,174.60330963134766,0,0,42
1596169295.1436007,176.4026641845703,0,0,42
1596169295.1536007,178.20214748382568,0,0,42
1596169295.1636007,180.00296115875244,0,0,42
1596169295.1736007,181.80201530456543,0,0,42
1596169295.1836007,183.60042572021484,0,0,42
1596169295.1936007,185.40274143218994,0,0,42
1596169295.2036006,187.20304012298584,0,0,42
1596169295.2136006,189.00303840637207,0,0,42
1596169295.2236006,190.80204963684082,0,0,42
1596169295.2336006,192.60028839111328,0,0,42
1596169295.2436006,194.40204620361328,0,0,42
1596169295.2536006,196.2020444869995,0,0,42
1596169295.2636006,198.0008840560913,0,0,42
1596169295.2736006,199.8017406463623,0,0,42
1596169295.2836006,201.60139560699463,0,0,42
1596169295.2936006,203.40130805969238,0,0,42
1596169295.3036005,205.20143508911133,0,0,42
1596169295.3136005,207.00151920318604,0,0,42
1596169295.3236005,208.8024616241455,0,0,42
1596169295.3336005,210.60181617736816,0,0,42
1596169295.3436005,212.3999261856079,0,0,42
1596169295.3536005,214.20219898223877,0,0,42
1596169295.3636005,216.00103855133057,0,0,42
1596169295.3736005,217.80279636383057,0,0,42
1596169295.3836005,219.6011209487915,0,0,42
1596169295.3936005,221.40296459197998,0,0,42
1596169295.4036005,223.20176124572754,0,0,42
1596169295.4136004,225.00115871429443,0,0,42
1596169295.4236004,226.80124282836914,0,0,42
1596169295.4336004,228.601713180542,0,0,42
1596169295.4436004,230.4026985168457,0,0,42
1596169295.4536004,232.20025062561035,0,0,42
1596169295.4636004,234.00024890899658,0,0,42
1596169295.4736004,235.80037593841553,0,0,42
1596169295.4836004,237.60251998901367,0,0,42
1596169295.4936004,239.40178871154785,0,0,42
1596169295.5036004,241.20290279388428,0,0,42
1596169295.5136003,243.00058364868164,0,0,42
1596169295.5236003,244.80023860931396,0,0,42
1596169295.5336003,246.6011381149292,0,0,42
1596169295.5436003,248.40259552001953,0,0,42
1596169295.5536003,250.2011775970459,0,0,42
1596169295.5636003,252.00074672698975,0,0,42
1596169295.5736003,253.80160331726074,0,0,42
1596169295.5836003,255.6013011932373,0,0,42
1596169295.5936003,257.40275859832764,0,0,42
1596169295.6036003,259.2020273208618,0,0,42
1596169295.6136003,261.00056648254395,0,0,42
1596169295.6236002,262.8031826019287,0,0,42
1596169295.6336002,264.59983348846436,0,0,42
1596169295.6436002,266.4019775390625,0,0,42
1596169295.6536002,268.2012891769409,0,0,42
1596169295.6636002,270.0003433227539,0,0,42
1596169295.6736002,271.8014144897461,0,0,42
1596169295.6836002,273.6015844345093,0,0,42
1596169295.6936002,275.3997802734375,0,0,42
1596169295.7036002,277.19990730285645,0,0,42
1596169295.7136002,279.0030813217163,0,0,42
1596169295.7236001,280.80307960510254,0,0,42
1596169295.7336001,282.6001167297363,0,0,42
1596169295.7436001,284.40075874328613,0,0,42
1596169295.7536001,286.20140075683594,0,0,42
1596169295.7636,288.00135612487793,0,0,42
1596169295.7736,289.80169773101807,0,0,42
1596169295.7836,291.6001081466675,0,0,42
1596169295.7936,293.40126514434814,0,0,42
1596169295.8036,295.2010488510132,0,0,42
1596169295.8136,296.99997425079346,0,0,42
1596169295.8236,298.8017749786377,0,0,42
1596169295.8336,300.59979915618896,0,0,42
1596169295.8436,302.4030590057373,0,0,42
1596169295.8536,304.20249938964844,0,0,42
1596169295.8636,306.00271224975586,0,0,42
1596169295.8736,307.8029251098633,0,0,42
1596169295.8836,309.6024513244629,0,0,42
1596169295.8936,311.4012908935547,0,0,42
1596169295.9036,313.20188999176025,0,0,42
1596169295.9136,315.00308990478516,0,0,42
1596169295.9236,316.8011999130249,0,0,42
1596169295.9336,318.6003828048706,0,0,42
1596169295.9436,320.4029130935669,0,0,42
1596169295.9536,322.2020959854126,0,0,42
1596169295.9636,324.0001630783081,0,0,42
1596169295.9736,325.80286502838135,0,0,42
1596169295.9836,327.60273456573486,0,0,42
1596169295.9936,329.40311908721924,0,0,42
1596169296.0036,331.2023878097534,0,0,42
1596169296.0135999,333.00208568573,0,0,42
1596169296.0235999,334.8013973236084,0,0,42
1596169296.0335999,336.6011381149292,0,0,42
1596169296.0435998,338.4015226364136,0,0,42
1596169296.0535998,340.199933052063,0,0,42
1596169296.0635998,342.00263500213623,0,0,42
1596169296.0735998,343.8019037246704,0,0,42
1596169296.0835998,345.60009956359863,0,0,42
1596169296.0935998,347.40211486816406,0,0,42
1596169296.1035998,349.20159816741943,0,0,42
1596169296.1135998,351.0026693344116,0,0,42
1596169296.1235998,352.79996395111084,0,0,42
1596169296.1335998,354.5996618270874,0,0,42
1596169296.1435997,356.40180587768555,0,0,42
1596169296.1535997,358.20111751556396,0,0,42
1596169296.1636095,360,0,1
1596169296.1636095,0,0,0
1596169296.1736095,1.801285743713379,0,0,42
1596169296.1836095,3.602571487426758,0,0,42
1596169296.1936095,5.400810241699219,0,0,42
1596169296.2036095,7.200336456298828,0,0,42
1596169296.2136095,9.001450538635254,0,0,42
1596169296.2236094,10.803079605102539,0,0,42
1596169296.2336094,12.60183334350586,0,0,42
1596169296.2436094,14.402732849121094,0,0,42
1596169296.2536094,16.202645301818848,0,0,42
1596169296.2636094,18.002514839172363,0,0,42
1596169296.2736094,19.800496101379395,0,0,42
1596169296.2836094,21.600451469421387,0,0,42
1596169296.2936094,23.400535583496094,0,0,42
1596169296.3036094,25.202293395996094,0,0,42
1596169296.3136094,27.002291679382324,0,0,42
1596169296.3236094,28.80263328552246,0,0,42
1596169296.3336093,30.600314140319824,0,0,42
1596169296.3436093,32.40198612213135,0,0,42
1596169296.3536093,34.20125484466553,0,0,42
1596169296.3636093,36.00236892700195,0,0,42
1596169296.3736093,37.80125141143799,0,0,42
1596169296.3836093,39.601850509643555,0,0,42
1596169296.3936093,41.40172004699707,0,0,42
1596169296.4036093,43.20090293884277,0,0,42
1596169296.4136093,45.00141620635986,0,0,42
1596169296.4236093,46.80330276489258,0,0,42
1596169296.4336092,48.600897789001465,0,0,42
1596169296.4436092,50.40261268615723,0,0,42
1596169296.4536092,52.20282554626465,0,0,42
1596169296.4636092,54.001407623291016,0,0,42
1596169296.4736092,55.80235004425049,0,0,42
1596169296.4836092,57.60213375091553,0,0,42
1596169296.4936092,59.403076171875,0,0,42
1596169296.5036092,61.200456619262695,0,0,42
1596169296.5136092,63.00238609313965,0,0,42
1596169296.5236092,64.80307102203369,0,0,42
1596169296.5336092,66.60251140594482,0,0,42
1596169296.5436091,68.40062141418457,0,0,42
1596169296.5536091,70.20186424255371,0,0,42
1596169296.5636091,72.00023174285889,0,0,42
1596169296.573609,73.80117416381836,0,0,42
1596169296.583609,75.60198783874512,0,0,42
1596169296.593609,77.40091323852539,0,0,42
1596169296.603609,79.20176982879639,0,0,42
1596169296.613609,81.00322723388672,0,0,42
1596169296.623609,82.80223846435547,0,0,42
1596169296.633609,84.60159301757812,0,0,42
1596169296.643609,86.40257835388184,0,0,42
1596169296.653609,88.1999158859253,0,0,42
1596169296.663609,90.00171661376953,0,0,42
1596169296.673609,91.8000841140747,0,0,42
1596169296.683609,93.602614402771,0,0,42
1596169296.693609,95.40295600891113,0,0,42
1596169296.703609,97.20269680023193,0,0,42
1596169296.713609,99.00145053863525,0,0,42
1596169296.723609,100.80256462097168,0,0,42
1596169296.733609,102.60015964508057,0,0,42
1596169296.743609,104.40080165863037,0,0,42
1596169296.753609,106.20165824890137,0,0,42
1596169296.763609,108.00264358520508,0,0,42
1596169296.773609,109.80328559875488,0,0,42
1596169296.783609,111.60066604614258,0,0,42
1596169296.793609,113.40083599090576,0,0,42
1596169296.803609,115.20074844360352,0,0,42
1596169296.813609,117.00104713439941,0,0,42
1596169296.8236089,118.79992961883545,0,0,42
1596169296.8336089,120.60087203979492,0,0,42
1596169296.8436089,122.40039825439453,0,0,42
1596169296.8536088,124.20091152191162,0,0,42
1596169296.8636088,125.99996566772461,0,0,42
1596169296.8736088,127.80163764953613,0,0,42
1596169296.8836088,129.60253715515137,0,0,42
1596169296.8936088,131.4001750946045,0,0,42
1596169296.9036088,133.2030487060547,0,0,42
1596169296.9136088,135.00004291534424,0,0,42
1596169296.9236088,136.80291652679443,0,0,42
1596169296.9336088,138.6018419265747,0,0,42
1596169296.9436088,140.40153980255127,0,0,42
1596169296.9536088,142.20033645629883,0,0,42
1596169296.9636087,144.0001630783081,0,0,42
1596169296.9736087,145.80187797546387,0,0,42
1596169296.9836087,147.60226249694824,0,0,42
1596169296.9936087,149.40221786499023,0,0,42
1596169297.0036087,151.20208740234375,0,0,42
1596169297.0136087,153.00307273864746,0,0,42
1596169297.0236087,154.80182647705078,0,0,42
1596169297.0336087,156.60096645355225,0,0,42
1596169297.0436087,158.4010934829712,0,0,42
1596169297.0536087,160.20259380340576,0,0,42
1596169297.0636086,162.0014762878418,0,0,42
1596169297.0736086,163.8021183013916,0,0,42
1596169297.0836086,165.60160160064697,0,0,42
1596169297.0936086,167.4029302597046,0,0,42
1596169297.1036086,169.2025852203369,0,0,42
1596169297.1136086,171.00318431854248,0,0,42
1596169297.1236086,172.80056476593018,0,0,42
1596169297.1336086,174.60052013397217,0,0,42
1596169297.1436086,176.40124797821045,0,0,42
1596169297.1536086,178.20201873779297,0,0,42
1596169297.1636086,180.0,0,0,42
1596169297.1736085,181.80034160614014,0,0,42
1596169297.1836085,183.6028289794922,0,0,42
1596169297.1936085,185.40205478668213,0,0,42
1596169297.2036085,187.20080852508545,0,0,42
1596169297.2136085,189.00316715240479,0,0,42
1596169297.2236085,190.8028221130371,0,0,42
1596169297.2336085,192.6025629043579,0,0,42
1596169297.2436085,194.4025182723999,0,0,42
1596169297.2536085,196.20071411132812,0,0,42
1596169297.2636085,198.0013132095337,0,0,42
1596169297.2736084,199.79989528656006,0,0,42
1596169297.2836084,201.60019397735596,0,0,42
1596169297.2936084,203.40023517608643,0,0,42
1596169297.3036084,205.20250797271729,0,0,42
1596169297.3136084,207.00044631958008,0,0,42
1596169297.3236084,208.80220413208008,0,0,42
1596169297.3336084,210.60052871704102,0,0,42
1596169297.3436084,212.40078449249268,0,0,42
1596169297.3536084,214.20288562774658,0,0,42
1596169297.3636084,216.00266933441162,0,0,42
1596169297.3736084,217.80052185058594,0,0,42
1596169297.3836083,219.6015501022339,0,0,42
1596169297.3936083,221.40300750732422,0,0,42
1596169297.4036083,223.20000171661377,0,0,42
1596169297.4136083,225.00098705291748,0,0,42
1596169297.4236083,226.802659034729,0,0,42
1596169297.4336083,228.6000394821167,0,0,42
1596169297.4436083,230.4015827178955,0,0,42
1596169297.4536083,232.20072269439697,0,0,42
1596169297.4636083,234.00145053863525,0,0,42
1596169297.4736083,235.80260753631592,0,0,42
1596169297.4836082,237.6015329360962,0,0,42
1596169297.4936082,239.40243244171143,0,0,42
1596169297.5036082,241.19994163513184,0,0,42
1596169297.5136082,243.00148487091064,0,0,42
1596169297.5236082,244.80204105377197,0,0,42
1596169297.5336082,246.60229682922363,0,0,42
1596169297.5436082,248.4015655517578,0,0,42
1596169297.5536082,250.20302295684814,0,0,42
1596169297.5636082,252.00207710266113,0,0,42
1596169297.5736082,253.80254745483398,0,0,42
1596169297.5836082,255.60057163238525,0,0,42
1596169297.5936081,257.40190029144287,0,0,42
1596169297.6036081,259.2016410827637,0,0,42
1596169297.6136081,261.00292682647705,0,0,42
1596169297.623608,262.8019380569458,0,0,42
1596169297.633608,264.600305557251,0,0,42
1596169297.643608,266.4028787612915,0,0,42
1596169297.653608,268.20176124572754,0,0,42
1596169297.663608,270.00094413757324,0,0,42
1596169297.673608,271.799955368042,0,0,42
1596169297.683608,273.600811958313,0,0,42
1596169297.693608,275.4006814956665,0,0,42
1596169297.703608,277.20055103302,0,0,42
1596169297.713608,279.00054931640625,0,0,42
1596169297.723608,280.8020496368408,0,0,42
1596169297.733608,282.6017475128174,0,0,42
1596169297.743608,284.40256118774414,0,0,42
1596169297.753608,286.20165824890137,0,0,42
1596169297.763608,288.00217151641846,0,0,42
1596169297.773608,289.8010540008545,0,0,42
1596169297.783608,291.602725982666,0,0,42
1596169297.793608,293.4022521972656,0,0,42
1596169297.803608,295.2010488510132,0,0,42
1596169297.813608,297.00289249420166,0,0,42
1596169297.823608,298.80173206329346,0,0,42
1596169297.833608,300.60100078582764,0,0,42
1596169297.843608,302.40039825439453,0,0,42
1596169297.853608,304.20284271240234,0,0,42
1596169297.863608,306.00305557250977,0,0,42
1596169297.8736079,307.8006935119629,0,0,42
1596169297.8836079,309.60047721862793,0,0,42
1596169297.8936079,311.4007759094238,0,0,42
1596169297.9036078,313.1997013092041,0,0,42
1596169297.9136078,315.0012445449829,0,0,42
1596169297.9236078,316.8004274368286,0,0,42
1596169297.9336078,318.60175609588623,0,0,42
1596169297.9436078,320.40274143218994,0,0,42
1596169297.9536078,322.2007656097412,0,0,42
1596169297.9636078,324.00187969207764,0,0,42
1596169297.9736078,325.80217838287354,0,0,42
1596169297.9836078,327.6003313064575,0,0,42
1596169297.9936078,329.40303325653076,0,0,42
1596169298.0036077,331.20264530181885,0,0,42
1596169298.0136077,332.9999828338623,0,0,42
1596169298.0236077,334.80023860931396,0,0,42
1596169298.0336077,336.6021680831909,0,0,42
1596169298.0436077,338.40195178985596,0,0,42
1596169298.0536077,340.1999759674072,0,0,42
1596169298.0636077,342.0023775100708,0,0,42
1596169298.0736077,343.80117416381836,0,0,42
1596169298.0836077,345.59988498687744,0,0,42
1596169298.0936077,347.40095615386963,0,0,42
1596169298.1036077,349.2024564743042,0,0,42
1596169298.1136076,351.00146770477295,0,0,42
1596169298.1236076,352.80155181884766,0,0,42
1596169298.1336076,354.60227966308594,0,0,42
1596169298.1436076,356.4015483856201,0,0,42
1596169298.1536076,358.2003450393677,0,0,42
1596169298.1636076,359.99969959259033,0,0,42
1596169298.16363,360,0,1
1596169298.16363,0,0,0
1596169298.17363,1.800384521484375,0,0,42
1596169298.18363,3.601541519165039,0,0,42
1596169298.19363,5.400295257568359,0,0,42
1596169298.20363,7.200121879577637,0,0,42
1596169298.21363,9.0012788772583,0,0,42
1596169298.22363,10.800504684448242,0,0,42
1596169298.23363,12.601919174194336,0,0,42
1596169298.24363,14.40234661102295,0,0,42
1596169298.25363,16.203160285949707,0,0,42
1596169298.26363,18.002943992614746,0,0,42
1596169298.27363,19.802942276000977,0,0,42
1596169298.28363,21.602253913879395,0,0,42
1596169298.29363,23.4028959274292,0,0,42
1596169298.3036299,25.202250480651855,0,0,42
1596169298.3136299,27.002077102661133,0,0,42
1596169298.3236299,28.80164623260498,0,0,42
1596169298.3336298,30.602974891662598,0,0,42
1596169298.3436298,32.40121364593506,0,0,42
1596169298.3536298,34.20125484466553,0,0,42
1596169298.3636298,36.00095272064209,0,0,42
1596169298.3736298,37.80163764953613,0,0,42
1596169298.3836298,39.60142135620117,0,0,42
1596169298.3936298,41.402878761291504,0,0,42
1596169298.4036298,43.20128917694092,0,0,42
1596169298.4136298,45.00283241271973,0,0,42
1596169298.4236298,46.801114082336426,0,0,42
1596169298.4336298,48.60184192657471,0,0,42
1596169298.4436297,50.40278434753418,0,0,42
1596169298.4536297,52.202911376953125,0,0,42
1596169298.4636297,54.00054931640625,0,0,42
1596169298.4736297,55.80187797546387,0,0,42
1596169298.4836297,57.602219581604004,0,0,42
1596169298.4936297,59.40037250518799,0,0,42
1596169298.5036297,61.20002746582031,0,0,42
1596169298.5136297,63.00161361694336,0,0,42
1596169298.5236297,64.79998111724854,0,0,42
1596169298.5336297,66.60019397735596,0,0,42
1596169298.5436296,68.40186595916748,0,0,42
1596169298.5536296,70.20122051239014,0,0,42
1596169298.5636296,72.00018882751465,0,0,42
1596169298.5736296,73.80044460296631,0,0,42
1596169298.5836296,75.60061454772949,0,0,42
1596169298.5936296,77.40267276763916,0,0,42
1596169298.6036296,79.20121192932129,0,0,42
1596169298.6136296,81.00301265716553,0,0,42
1596169298.6236296,82.80253887176514,0,0,42
1596169298.6336296,84.60107803344727,0,0,42
1596169298.6436296,86.40094757080078,0,0,42
1596169298.6536295,88.2008171081543,0,0,42
1596169298.6636295,90.0005578994751,0,0,42
1596169298.6736295,91.8011999130249,0,0,42
1596169298.6836295,93.60248565673828,0,0,42
1596169298.6936295,95.40076732635498,0,0,42
1596169298.7036295,97.20269680023193,0,0,42
1596169298.7136295,99.00084972381592,0,0,42
1596169298.7236295,100.80127716064453,0,0,42
1596169298.7336295,102.6009750366211,0,0,42
1596169298.7436295,104.40148830413818,0,0,42
1596169298.7536294,106.20032787322998,0,0,42
1596169298.7636294,108.00272941589355,0,0,42
1596169298.7736294,109.8011827468872,0,0,42
1596169298.7836294,111.60306930541992,0,0,42
1596169298.7936294,113.39989185333252,0,0,42
1596169298.8036294,115.20036220550537,0,0,42
1596169298.8136294,117.00023174285889,0,0,42
1596169298.8236294,118.80061626434326,0,0,42
1596169298.8336294,120.60267448425293,0,0,42
1596169298.8436294,122.40168571472168,0,0,42
1596169298.8536294,124.20215606689453,0,0,42
1596169298.8636293,126.00069522857666,0,0,42
1596169298.8736293,127.80262470245361,0,0,42
1596169298.8836293,129.60193634033203,0,0,42
1596169298.8936293,131.40133380889893,0,0,42
1596169298.9036293,133.2030487060547,0,0,42
1596169298.9136293,135.00244617462158,0,0,42
1596169298.9236293,136.80184364318848,0,0,42
1596169298.9336293,138.59986782073975,0,0,42
1596169298.9436293,140.39986610412598,0,0,42
1596169298.9536293,142.20295429229736,0,0,42
1596169298.9636292,144.00333881378174,0,0,42
1596169298.9736292,145.80260753631592,0,0,42
1596169298.9836292,147.60239124298096,0,0,42
1596169298.9936292,149.3999433517456,0,0,42
1596169299.0036292,151.20032787322998,0,0,42
1596169299.0136292,153.00011157989502,0,0,42
1596169299.0236292,154.80156898498535,0,0,42
1596169299.0336292,156.60096645355225,0,0,42
1596169299.0436292,158.40152263641357,0,0,42
1596169299.0536292,160.20220756530762,0,0,42
1596169299.0636292,162.0031499862671,0,0,42
1596169299.0736291,163.80173206329346,0,0,42
1596169299.0836291,165.60091495513916,0,0,42
1596169299.0936291,167.40228652954102,0,0,42
1596169299.103629,169.202241897583,0,0,42
1596169299.113629,171.00301265716553,0,0,42
1596169299.123629,172.8017234802246,0,0,42
1596169299.133629,174.6004343032837,0,0,42
1596169299.143629,176.40111923217773,0,0,42
1596169299.153629,178.20309162139893,0,0,42
1596169299.163629,180.00218868255615,0,0,42
1596169299.173629,181.80188655853271,0,0,42
1596169299.183629,183.60064029693604,0,0,42
1596169299.193629,185.40093898773193,0,0,42
1596169299.203629,187.20089435577393,0,0,42
1596169299.213629,189.00097846984863,0,0,42
1596169299.223629,190.80149173736572,0,0,42
1596169299.233629,192.60191917419434,0,0,42
1596169299.243629,194.40135955810547,0,0,42
1596169299.253629,196.2004566192627,0,0,42
1596169299.263629,198.00191402435303,0,0,42
1596169299.273629,199.80165481567383,0,0,42
1596169299.283629,201.6022539138794,0,0,42
1596169299.293629,203.40117931365967,0,0,42
1596169299.303629,205.20019054412842,0,0,42
1596169299.313629,207.00323581695557,0,0,42
1596169299.323629,208.8030195236206,0,0,42
1596169299.333629,210.60271739959717,0,0,42
1596169299.343629,212.40112781524658,0,0,42
1596169299.3536289,214.2025852203369,0,0,42
1596169299.3636289,216.00065231323242,0,0,42
1596169299.3736289,217.80168056488037,0,0,42
1596169299.3836288,219.60227966308594,0,0,42
1596169299.3936288,221.4019775390625,0,0,42
1596169299.4036288,223.20184707641602,0,0,42
1596169299.4136288,225.00210285186768,0,0,42
1596169299.4236288,226.80240154266357,0,0,42
1596169299.4336288,228.60287189483643,0,0,42
1596169299.4436288,230.40059566497803,0,0,42
1596169299.4536288,232.20093727111816,0,0,42
1596169299.4636288,234.0018367767334,0,0,42
1596169299.4736288,235.79994678497314,0,0,42
1596169299.4836287,237.6018762588501,0,0,42
1596169299.4936287,239.40045833587646,0,0,42
1596169299.5036287,241.20165824890137,0,0,42
1596169299.5136287,243.00285816192627,0,0,42
1596169299.5236287,244.8028564453125,0,0,42
1596169299.5336287,246.60075187683105,0,0,42
1596169299.5436287,248.4006643295288,0,0,42
1596169299.5536287,250.2019500732422,0,0,42
1596169299.5636287,252.00010299682617,0,0,42
1596169299.5736287,253.80061626434326,0,0,42
1596169299.5836287,255.60022830963135,0,0,42
1596169299.5936286,257.4008274078369,0,0,42
1596169299.6036286,259.2005681991577,0,0,42
1596169299.6136286,261.002197265625,0,0,42
1596169299.6236286,262.80279636383057,0,0,42
1596169299.6336286,264.6000051498413,0,0,42
1596169299.6436286,266.4006042480469,0,0,42
1596169299.6536286,268.2030916213989,0,0,42
1596169299.6636286,270.0008153915405,0,0,42
1596169299.6736286,271.80115699768066,0,0,42
1596169299.6836286,273.60124111175537,0,0,42
1596169299.6936285,275.40029525756836,0,0,42
1596169299.7036285,277.2008514404297,0,0,42
1596169299.7136285,279.00179386138916,0,0,42
1596169299.7236285,280.8002042770386,0,0,42
1596169299.7336285,282.6025199890137,0,0,42
1596169299.7436285,284.4007158279419,0,0,42
1596169299.7536285,286.2014436721802,0,0,42
1596169299.7636285,288.00092697143555,0,0,42
1596169299.7736285,289.80135440826416,0,0,42
1596169299.7836285,291.6013526916504,0,0,42
1596169299.7936285,293.40285301208496,0,0,42
1596169299.8036284,295.20267963409424,0,0,42
1596169299.8136284,297.0020341873169,0,0,42
1596169299.8236284,298.80207538604736,0,0,42
1596169299.8336284,300.6016445159912,0,0,42
1596169299.8436284,302.4020719528198,0,0,42
1596169299.8536284,304.2009973526001,0,0,42
1596169299.8636284,306.0018539428711,0,0,42
1596169299.8736284,307.80309677124023,0,0,42
1596169299.8836284,309.60120677948,0,0,42
1596169299.8936284,311.4001750946045,0,0,42
1596169299.9036283,313.201847076416,0,0,42
1596169299.9136283,315.00240325927734,0,0,42
1596169299.9236283,316.8011999130249,0,0,42
1596169299.9336283,318.6019277572632,0,0,42
1596169299.9436283,320.4028272628784,0,0,42
1596169299.9536283,322.20316886901855,0,0,42
1596169299.9636283,324.00067806243896,0,0,42
1596169299.9736283,325.80196380615234,0,0,42
1596169299.9836283,327.60046005249023,0,0,42
1596169299.9936283,329.40131664276123,0,0,42
