Timestamp,Phase,Heading,Ping?
1595999083.0000863,130.0,130.0,0
1595999083.0100965,131.8009853363037,130.0,0
1595999083.0201087,133.6031723022461,130.0,0
1595999083.030093,135.4003381729126,130.0,0
1595999083.0401115,137.2036838531494,130.0,0
1595999083.05011,139.00342464447021,130.0,0
1595999083.060111,140.8035945892334,130.0,0
1595999083.0701044,142.60239124298096,130.0,0
1595999083.0801075,144.40294742584229,130.0,0
1595999083.090093,146.20032787322998,130.0,0
1595999083.1000955,148.00079822540283,130.0,0
1595999083.110113,149.80392932891846,130.0,0
1595999083.120102,151.60195350646973,130.0,0
1595999083.1301131,153.40396881103516,130.0,0
1595999083.140101,155.20177841186523,130.0,0
1595999083.1500938,157.00048923492432,130.0,0
1595999083.1601005,158.80168914794922,130.0,0
1595999083.170095,160.60070037841797,130.0,0
1595999083.180102,162.40198612213135,130.0,0
1595999083.1901095,164.20331478118896,130.0,0
1595999083.2001128,166.00391387939453,130.0,0
1595999083.21011,167.8033971786499,130.0,0
1595999083.2200947,169.60064888000488,130.0,0
1595999083.2300944,171.40060424804688,130.0,0
1595999083.2401028,173.20210456848145,130.0,0
1595999083.250094,175.00051498413086,130.0,0
1595999083.2601073,176.80291652679443,130.0,0
1595999083.2701023,178.60201358795166,130.0,0
1595999083.2801092,180.4032564163208,130.0,0
1595999083.2900991,182.20145225524902,130.0,0
1595999083.3000915,184.00007724761963,130.0,0
1595999083.31011,185.80342292785645,130.0,0
1595999083.3200953,187.6007604598999,130.0,0
1595999083.330099,189.40144538879395,130.0,0
1595999083.3401058,191.20264530181885,130.0,0
1595999083.3500977,193.00118446350098,130.0,0
1595999083.3601012,194.80182647705078,130.0,0
1595999083.370091,196.59997940063477,130.0,0
1595999083.3800926,198.40027809143066,130.0,0
1595999083.3900928,200.20031929016113,130.0,0
1595999083.4000921,202.00018882751465,130.0,0
1595999083.4101133,203.8040065765381,130.0,0
1595999083.4201016,205.60190200805664,130.0,0
1595999083.430096,207.40087032318115,130.0,0
1595999083.4401119,209.20374393463135,130.0,0
1595999083.4501002,211.0016393661499,130.0,0
1595999083.4600952,212.80073642730713,130.0,0
1595999083.4701025,214.60206508636475,130.0,0
1595999083.480096,216.40090465545654,130.0,0
1595999083.490102,218.20197582244873,130.0,0
1595999083.5001125,220.00386238098145,130.0,0
1595999083.5100994,221.80150032043457,130.0,0
1595999083.5200992,223.60145568847656,130.0,0
1595999083.5301032,225.40218353271484,130.0,0
1595999083.5400977,227.2011947631836,130.0,0
1595999083.550112,229.00376796722412,130.0,0
1595999083.5601115,230.80368041992188,130.0,0
1595999083.5700939,232.60050296783447,130.0,0
1595999083.5801034,234.40221786499023,130.0,0
1595999083.5901067,236.2028169631958,130.0,0
1595999083.600102,238.00195693969727,130.0,0
1595999083.610094,239.80053901672363,130.0,0
1595999083.620102,241.60195350646973,130.0,0
1595999083.6301112,243.40362548828125,130.0,0
1595999083.6401112,245.20362377166748,130.0,0
1595999083.650102,247.00194835662842,130.0,0
1595999083.6601012,248.80181789398193,130.0,0
1595999083.6701026,250.6020736694336,130.0,0
1595999083.6800992,252.4014711380005,130.0,0
1595999083.6900997,254.2015552520752,130.0,0
1595999083.7001073,256.00292682647705,130.0,0
1595999083.71011,257.8033971786499,130.0,0
1595999083.7201047,259.6024513244629,130.0,0
1595999083.730095,261.40069007873535,130.0,0
1595999083.7401063,263.202748298645,130.0,0
1595999083.7500982,265.00128746032715,130.0,0
1595999083.760102,266.8019723892212,130.0,0
1595999083.7701118,268.6037302017212,130.0,0
1595999083.7801018,270.4019260406494,130.0,0
1595999083.790108,272.20304012298584,130.0,0
1595999083.8001068,274.0028238296509,130.0,0
1595999083.8101053,275.8025646209717,130.0,0
1595999083.8201067,277.60282039642334,130.0,0
1595999083.8300986,279.40135955810547,130.0,0
1595999083.8400927,281.20028495788574,130.0,0
1595999083.8501055,283.00260066986084,130.0,0
1595999083.8601017,284.80191230773926,130.0,0
1595999083.870094,286.60053730010986,130.0,0
1595999083.880097,288.40105056762695,130.0,0
1595999083.8901045,290.2024221420288,130.0,0
1595999083.900108,292.0030641555786,130.0,0
1595999083.9101012,293.80181789398193,130.0,0
1595999083.9200947,295.60065746307373,130.0,0
1595999083.9301026,297.4020719528198,130.0,0
1595999083.9401035,299.202241897583,130.0,0
1595999083.9501057,301.0026264190674,130.0,0
1595999083.9601026,302.8020668029785,130.0,0
1595999083.9700966,304.6009922027588,130.0,0
1595999083.9800916,306.400089263916,130.0,0
1595999083.9901001,308.2016324996948,130.0,0
1595999084.000106,310.002703666687,130.0,0
1595999084.0101106,311.80351734161377,130.0,0
1595999084.0201108,313.60355854034424,130.0,0
1595999084.030096,315.4008960723877,130.0,0
1595999084.040106,317.20269680023193,130.0,0
1595999084.0500953,319.00076389312744,130.0,0
1595999084.0601087,320.803165435791,130.0,0
1595999084.070105,322.6025199890137,130.0,0
1595999084.0801005,324.4017028808594,130.0,0
1595999084.090101,326.2017869949341,130.0,0
1595999084.10011,328.00341606140137,130.0,0
1595999084.1101105,329.8035001754761,130.0,0
1595999084.120098,331.6012668609619,130.0,0
1595999084.130106,333.402681350708,130.0,0
1595999084.1400955,335.20079135894775,130.0,0
1595999084.1501062,337.0027208328247,130.0,0
1595999084.1601017,338.8019037246704,130.0,0
1595999084.1701,340.601601600647,130.0,0
1595999084.1800988,342.401385307312,130.0,0
1595999084.1901104,344.2034864425659,130.0,0
1595999084.2001011,346.00181102752686,130.0,0
1595999084.2100987,347.8013801574707,130.0,0
1595999084.2200985,349.6013355255127,130.0,0
1595999084.2301054,351.40257835388184,130.0,0
1595999084.2401097,353.20334911346436,130.0,0
1595999084.2500982,355.00128746032715,130.0,0
1595999084.2601056,356.80261611938477,130.0,0
1595999084.27011,358.6033868789673,130.0,0
1595999084.27788,360,130.0,1
1595999084.2800903,360.399866104126,130.0,0
1595999084.2900908,362.1999502182007,130.0,0
1595999084.3001015,364.00187969207764,130.0,0
1595999084.3101053,365.8025646209717,130.0,0
1595999084.3200912,367.60003089904785,130.0,0
1595999084.330101,369.40178871154785,130.0,0
1595999084.3401022,371.2020015716553,130.0,0
1595999084.3501024,373.00204277038574,130.0,0
1595999084.360103,374.80212688446045,130.0,0
1595999084.37009,376.5998077392578,130.0,0
1595999084.3801053,378.4025526046753,130.0,0
1595999084.3901062,380.2027225494385,130.0,0
1595999084.40011,382.0034074783325,130.0,0
1595999084.4101079,383.8030195236206,130.0,0
1595999084.4201064,385.6027603149414,130.0,0
1595999084.4301028,387.40211486816406,130.0,0
1595999084.440101,389.2017698287964,130.0,0
1595999084.4500897,390.9997510910034,130.0,0
1595999084.4601057,392.8026247024536,130.0,0
1595999084.4701042,394.6023654937744,130.0,0
1595999084.4800997,396.4015483856201,130.0,0
1595999084.4900997,398.20154666900635,130.0,0
1595999084.5001051,400.00253200531006,130.0,0
1595999084.510105,401.80248737335205,130.0,0
1595999084.5200896,403.59973907470703,130.0,0
1595999084.5301013,405.40184020996094,130.0,0
1595999084.540093,407.2003364562988,130.0,0
1595999084.5500991,409.00145053863525,130.0,0
1595999084.5601,410.80162048339844,130.0,0
1595999084.5701082,412.60307788848877,130.0,0
1595999084.5800912,414.4000291824341,130.0,0
1595999084.5900989,416.20140075683594,130.0,0
1595999084.6000917,418.000111579895,130.0,0
1595999084.6101031,419.8021697998047,130.0,0
1595999084.6200962,421.600923538208,130.0,0
1595999084.6301026,423.4020805358887,130.0,0
1595999084.6401038,425.2022933959961,130.0,0
1595999084.6500983,427.00130462646484,130.0,0
1595999084.6601088,428.80319118499756,130.0,0
1595999084.670091,430.5999708175659,130.0,0
1595999084.6801019,432.4019432067871,130.0,0
1595999084.690091,434.1999673843384,130.0,0
1595999084.7000992,436.00146770477295,130.0,0
1595999084.7101073,437.8029251098633,130.0,0
1595999084.720103,439.6021509170532,130.0,0
1595999084.730107,441.4028787612915,130.0,0
1595999084.7400925,443.2002592086792,130.0,0
1595999084.7501009,445.00175952911377,130.0,0
1595999084.7601004,446.8016719818115,130.0,0
1595999084.77009,448.5998249053955,130.0,0
1595999084.780104,450.40231227874756,130.0,0
1595999084.7901073,452.2029113769531,130.0,0
1595999084.8001015,454.00187969207764,130.0,0
1595999084.8101058,455.80265045166016,130.0,0
1595999084.8200927,457.6002883911133,130.0,0
1595999084.8301005,459.4017028808594,130.0,0
1595999084.8400984,461.20131492614746,130.0,0
1595999084.8501074,463.00294399261475,130.0,0
1595999084.860091,464.79998111724854,130.0,0
1595999084.8701053,466.60255432128906,130.0,0
1595999084.8801064,468.4027671813965,130.0,0
1595999084.8900974,470.20113468170166,130.0,0
1595999084.9000986,472.0013475418091,130.0,0
1595999084.9100945,473.80061626434326,130.0,0
1595999084.920096,475.6008720397949,130.0,0
1595999084.9300997,477.40155696868896,130.0,0
1595999084.9400935,479.200439453125,130.0,0
1595999084.9501088,481.0031843185425,130.0,0
1595999084.9600902,482.7998352050781,130.0,0
1595999084.9700973,484.6011209487915,130.0,0
1595999084.9800985,486.4013338088989,130.0,0
1595999084.9900978,488.20120334625244,130.0,0
1595999085.0000932,490.00038623809814,130.0,0
1595999085.0000932,0,130.0,0
1595999085.0101078,131.80261611938477,130.0,0
1595999085.0200984,133.6009407043457,130.0,0
1595999085.030097,135.4006814956665,130.0,0
1595999085.040109,137.20282554626465,130.0,0
1595999085.0501065,139.0023946762085,130.0,0
1595999085.0601118,140.80333709716797,130.0,0
1595999085.070094,142.60015964508057,130.0,0
1595999085.0801086,144.40277576446533,130.0,0
1595999085.0901027,146.2017011642456,130.0,0
1595999085.1001017,148.00152778625488,130.0,0
1595999085.1101058,149.80225563049316,130.0,0
1595999085.1200979,151.60083770751953,130.0,0
1595999085.1301076,153.40259552001953,130.0,0
1595999085.1401043,155.20199298858643,130.0,0
1595999085.1500974,157.00074672698975,130.0,0
1595999085.160106,158.80228996276855,130.0,0
1595999085.1701035,160.6018590927124,130.0,0
1595999085.1800985,162.40095615386963,130.0,0
1595999085.1901076,164.2025852203369,130.0,0
1595999085.2001019,166.00155353546143,130.0,0
1595999085.2101066,167.80241012573242,130.0,0
1595999085.2200947,169.60026264190674,130.0,0
1595999085.2301073,171.4025354385376,130.0,0
1595999085.2401123,173.20343494415283,130.0,0
1595999085.2501028,175.00171661376953,130.0,0
1595999085.2600977,176.80081367492676,130.0,0
1595999085.2700977,178.600811958313,130.0,0
1595999085.2801123,180.40342807769775,130.0,0
1595999085.2901032,182.20179557800293,130.0,0
1595999085.3001025,184.00166511535645,130.0,0
1595999085.3101094,185.8029079437256,130.0,0
1595999085.3200998,187.60118961334229,130.0,0
1595999085.3301113,189.40324783325195,130.0,0
1595999085.3401084,191.20273113250732,130.0,0
1595999085.3501024,193.0016565322876,130.0,0
1595999085.3601117,194.80332851409912,130.0,0
1595999085.370105,196.60212516784668,130.0,0
1595999085.3801131,198.403582572937,130.0,0
1595999085.3900938,200.20010471343994,130.0,0
1595999085.400103,202.00177669525146,130.0,0
1595999085.4101138,203.80370616912842,130.0,0
1595999085.4201107,205.60314655303955,130.0,0
1595999085.4301047,207.40207195281982,130.0,0
1595999085.440111,209.20318603515625,130.0,0
1595999085.4501116,211.0033130645752,130.0,0
1595999085.4601088,212.80279636383057,130.0,0
1595999085.4701107,214.6031379699707,130.0,0
1595999085.480095,216.4003038406372,130.0,0
1595999085.4900963,218.20055961608887,130.0,0
1595999085.5000951,220.0003433227539,130.0,0
1595999085.5101137,221.80368900299072,130.0,0
1595999085.5201116,223.6033010482788,130.0,0
1595999085.5300972,225.40072441101074,130.0,0
1595999085.5401003,227.20128059387207,130.0,0
1595999085.550096,229.000506401062,130.0,0
1595999085.5601027,230.8017063140869,130.0,0
1595999085.5701098,232.6029920578003,130.0,0
1595999085.5801046,234.40204620361328,130.0,0
1595999085.5900984,236.20092868804932,130.0,0
1595999085.6001024,238.0016565322876,130.0,0
1595999085.6101017,239.8015260696411,130.0,0
1595999085.6200945,241.6002368927002,130.0,0
1595999085.6301076,243.40259552001953,130.0,0
1595999085.6400983,245.20092010498047,130.0,0
1595999085.6501074,247.00254917144775,130.0,0
1595999085.660102,248.8015604019165,130.0,0
1595999085.670111,250.6031894683838,130.0,0
1595999085.680097,252.4006986618042,130.0,0
1595999085.6900983,254.20091152191162,130.0,0
1595999085.7001057,256.00224018096924,130.0,0
1595999085.7101114,257.8032684326172,130.0,0
1595999085.7200973,259.60073471069336,130.0,0
1595999085.7301085,261.4027500152588,130.0,0
1595999085.7401044,263.20201873779297,130.0,0
1595999085.7501066,265.00240325927734,130.0,0
1595999085.7601125,266.80347442626953,130.0,0
1595999085.7701118,268.60334396362305,130.0,0
1595999085.7801049,270.40209770202637,130.0,0
1595999085.7900944,272.2002077102661,130.0,0
1595999085.8001041,274.0019655227661,130.0,0
1595999085.8100984,275.8009338378906,130.0,0
1595999085.8200936,277.6000738143921,130.0,0
1595999085.8300986,279.4009733200073,130.0,0
1595999085.8401113,281.2032461166382,130.0,0
1595999085.8501043,283.0019998550415,130.0,0
1595999085.860106,284.8022985458374,130.0,0
1595999085.8701005,286.60130977630615,130.0,0
1595999085.880102,288.4015655517578,130.0,0
1595999085.8901064,290.20237922668457,130.0,0
1595999085.9001126,292.003493309021,130.0,0
1595999085.910101,293.80138874053955,130.0,0
1595999085.920104,295.6019449234009,130.0,0
1595999085.9301047,297.4020719528198,130.0,0
1595999085.9401045,299.2020273208618,130.0,0
1595999085.950102,301.00159645080566,130.0,0
1595999085.9601002,302.801251411438,130.0,0
1595999085.9701085,304.60275173187256,130.0,0
1595999085.9800937,306.400089263916,130.0,0
1595999085.9900968,308.20064544677734,130.0,0
1595999086.0001056,310.0022315979004,130.0,0
1595999086.0101104,311.8030881881714,130.0,0
1595999086.0201035,313.6018419265747,130.0,0
1595999086.0301123,315.40342807769775,130.0,0
1595999086.0401125,317.2034692764282,130.0,0
1595999086.0501027,319.0017080307007,130.0,0
1595999086.0601125,320.8034658432007,130.0,0
1595999086.0701118,322.6033353805542,130.0,0
1595999086.0800967,324.4006299972534,130.0,0
1595999086.090106,326.20230197906494,130.0,0
1595999086.1000981,328.0008840560913,130.0,0
1595999086.1100953,329.8003673553467,130.0,0
1595999086.120111,331.60319805145264,130.0,0
1595999086.130093,333.399977684021,130.0,0
1595999086.1401095,335.20293712615967,130.0,0
1595999086.1501048,337.00207710266113,130.0,0
1595999086.160112,338.8033628463745,130.0,0
1595999086.1700978,340.6008291244507,130.0,0
1595999086.1801028,342.4017286300659,130.0,0
1595999086.1901083,344.20271396636963,130.0,0
1595999086.2000988,346.0009956359863,130.0,0
1595999086.2100997,347.8011655807495,130.0,0
1595999086.2201025,349.6016788482666,130.0,0
1595999086.2301097,351.40296459198,130.0,0
1595999086.2400994,353.20111751556396,130.0,0
1595999086.2500982,355.000901222229,130.0,0
1595999086.2601,356.8011999130249,130.0,0
1595999086.2700927,358.599910736084,130.0,0
1595999086.277884,360,130.0,1
1595999086.2801008,360.4013681411743,130.0,0
1595999086.2901058,362.20226764678955,130.0,0
1595999086.3001022,364.0016222000122,130.0,0
1595999086.310094,365.80016136169434,130.0,0
1595999086.3200943,367.6002025604248,130.0,0
1595999086.330094,369.4001579284668,130.0,0
1595999086.340108,371.20264530181885,130.0,0
1595999086.350104,373.00195693969727,130.0,0
1595999086.3601046,374.802041053772,130.0,0
1595999086.3701012,376.60143852233887,130.0,0
1595999086.3801012,378.4014368057251,130.0,0
1595999086.3901079,380.20263671875,130.0,0
1595999086.4000921,381.9998025894165,130.0,0
1595999086.4101105,383.8031053543091,130.0,0
1595999086.4201047,385.6020736694336,130.0,0
1595999086.4300938,387.40009784698486,130.0,0
1595999086.4400992,389.2010831832886,130.0,0
1595999086.450109,391.0028409957886,130.0,0
1595999086.4601002,392.801251411438,130.0,0
1595999086.4701061,394.6023225784302,130.0,0
1595999086.4801054,396.4021921157837,130.0,0
1595999086.490103,398.20176124572754,130.0,0
1595999086.500093,399.99995708465576,130.0,0
1595999086.5100996,401.80115699768066,130.0,0
1595999086.5201051,403.6021423339844,130.0,0
1595999086.5300946,405.4002523422241,130.0,0
1595999086.540099,407.20102310180664,130.0,0
1595999086.5500977,409.0008068084717,130.0,0
1595999086.5600967,410.80063343048096,130.0,0
1595999086.5701058,412.60226249694824,130.0,0
1595999086.5800953,414.400372505188,130.0,0
1595999086.5901089,416.2028169631958,130.0,0
1595999086.6000943,418.0001974105835,130.0,0
1595999086.6101077,419.80259895324707,130.0,0
1595999086.6201096,421.6029405593872,130.0,0
1595999086.630094,423.40014934539795,130.0,0
1595999086.6401114,425.2032804489136,130.0,0
1595999086.6501105,427.00310707092285,130.0,0
1595999086.660111,428.80319118499756,130.0,0
1595999086.6701117,430.6033182144165,130.0,0
1595999086.6800923,432.39984035491943,130.0,0
1595999086.6901116,434.20331478118896,130.0,0
1595999086.7001026,436.00168228149414,130.0,0
1595999086.7101095,437.8029251098633,130.0,0
1595999086.7201002,439.6012496948242,130.0,0
1595999086.7301118,441.4033508300781,130.0,0
1595999086.7401106,443.20313453674316,130.0,0
1595999086.7500997,445.00115871429443,130.0,0
1595999086.7600915,446.79969787597656,130.0,0
1595999086.7700996,448.6011552810669,130.0,0
1595999086.7800918,450.39973735809326,130.0,0
1595999086.7901034,452.20183849334717,130.0,0
1595999086.8001046,454.0020513534546,130.0,0
1595999086.8100955,455.80041885375977,130.0,0
1595999086.8201032,457.6017904281616,130.0,0
1595999086.830092,459.39977169036865,130.0,0
1595999086.8401113,461.2032461166382,130.0,0
1595999086.8501105,463.0031156539917,130.0,0
1595999086.860098,464.8008394241333,130.0,0
1595999086.8700933,466.600022315979,130.0,0
1595999086.8800921,468.39980602264404,130.0,0
1595999086.8901024,470.2016496658325,130.0,0
1595999086.9000967,472.00061798095703,130.0,0
1595999086.910109,473.80284786224365,130.0,0
1595999086.9201121,475.603404045105,130.0,0
1595999086.9301002,477.4012565612793,130.0,0
1595999086.9401124,479.2034435272217,130.0,0
1595999086.95011,481.0030126571655,130.0,0
1595999086.9600942,482.80017852783203,130.0,0
1595999086.9700935,484.60004806518555,130.0,0
1595999086.9801052,486.40214920043945,130.0,0
1595999086.9901059,488.2022762298584,130.0,0
1595999087.000107,490.0024890899658,130.0,0
1595999087.000107,0,130.0,0
1595999087.0101264,131.80347442626953,130.0,0
1595999087.020118,133.60197067260742,130.0,0
1595999087.0301208,135.4024839401245,130.0,0
1595999087.0401268,137.2035551071167,130.0,0
1595999087.0501156,139.00153636932373,130.0,0
1595999087.0601275,140.80368041992188,130.0,0
1595999087.070112,142.60088920593262,130.0,0
1595999087.080108,144.4001579284668,130.0,0
1595999087.0901108,146.2006711959839,130.0,0
1595999087.1001189,148.00212860107422,130.0,0
1595999087.1101153,149.80148315429688,130.0,0
1595999087.1201277,151.6037130355835,130.0,0
1595999087.1301253,153.40328216552734,130.0,0
1595999087.1401227,155.20280838012695,130.0,0
1595999087.15012,157.00233459472656,130.0,0
1595999087.1601188,158.8021183013916,130.0,0
1595999087.1701255,160.6033182144165,130.0,0
1595999087.1801176,162.40190029144287,130.0,0
1595999087.1901195,164.202241897583,130.0,0
1595999087.2001212,166.0025405883789,130.0,0
1595999087.2101085,167.8002643585205,130.0,0
1595999087.2201095,169.6004343032837,130.0,0
1595999087.230119,171.40214920043945,130.0,0
1595999087.2401206,173.20244789123535,130.0,0
1595999087.2501202,175.0023603439331,130.0,0
1595999087.260119,176.80214405059814,130.0,0
1595999087.2701159,178.60158443450928,130.0,0
1595999087.2801225,180.40278434753418,130.0,0
1595999087.2901132,182.20110893249512,130.0,0
1595999087.3001235,184.0029525756836,130.0,0
1595999087.310116,185.80162048339844,130.0,0
1595999087.3201241,187.60307788848877,130.0,0
1595999087.3301206,189.40243244171143,130.0,0
1595999087.3401248,191.20320320129395,130.0,0
1595999087.3501222,193.00272941589355,130.0,0
1595999087.360125,194.80324268341064,130.0,0
1595999087.3701122,196.600923538208,130.0,0
1595999087.3801188,198.4021234512329,130.0,0
1595999087.3901122,200.20092010498047,130.0,0
1595999087.4001102,202.0005750656128,130.0,0
1595999087.4101179,203.80194664001465,130.0,0
1595999087.4201248,205.6031894683838,130.0,0
1595999087.4301112,207.40074157714844,130.0,0
1595999087.4401157,209.2015552520752,130.0,0
1595999087.4501226,211.00279808044434,130.0,0
1595999087.4601264,212.80348300933838,130.0,0
1595999087.4701104,214.60060596466064,130.0,0
1595999087.480112,216.40090465545654,130.0,0
1595999087.4901118,218.20086002349854,130.0,0
1595999087.5001218,220.00266075134277,130.0,0
1595999087.5101206,221.8024444580078,130.0,0
1595999087.520111,223.6007261276245,130.0,0
1595999087.5301278,225.40372848510742,130.0,0
1595999087.540111,227.20072269439697,130.0,0
1595999087.5501196,229.00226593017578,130.0,0
1595999087.5601265,230.80350875854492,130.0,0
1595999087.5701168,232.60174751281738,130.0,0
1595999087.5801225,234.40277576446533,130.0,0
1595999087.5901234,236.20294570922852,130.0,0
1595999087.600109,238.00036907196045,130.0,0
1595999087.610123,239.8028564453125,130.0,0
1595999087.6201162,241.60165309906006,130.0,0
1595999087.630122,243.402681350708,130.0,0
1595999087.6401129,245.20104885101318,130.0,0
1595999087.6501188,247.00212001800537,130.0,0
1595999087.660108,248.80018711090088,130.0,0
1595999087.6701162,250.6016445159912,130.0,0
1595999087.6801229,252.4028444290161,130.0,0
1595999087.6901097,254.20048236846924,130.0,0
1595999087.700116,256.00159645080566,130.0,0
1595999087.7101076,257.80009269714355,130.0,0
1595999087.7201192,259.60219383239746,130.0,0
1595999087.730125,261.4032220840454,130.0,0
1595999087.7401092,263.2003879547119,130.0,0
1595999087.7501159,265.0015878677368,130.0,0
1595999087.7601123,266.8009424209595,130.0,0
1595999087.7701166,268.601713180542,130.0,0
1595999087.7801077,270.4001235961914,130.0,0
1595999087.7901092,272.20037937164307,130.0,0
1595999087.800107,273.99999141693115,130.0,0
1595999087.8101094,275.80041885375977,130.0,0
1595999087.8201246,277.60316371917725,130.0,0
1595999087.830126,279.4034194946289,130.0,0
1595999087.8401134,281.2011432647705,130.0,0
1595999087.8501134,283.00114154815674,130.0,0
1595999087.8601158,284.80156898498535,130.0,0
1595999087.87011,286.60053730010986,130.0,0
1595999087.8801067,288.39993476867676,130.0,0
1595999087.8901129,290.2010488510132,130.0,0
1595999087.9001093,292.00040340423584,130.0,0
1595999087.9101238,293.8030195236206,130.0,0
1595999087.9201086,295.6002712249756,130.0,0
1595999087.9301255,297.40331649780273,130.0,0
1595999087.9401202,299.2023706436157,130.0,0
1595999087.9501107,301.0006523132324,130.0,0
1595999087.9601226,302.80279636383057,130.0,0
1595999087.9701128,304.601035118103,130.0,0
1595999087.9801178,306.40193462371826,130.0,0
1595999087.990124,308.2030487060547,130.0,0
1595999088.0001261,310.00343322753906,130.0,0
1595999088.0101225,311.8027877807617,130.0,0
1595999088.0201066,313.599910736084,130.0,0
1595999088.0301163,315.401668548584,130.0,0
1595999088.0401142,317.20128059387207,130.0,0
1595999088.0501122,319.0009355545044,130.0,0
1595999088.060115,320.8014488220215,130.0,0
1595999088.0701232,322.6029062271118,130.0,0
1595999088.0801268,324.4035482406616,130.0,0
1595999088.0901175,326.20187282562256,130.0,0
1595999088.1001267,328.0035448074341,130.0,0
1595999088.1101067,329.7999382019043,130.0,0
1595999088.120117,331.6017818450928,130.0,0
1595999088.1301234,333.40293884277344,130.0,0
1595999088.1401181,335.2019929885864,130.0,0
1595999088.150114,337.0012617111206,130.0,0
1595999088.1601093,338.80040168762207,130.0,0
1595999088.1701155,340.6015157699585,130.0,0
1595999088.1801097,342.400484085083,130.0,0
1595999088.1901243,344.2031002044678,130.0,0
1595999088.2001154,346.0015106201172,130.0,0
1595999088.2101164,347.80168056488037,130.0,0
1595999088.2201254,349.60330963134766,130.0,0
1595999088.2301238,351.4030075073242,130.0,0
1595999088.2401178,353.2019329071045,130.0,0
1595999088.2501082,355.0002145767212,130.0,0
1595999088.2601156,356.8015432357788,130.0,0
1595999088.2701135,358.6011552810669,130.0,0
1595999088.2779012,360,130.0,1
1595999088.280121,360.40252685546875,130.0,0
1595999088.2901077,362.20012187957764,130.0,0
1595999088.3001127,364.00102138519287,130.0,0
1595999088.3101158,365.8015775680542,130.0,0
1595999088.3201127,367.60101795196533,130.0,0
1595999088.3301141,369.401273727417,130.0,0
1595999088.340121,371.20251655578613,130.0,0
1595999088.3501086,373.000283241272,130.0,0
1595999088.3601198,374.8022985458374,130.0,0
1595999088.3701231,376.60289764404297,130.0,0
1595999088.3801258,378.4033679962158,130.0,0
1595999088.3901184,380.20203590393066,130.0,0
1595999088.4001224,382.00276374816895,130.0,0
1595999088.4101167,383.80173206329346,130.0,0
1595999088.420118,385.6019878387451,130.0,0
1595999088.4301195,387.4022436141968,130.0,0
1595999088.4401262,389.2034435272217,130.0,0
1595999088.4501097,391.00048065185547,130.0,0
1595999088.460108,392.80017852783203,130.0,0
1595999088.470121,394.60249423980713,130.0,0
1595999088.4801168,396.4017629623413,130.0,0
1595999088.4901223,398.202748298645,130.0,0
1595999088.500121,400.00253200531006,130.0,0
1595999088.5101168,401.8017578125,130.0,0
1595999088.520127,403.6036014556885,130.0,0
1595999088.5301113,405.400767326355,130.0,0
1595999088.5401258,407.20338344573975,130.0,0
1595999088.5501192,409.0021800994873,130.0,0
1595999088.560114,410.8012342453003,130.0,0
1595999088.5701094,412.600417137146,130.0,0
1595999088.5801055,414.3997287750244,130.0,0
1595999088.5901213,416.20255947113037,130.0,0
1595999088.6001174,418.0018711090088,130.0,0
1595999088.610109,419.8003673553467,130.0,0
1595999088.6201124,421.60096645355225,130.0,0
1595999088.6301258,423.4033679962158,130.0,0
1595999088.6401227,425.20280838012695,130.0,0
1595999088.650122,427.00267791748047,130.0,0
1595999088.6601171,428.80181789398193,130.0,0
1595999088.6701138,430.6012153625488,130.0,0
1595999088.680127,432.40357398986816,130.0,0
1595999088.6901207,434.2024564743042,130.0,0
1595999088.7001264,436.00348472595215,130.0,0
1595999088.710115,437.80142307281494,130.0,0
1595999088.7201252,439.6032667160034,130.0,0
1595999088.7301059,441.39978885650635,130.0,0
1595999088.7401083,443.20021629333496,130.0,0
1595999088.750107,445.0,130.0,0
1595999088.7601075,446.8000841140747,130.0,0
1595999088.770116,448.6016273498535,130.0,0
1595999088.7801208,450.4024839401245,130.0,0
1595999088.7901266,452.20351219177246,130.0,0
1595999088.8001094,454.00042057037354,130.0,0
1595999088.8101134,455.8011484146118,130.0,0
1595999088.8201141,457.60127544403076,130.0,0
1595999088.830126,459.4034194946289,130.0,0
1595999088.8401191,461.2021732330322,130.0,0
1595999088.8501153,463.00148487091064,130.0,0
1595999088.8601146,464.80135440826416,130.0,0
1595999088.8701117,466.60083770751953,130.0,0
1595999088.8801062,468.3998489379883,130.0,0
1595999088.8901238,470.20302295684814,130.0,0
1595999088.9001253,472.0032787322998,130.0,0
1595999088.9101062,473.799843788147,130.0,0
1595999088.9201171,475.60181617736816,130.0,0
1595999088.930115,477.40142822265625,130.0,0
1595999088.9401124,479.20095443725586,130.0,0
1595999088.9501064,480.99987983703613,130.0,0
1595999088.9601214,482.8025817871094,130.0,0
1595999088.970124,484.6030521392822,130.0,0
1595999088.9801192,486.4021921157837,130.0,0
1595999088.9901087,488.20030212402344,130.0,0
1595999089.0001166,490.00171661376953,130.0,0
1595999089.0001166,0,130.0,0
1595999089.010126,131.80171489715576,130.0,0
1595999089.0201166,133.59999656677246,130.0,0
1595999089.0301259,135.40166854858398,130.0,0
1595999089.0401351,137.2033405303955,130.0,0
1595999089.050121,139.00080680847168,130.0,0
1595999089.060126,140.8017063140869,130.0,0
1595999089.0701246,142.60144710540771,130.0,0
1595999089.080117,144.40007209777832,130.0,0
1595999089.090132,146.20277404785156,130.0,0
1595999089.1001244,148.00139904022217,130.0,0
1595999089.1101313,149.8026418685913,130.0,0
1595999089.1201282,151.60208225250244,130.0,0
1595999089.1301227,153.4010934829712,130.0,0
1595999089.140129,155.20225048065186,130.0,0
1595999089.1501296,157.00233459472656,130.0,0
1595999089.1601295,158.8023328781128,130.0,0
1595999089.1701293,160.60228824615479,130.0,0
1595999089.1801279,162.4020290374756,130.0,0
1595999089.1901278,164.20202732086182,130.0,0
1595999089.200137,166.0036563873291,130.0,0
1595999089.2101276,167.80198097229004,130.0,0
1595999089.2201254,169.60159301757812,130.0,0
1595999089.230124,171.40133380889893,130.0,0
1595999089.2401307,173.20253372192383,130.0,0
1595999089.250131,175.0025749206543,130.0,0
1595999089.2601357,176.8034315109253,130.0,0
1595999089.270127,178.60188484191895,130.0,0
1595999089.280128,180.40205478668213,130.0,0
1595999089.2901354,182.20338344573975,130.0,0
1595999089.3001356,184.00342464447021,130.0,0
1595999089.310117,185.80007553100586,130.0,0
1595999089.3201358,187.6034641265869,130.0,0
1595999089.3301356,189.4034194946289,130.0,0
1595999089.3401272,191.2019157409668,130.0,0
1595999089.3501337,193.00307273864746,130.0,0
1595999089.3601165,194.79998111724854,130.0,0
1595999089.3701324,196.60285472869873,130.0,0
1595999089.3801198,198.40057849884033,130.0,0
1595999089.3901331,200.2029800415039,130.0,0
1595999089.4001248,202.0014762878418,130.0,0
1595999089.4101324,203.80284786224365,130.0,0
1595999089.4201188,205.6003999710083,130.0,0
1595999089.4301188,207.40039825439453,130.0,0
1595999089.4401238,209.20129776000977,130.0,0
1595999089.4501197,211.00056648254395,130.0,0
1595999089.460121,212.80077934265137,130.0,0
1595999089.4701335,214.60305213928223,130.0,0
1595999089.4801338,216.4030933380127,130.0,0
1595999089.490122,218.20098876953125,130.0,0
1595999089.5001268,220.00184535980225,130.0,0
1595999089.5101235,221.80124282836914,130.0,0
1595999089.5201216,223.60089778900146,130.0,0
1595999089.5301223,225.4010248184204,130.0,0
1595999089.5401182,227.2002935409546,130.0,0
1595999089.550117,229.00007724761963,130.0,0
1595999089.5601368,230.80363750457764,130.0,0
1595999089.5701194,232.60050296783447,130.0,0
1595999089.5801308,234.40256118774414,130.0,0
1595999089.5901277,236.20200157165527,130.0,0
1595999089.6001298,238.00238609313965,130.0,0
1595999089.6101308,239.80255603790283,130.0,0
1595999089.620118,241.6002368927002,130.0,0
1595999089.630121,243.40079307556152,130.0,0
1595999089.640134,245.20315170288086,130.0,0
1595999089.6501324,247.00284957885742,130.0,0
1595999089.6601305,248.80250453948975,130.0,0
1595999089.670137,250.6036615371704,130.0,0
1595999089.680131,252.40258693695068,130.0,0
1595999089.6901326,254.20288562774658,130.0,0
1595999089.7001271,256.00189685821533,130.0,0
1595999089.7101347,257.8032684326172,130.0,0
1595999089.7201283,259.602108001709,130.0,0
1595999089.730122,261.400990486145,130.0,0
1595999089.7401178,263.20021629333496,130.0,0
1595999089.7501273,265.0019311904907,130.0,0
1595999089.7601173,266.80012702941895,130.0,0
1595999089.7701175,268.6001682281494,130.0,0
1595999089.780118,270.4002523422241,130.0,0
1595999089.790137,272.2036838531494,130.0,0
1595999089.8001356,274.0034246444702,130.0,0
1595999089.810132,275.80277919769287,130.0,0
1595999089.8201358,277.6034641265869,130.0,0
1595999089.8301208,279.40075874328613,130.0,0
1595999089.8401244,281.20140075683594,130.0,0
1595999089.8501232,283.001184463501,130.0,0
1595999089.86012,284.8006248474121,130.0,0
1595999089.8701286,286.6021680831909,130.0,0
1595999089.8801358,288.4034538269043,130.0,0
1595999089.8901238,290.2013063430786,130.0,0
1595999089.9001186,292.0003604888916,130.0,0
1595999089.9101222,293.8010025024414,130.0,0
1595999089.920125,295.6015157699585,130.0,0
1595999089.9301252,297.40155696868896,130.0,0
1595999089.94012,299.20061111450195,130.0,0
1595999089.9501276,301.0019826889038,130.0,0
1595999089.9601324,302.8028392791748,130.0,0
1595999089.9701214,304.6008634567261,130.0,0
1595999089.9801283,306.4021062850952,130.0,0
1595999089.990127,308.20188999176025,130.0,0
1595999090.0001314,310.0026607513428,130.0,0
1595999090.0101218,311.8009424209595,130.0,0
1595999090.0201309,313.60257148742676,130.0,0
1595999090.030116,315.3999090194702,130.0,0
1595999090.0401223,317.20102310180664,130.0,0
1595999090.0501156,318.9998197555542,130.0,0
1595999090.0601265,320.8017921447754,130.0,0
1595999090.070119,322.600417137146,130.0,0
1595999090.0801349,324.4032907485962,130.0,0
1595999090.0901368,326.2036323547363,130.0,0
1595999090.1001167,328.00002574920654,130.0,0
1595999090.11013,329.8024272918701,130.0,0
1595999090.1201332,331.60298347473145,130.0,0
1595999090.1301265,333.401780128479,130.0,0
1595999090.1401367,335.2036237716675,130.0,0
1595999090.1501174,337.0001459121704,130.0,0
1595999090.1601331,338.80297660827637,130.0,0
1595999090.1701238,340.6013011932373,130.0,0
1595999090.1801155,342.3997974395752,130.0,0
1595999090.1901255,344.20159816741943,130.0,0
1595999090.2001183,346.0003089904785,130.0,0
1595999090.2101364,347.80356884002686,130.0,0
1595999090.22012,349.60060596466064,130.0,0
1595999090.23012,351.4006042480469,130.0,0
1595999090.2401283,353.20210456848145,130.0,0
1595999090.250121,355.0008153915405,130.0,0
1595999090.2601175,356.8001699447632,130.0,0
1595999090.2701242,358.6013698577881,130.0,0
1595999090.2778988,360,130.0,1
1595999090.2801182,360.40029525756836,130.0,0
1595999090.2901177,362.2002077102661,130.0,0
1595999090.3001313,364.0026521682739,130.0,0
1595999090.310117,365.80007553100586,130.0,0
1595999090.3201342,367.60316371917725,130.0,0
1595999090.3301206,369.4007158279419,130.0,0
1595999090.34012,371.20062828063965,130.0,0
1595999090.3501198,373.00058364868164,130.0,0
1595999090.3601332,374.8029851913452,130.0,0
1595999090.3701308,376.60255432128906,130.0,0
1595999090.3801205,378.40070724487305,130.0,0
1595999090.3901205,380.2007055282593,130.0,0
1595999090.4001343,382.0031929016113,130.0,0
1595999090.4101198,383.800573348999,130.0,0
1595999090.420118,385.6002712249756,130.0,0
1595999090.4301176,387.40018367767334,130.0,0
1595999090.4401228,389.2011260986328,130.0,0
1595999090.45013,391.0024118423462,130.0,0
1595999090.460133,392.8029680252075,130.0,0
1595999090.4701297,394.6023654937744,130.0,0
1595999090.4801328,396.40292167663574,130.0,0
1595999090.4901226,398.2010746002197,130.0,0
1595999090.500125,400.00150203704834,130.0,0
1595999090.5101292,401.80227279663086,130.0,0
1595999090.5201175,403.6001682281494,130.0,0
1595999090.5301251,405.40153980255127,130.0,0
1595999090.540131,407.20261096954346,130.0,0
1595999090.5501175,409.0001630783081,130.0,0
1595999090.5601306,410.80252170562744,130.0,0
1595999090.5701227,412.6011037826538,130.0,0
1595999090.5801163,414.3999433517456,130.0,0
1595999090.5901163,416.19994163513184,130.0,0
1595999090.6001337,418.00307273864746,130.0,0
1595999090.6101217,419.8009252548218,130.0,0
1595999090.620133,421.6029405593872,130.0,0
1595999090.6301246,423.4014368057251,130.0,0
1595999090.6401339,425.2031087875366,130.0,0
1595999090.6501224,427.0010471343994,130.0,0
1595999090.6601212,428.80083084106445,130.0,0
1595999090.6701179,430.60022830963135,130.0,0
1595999090.680127,432.40185737609863,130.0,0
1595999090.6901166,434.2000102996826,130.0,0
1595999090.7001278,436.00202560424805,130.0,0
1595999090.7101343,437.8031826019287,130.0,0
1595999090.720116,439.5998764038086,130.0,0
1595999090.730123,441.401162147522,130.0,0
1595999090.7401302,443.20244789123535,130.0,0
1595999090.7501178,445.0002145767212,130.0,0
1595999090.7601228,446.8011140823364,130.0,0
1595999090.770119,448.60042572021484,130.0,0
1595999090.780127,450.4018831253052,130.0,0
1595999090.790134,452.2031259536743,130.0,0
1595999090.8001342,454.0031671524048,130.0,0
1595999090.8101196,455.8005475997925,130.0,0
1595999090.8201313,457.6026487350464,130.0,0
1595999090.8301299,459.4023895263672,130.0,0
1595999090.8401334,461.203031539917,130.0,0
1595999090.8501298,463.00238609313965,130.0,0
1595999090.8601177,464.8001956939697,130.0,0
1595999090.8701265,466.6017818450928,130.0,0
1595999090.8801184,468.4003210067749,130.0,0
1595999090.890129,470.20225048065186,130.0,0
1595999090.9001162,471.9999313354492,130.0,0
1595999090.910115,473.79971504211426,130.0,0
1595999090.9201262,475.6017303466797,130.0,0
1595999090.9301171,477.40009784698486,130.0,0
1595999090.9401214,479.2008686065674,130.0,0
1595999090.9501336,481.00305557250977,130.0,0
1595999090.9601362,482.8035259246826,130.0,0
1595999090.970132,484.6027946472168,130.0,0
1595999090.9801164,486.3999605178833,130.0,0
1595999090.9901195,488.20051670074463,130.0,0
1595999091.000122,490.0009870529175,130.0,0
1595999091.000122,0,130.0,0
1595999091.010136,131.80248737335205,130.0,0
1595999091.0201354,133.6023998260498,130.0,0
1595999091.030143,135.40377140045166,130.0,0
1595999091.0401332,137.20201015472412,130.0,0
1595999091.0501287,139.00119304656982,130.0,0
1595999091.060143,140.80376625061035,130.0,0
1595999091.070135,142.60234832763672,130.0,0
1595999091.0801406,144.40333366394043,130.0,0
1595999091.0901232,146.20019912719727,130.0,0
1595999091.1001325,148.0018711090088,130.0,0
1595999091.1101296,149.80135440826416,130.0,0
1595999091.1201372,151.60272598266602,130.0,0
1595999091.1301308,153.4015655517578,130.0,0
1595999091.1401277,155.20100593566895,130.0,0
1595999091.1501415,157.003493309021,130.0,0
1595999091.1601264,158.80078792572021,130.0,0
1595999091.1701417,160.6035327911377,130.0,0
1595999091.1801322,162.4018144607544,130.0,0
1595999091.1901248,164.20048236846924,130.0,0
1595999091.2001243,166.000394821167,130.0,0
1595999091.2101288,167.80120849609375,130.0,0
1595999091.2201295,169.6013355255127,130.0,0
1595999091.2301245,171.40043258666992,130.0,0
1595999091.2401283,173.20111751556396,130.0,0
1595999091.2501419,175.00356197357178,130.0,0
1595999091.2601218,176.799955368042,130.0,0
1595999091.2701268,178.60085487365723,130.0,0
1595999091.2801223,180.40003776550293,130.0,0
1595999091.2901256,182.2006368637085,130.0,0
1595999091.3001354,184.0023946762085,130.0,0
1595999091.3101354,185.80239295959473,130.0,0
1595999091.3201299,187.60140419006348,130.0,0
1595999091.3301365,189.40260410308838,130.0,0
1595999091.3401372,191.20273113250732,130.0,0
1595999091.3501275,193.00096988677979,130.0,0
1595999091.3601246,194.80045318603516,130.0,0
1595999091.3701282,196.60109519958496,130.0,0
1595999091.3801305,198.40152263641357,130.0,0
1595999091.390127,200.20087718963623,130.0,0
1595999091.4001293,202.00130462646484,130.0,0
1595999091.4101236,203.80027294158936,130.0,0
1595999091.4201403,205.60327529907227,130.0,0
1595999091.4301298,207.401385307312,130.0,0
1595999091.4401236,209.20026779174805,130.0,0
1595999091.4501429,211.00374221801758,130.0,0
1595999091.4601424,212.80365467071533,130.0,0
1595999091.470132,214.60180759429932,130.0,0
1595999091.4801338,216.40210628509521,130.0,0
1595999091.4901323,218.20184707641602,130.0,0
1595999091.5001426,220.0036907196045,130.0,0
1595999091.5101218,221.799955368042,130.0,0
1595999091.5201306,223.60154151916504,130.0,0
1595999091.5301335,225.40205478668213,130.0,0
1595999091.5401309,227.20158100128174,130.0,0
1595999091.5501359,229.00248050689697,130.0,0
1595999091.5601332,230.80200672149658,130.0,0
1595999091.5701256,232.6006317138672,130.0,0
1595999091.5801244,234.40041542053223,130.0,0
1595999091.5901282,236.20110034942627,130.0,0
1595999091.6001341,238.00217151641846,130.0,0
1595999091.6101422,239.8036289215088,130.0,0
1595999091.620137,241.60268306732178,130.0,0
1595999091.630136,243.40250968933105,130.0,0
1595999091.640135,245.20233631134033,130.0,0
1595999091.6501389,247.00302124023438,130.0,0
1595999091.660141,248.80340576171875,130.0,0
1595999091.6701374,250.6027603149414,130.0,0
1595999091.6801267,252.4008274078369,130.0,0
1595999091.6901295,254.201340675354,130.0,0
1595999091.7001233,256.00022315979004,130.0,0
1595999091.7101352,257.8023672103882,130.0,0
1595999091.7201416,259.60352420806885,130.0,0
1595999091.730139,261.40305042266846,130.0,0
1595999091.740139,263.2030487060547,130.0,0
1595999091.750141,265.0033903121948,130.0,0
1595999091.7601368,266.802659034729,130.0,0
1595999091.7701256,268.60064029693604,130.0,0
1595999091.7801244,270.4004240036011,130.0,0
1595999091.7901301,272.201452255249,130.0,0
1595999091.8001385,274.0029525756836,130.0,0
1595999091.8101287,275.80119132995605,130.0,0
1595999091.8201265,277.60080337524414,130.0,0
1595999091.8301404,279.4032907485962,130.0,0
1595999091.8401423,281.2036323547363,130.0,0
1595999091.850142,283.0035877227783,130.0,0
1595999091.860124,284.8003673553467,130.0,0
1595999091.870139,286.6030263900757,130.0,0
1595999091.8801377,288.4028100967407,130.0,0
1595999091.8901331,290.2019929885864,130.0,0
1595999091.900139,292.0030641555786,130.0,0
1595999091.9101365,293.8025903701782,130.0,0
1595999091.9201412,295.6034469604492,130.0,0
1595999091.9301336,297.4020719528198,130.0,0
1595999091.9401238,299.2003107070923,130.0,0
1595999091.9501328,301.00193977355957,130.0,0
1595999091.9601371,302.8027105331421,130.0,0
1595999091.9701424,304.60365295410156,130.0,0
1595999091.9801397,306.4031791687012,130.0,0
1595999091.990138,308.20287704467773,130.0,0
1595999092.0001314,310.0016736984253,130.0,0
1595999092.0101233,311.8002128601074,130.0,0
1595999092.0201216,313.599910736084,130.0,0
1595999092.0301394,315.4031276702881,130.0,0
1595999092.0401332,317.2020101547241,130.0,0
1595999092.0501328,319.0019226074219,130.0,0
1595999092.0601263,320.8007621765137,130.0,0
1595999092.0701382,322.6029062271118,130.0,0
1595999092.0801387,324.4029903411865,130.0,0
1595999092.0901299,326.20140075683594,130.0,0
1595999092.1001327,328.001914024353,130.0,0
1595999092.1101265,329.80079650878906,130.0,0
1595999092.1201272,331.600923538208,130.0,0
1595999092.130135,333.4023380279541,130.0,0
1595999092.1401312,335.2016496658325,130.0,0
1595999092.150127,337.00087547302246,130.0,0
1595999092.1601276,338.8010025024414,130.0,0
1595999092.1701272,340.60091495513916,130.0,0
1595999092.1801326,342.40190029144287,130.0,0
1595999092.1901338,344.2021131515503,130.0,0
1595999092.200123,346.0001802444458,130.0,0
1595999092.2101264,347.80077934265137,130.0,0
1595999092.2201343,349.60219383239746,130.0,0
1595999092.230138,351.4028787612915,130.0,0
1595999092.2401397,353.2031774520874,130.0,0
1595999092.2501245,355.0004291534424,130.0,0
1595999092.2601237,356.8002986907959,130.0,0
1595999092.2701423,358.6036443710327,130.0,0
1595999092.2779038,360,130.0,1
1595999092.2801256,360.40063858032227,130.0,0
1595999092.2901404,362.20329761505127,130.0,0
1595999092.3001268,364.0008497238159,130.0,0
1595999092.3101392,365.80307960510254,130.0,0
1595999092.3201234,367.60024547576904,130.0,0
1595999092.330121,369.3998146057129,130.0,0
1595999092.3401248,371.20049953460693,130.0,0
1595999092.350126,373.00071239471436,130.0,0
1595999092.3601418,374.8035430908203,130.0,0
1595999092.3701215,376.5998935699463,130.0,0
1595999092.3801277,378.4010076522827,130.0,0
1595999092.3901277,380.20100593566895,130.0,0
1595999092.400133,382.0019483566284,130.0,0
1595999092.4101326,383.8019037246704,130.0,0
1595999092.420125,385.600528717041,130.0,0
1595999092.4301336,387.4020719528198,130.0,0
1595999092.4401336,389.20207023620605,130.0,0
1595999092.4501247,391.00048065185547,130.0,0
1595999092.460133,392.80198097229004,130.0,0
1595999092.470125,394.60052013397217,130.0,0
1595999092.4801407,396.4033508300781,130.0,0
1595999092.4901328,398.2019329071045,130.0,0
1595999092.5001285,400.00115871429443,130.0,0
1595999092.510134,401.80214405059814,130.0,0
1595999092.520122,403.59999656677246,130.0,0
1595999092.5301228,405.4001235961914,130.0,0
1595999092.5401409,407.20338344573975,130.0,0
1595999092.5501215,408.9999055862427,130.0,0
1595999092.5601401,410.8032512664795,130.0,0
1595999092.5701382,412.6029062271118,130.0,0
1595999092.5801294,414.40131664276123,130.0,0
1595999092.590131,416.20161533355713,130.0,0
1595999092.600139,418.0030298233032,130.0,0
1595999092.6101346,419.80225563049316,130.0,0
1595999092.6201417,421.60354137420654,130.0,0
1595999092.6301315,423.4016942977905,130.0,0
1595999092.640121,425.1998043060303,130.0,0
1595999092.6501348,427.0022916793823,130.0,0
1595999092.6601324,428.8018608093262,130.0,0
1595999092.6701293,430.6013011932373,130.0,0
1595999092.6801424,432.40365982055664,130.0,0
1595999092.690135,434.2023277282715,130.0,0
1595999092.7001362,436.0025405883789,130.0,0
1595999092.7101297,437.8013801574707,130.0,0
1595999092.7201397,439.60318088531494,130.0,0
1595999092.7301412,441.4034366607666,130.0,0
1595999092.740129,443.2012462615967,130.0,0
1595999092.7501383,445.0029182434082,130.0,0
1595999092.760134,446.80214405059814,130.0,0
1595999092.7701333,448.60201358795166,130.0,0
1595999092.780134,450.4021406173706,130.0,0
1595999092.7901337,452.2020959854126,130.0,0
1595999092.800129,454.00123596191406,130.0,0
1595999092.8101225,455.80007553100586,130.0,0
1595999092.820135,457.6023483276367,130.0,0
1595999092.8301246,459.40045833587646,130.0,0
1595999092.8401272,461.2009286880493,130.0,0
1595999092.8501284,463.00114154815674,130.0,0
1595999092.8601258,464.80066776275635,130.0,0
1595999092.8701253,466.6005802154541,130.0,0
1595999092.8801312,468.4016513824463,130.0,0
1595999092.8901215,470.19989013671875,130.0,0
1595999092.9001398,472.0031929016113,130.0,0
1595999092.9101338,473.8021183013916,130.0,0
1595999092.9201283,475.60112953186035,130.0,0
1595999092.9301274,477.40095615386963,130.0,0
1595999092.9401212,479.19983863830566,130.0,0
1595999092.9501388,481.0030126571655,130.0,0
1595999092.9601235,482.8002643585205,130.0,0
1595999092.9701328,484.60193634033203,130.0,0
1595999092.9801264,486.4007759094238,130.0,0
1595999092.9901419,488.20356369018555,130.0,0
1595999093.0001318,490.00175952911377,130.0,0
1595999093.0001318,0,130.0,0
1595999093.0101385,131.8011999130249,130.0,0
1595999093.020141,133.60162734985352,130.0,0
1595999093.0301337,135.4003381729126,130.0,0
1595999093.0401351,137.20059394836426,130.0,0
1595999093.0501463,139.0026092529297,130.0,0
1595999093.0601473,140.80277919769287,130.0,0
1595999093.0701456,142.60247707366943,130.0,0
1595999093.0801501,144.4032907485962,130.0,0
1595999093.0901375,146.2010145187378,130.0,0
1595999093.1001334,148.00028324127197,130.0,0
1595999093.1101327,149.8001527786255,130.0,0
1595999093.1201332,151.6002368927002,130.0,0
1595999093.1301465,153.40263843536377,130.0,0
1595999093.1401439,155.20216464996338,130.0,0
1595999093.1501446,157.00229167938232,130.0,0
1595999093.1601405,158.8015604019165,130.0,0
1595999093.1701326,160.60014247894287,130.0,0
1595999093.1801386,162.40121364593506,130.0,0
1595999093.1901526,164.20374393463135,130.0,0
1595999093.2001495,166.00318431854248,130.0,0
1595999093.2101486,167.80301094055176,130.0,0
1595999093.220145,169.6023654937744,130.0,0
1595999093.2301385,171.4012050628662,130.0,0
1595999093.2401333,173.2002592086792,130.0,0
1595999093.2501369,175.000901222229,130.0,0
1595999093.2601326,176.80012702941895,130.0,0
1595999093.2701535,178.60390186309814,130.0,0
1595999093.2801435,180.40209770202637,130.0,0
1595999093.2901328,182.20016479492188,130.0,0
1595999093.3001428,184.0019655227661,130.0,0
1595999093.3101354,185.80063343048096,130.0,0
1595999093.3201463,187.60260581970215,130.0,0
1595999093.3301332,189.40024375915527,130.0,0
1595999093.3401494,191.2031602859497,130.0,0
1595999093.3501391,193.0013132095337,130.0,0
1595999093.3601344,194.80045318603516,130.0,0
1595999093.3701322,196.60006523132324,130.0,0
1595999093.3801506,198.40336799621582,130.0,0
1595999093.3901436,200.20212173461914,130.0,0
1595999093.4001439,202.0021629333496,130.0,0
1595999093.4101355,203.8006591796875,130.0,0
1595999093.4201326,205.60014247894287,130.0,0
1595999093.4301314,207.3999261856079,130.0,0
1595999093.4401355,209.2006540298462,130.0,0
1595999093.4501338,211.00035190582275,130.0,0
1595999093.4601536,212.80391216278076,130.0,0
1595999093.4701416,214.60176467895508,130.0,0
1595999093.480153,216.40382289886475,130.0,0
1595999093.4901443,218.20223331451416,130.0,0
1595999093.5001445,220.00227451324463,130.0,0
1595999093.510144,221.80218696594238,130.0,0
1595999093.5201495,223.6031723022461,130.0,0
1595999093.530152,225.40364265441895,130.0,0
1595999093.5401318,227.19999313354492,130.0,0
1595999093.5501337,229.00033473968506,130.0,0
1595999093.5601318,230.79998970031738,130.0,0
1595999093.5701354,232.6006317138672,130.0,0
1595999093.5801342,234.40041542053223,130.0,0
1595999093.5901527,236.20376110076904,130.0,0
1595999093.6001472,238.0027723312378,130.0,0
1595999093.610137,239.80092525482178,130.0,0
1595999093.6201463,241.6025972366333,130.0,0
1595999093.63015,243.40328216552734,130.0,0
1595999093.6401336,245.20031929016113,130.0,0
1595999093.6501327,247.0001459121704,130.0,0
1595999093.6601405,248.8015604019165,130.0,0
1595999093.6701453,250.6024169921875,130.0,0
1595999093.680143,252.4020290374756,130.0,0
1595999093.690136,254.20073986053467,130.0,0
1595999093.7001455,256.00245475769043,130.0,0
1595999093.7101438,257.802152633667,130.0,0
1595999093.7201412,259.6016788482666,130.0,0
1595999093.7301328,261.4001750946045,130.0,0
1595999093.740142,263.201847076416,130.0,0
1595999093.7501469,265.002703666687,130.0,0
1595999093.7601476,266.80283069610596,130.0,0
1595999093.7701383,268.6011552810669,130.0,0
1595999093.7801352,270.400595664978,130.0,0
1595999093.790151,272.203426361084,130.0,0
1595999093.800151,274.00346755981445,130.0,0
1595999093.8101366,275.80084800720215,130.0,0
1595999093.820141,277.6016616821289,130.0,0
1595999093.830144,279.402174949646,130.0,0
1595999093.8401437,281.202130317688,130.0,0
1595999093.8501422,283.0018711090088,130.0,0
1595999093.8601525,284.80371475219727,130.0,0
1595999093.8701499,286.6032409667969,130.0,0
1595999093.8801446,288.40229511260986,130.0,0
1595999093.890139,290.2013063430786,130.0,0
1595999093.900131,291.99984550476074,130.0,0
1595999093.9101338,293.80035877227783,130.0,0
1595999093.920133,295.60022830963135,130.0,0
1595999093.9301438,297.4021577835083,130.0,0
1595999093.9401405,299.2015552520752,130.0,0
1595999093.950151,301.0034418106079,130.0,0
1595999093.9601316,302.79996395111084,130.0,0
1595999093.9701335,304.600305557251,130.0,0
1595999093.9801319,306.40000343322754,130.0,0
1595999093.990141,308.2016324996948,130.0,0
1595999094.0001397,310.00141620635986,130.0,0
1595999094.010145,311.80235862731934,130.0,0
1595999094.0201528,313.60377311706543,130.0,0
1595999094.030146,315.40252685546875,130.0,0
1595999094.0401323,317.2000789642334,130.0,0
1595999094.0501332,319.0002489089966,130.0,0
1595999094.0601482,320.8029508590698,130.0,0
1595999094.0701473,322.6027774810791,130.0,0
1595999094.0801349,324.40054416656494,130.0,0
1595999094.0901458,326.20251655578613,130.0,0
1595999094.1001384,328.001184463501,130.0,0
1595999094.1101434,329.8020839691162,130.0,0
1595999094.1201525,331.6037130355835,130.0,0
1595999094.1301498,333.4032392501831,130.0,0
1595999094.1401427,335.2019500732422,130.0,0
1595999094.1501443,337.0022487640381,130.0,0
1595999094.1601346,338.80048751831055,130.0,0
1595999094.1701424,340.60190200805664,130.0,0
1595999094.1801434,342.4020719528198,130.0,0
1595999094.1901312,344.1998815536499,130.0,0
1595999094.2001352,346.0006093978882,130.0,0
1595999094.2101345,347.8004789352417,130.0,0
1595999094.2201352,349.60060596466064,130.0,0
1595999094.2301424,351.401891708374,130.0,0
1595999094.2401361,353.20077419281006,130.0,0
1595999094.2501385,355.0012016296387,130.0,0
1595999094.2601383,356.80115699768066,130.0,0
1595999094.2701347,358.6005115509033,130.0,0
1595999094.277911,360,130.0,1
1595999094.280139,360.40128231048584,130.0,0
1595999094.2901347,362.2005081176758,130.0,0
1595999094.3001523,364.00368213653564,130.0,0
1595999094.310137,365.8009338378906,130.0,0
1595999094.3201392,367.601318359375,130.0,0
1595999094.330149,369.403076171875,130.0,0
1595999094.3401356,371.2006711959839,130.0,0
1595999094.3501487,373.0030298233032,130.0,0
1595999094.3601437,374.80212688446045,130.0,0
1595999094.3701422,376.60186767578125,130.0,0
1595999094.380149,378.40306758880615,130.0,0
1595999094.3901343,380.20044803619385,130.0,0
1595999094.4001472,382.00276374816895,130.0,0
1595999094.4101467,383.8026762008667,130.0,0
1595999094.4201324,385.60009956359863,130.0,0
1595999094.4301372,387.40095615386963,130.0,0
1595999094.4401305,389.1997528076172,130.0,0
1595999094.450133,391.00022315979004,130.0,0
1595999094.4601512,392.8034830093384,130.0,0
1595999094.4701488,394.6030521392822,130.0,0
1595999094.4801333,396.40026092529297,130.0,0
1595999094.4901423,398.20188999176025,130.0,0
1595999094.5001502,400.00330448150635,130.0,0
1595999094.5101447,401.8023157119751,130.0,0
1595999094.5201383,403.6011552810669,130.0,0
1595999094.5301387,405.4012393951416,130.0,0
1595999094.5401363,407.20080852508545,130.0,0
1595999094.550151,409.00346755981445,130.0,0
1595999094.5601492,410.8031225204468,130.0,0
1595999094.570139,412.60127544403076,130.0,0
1595999094.5801337,414.40032958984375,130.0,0
1595999094.5901406,416.2015724182129,130.0,0
1595999094.6001432,418.00204277038574,130.0,0
1595999094.61015,419.8032855987549,130.0,0
1595999094.620136,421.60075187683105,130.0,0
1595999094.6301513,423.40349674224854,130.0,0
1595999094.640141,425.2016496658325,130.0,0
1595999094.6501467,427.00267791748047,130.0,0
1595999094.6601436,428.8021183013916,130.0,0
1595999094.6701427,430.6019449234009,130.0,0
1595999094.680149,432.40310192108154,130.0,0
1595999094.6901486,434.2030143737793,130.0,0
1595999094.7001302,435.9997081756592,130.0,0
1595999094.710146,437.80253887176514,130.0,0
1595999094.7201436,439.602108001709,130.0,0
1595999094.7301302,441.39970302581787,130.0,0
1595999094.740144,443.2021903991699,130.0,0
1595999094.7501519,445.003604888916,130.0,0
1595999094.7601519,446.80360317230225,130.0,0
1595999094.7701404,448.60154151916504,130.0,0
1595999094.780141,450.401668548584,130.0,0
1595999094.790139,452.20128059387207,130.0,0
1595999094.8001478,454.0028667449951,130.0,0
1595999094.8101327,455.80016136169434,130.0,0
1595999094.820144,457.60217666625977,130.0,0
1595999094.8301306,459.39977169036865,130.0,0
1595999094.8401487,461.203031539917,130.0,0
1595999094.8501458,463.00251483917236,130.0,0
1595999094.8601458,464.8025131225586,130.0,0
1595999094.870149,466.6030693054199,130.0,0
1595999094.8801436,468.4021234512329,130.0,0
1595999094.89015,470.2032804489136,130.0,0
1595999094.900143,472.00199127197266,130.0,0
1595999094.910141,473.801646232605,130.0,0
1595999094.9201367,475.6008720397949,130.0,0
1595999094.930134,477.40039825439453,130.0,0
1595999094.9401364,479.20082569122314,130.0,0
1595999094.9501376,481.00103855133057,130.0,0
1595999094.96015,482.8032684326172,130.0,0
1595999094.9701378,484.60107803344727,130.0,0
1595999094.9801319,486.40000343322754,130.0,0
1595999094.9901361,488.20077419281006,130.0,0
1595999095.0001404,490.0015449523926,130.0,0
1595999095.0001404,0,130.0,0
1595999095.0101585,131.80325984954834,130.0,0
1595999095.0201478,133.60132694244385,130.0,0
1595999095.0301447,135.40076732635498,130.0,0
1595999095.0401452,137.2008514404297,130.0,0
1595999095.0501542,139.00248050689697,130.0,0
1595999095.060159,140.80333709716797,130.0,0
1595999095.0701504,142.60179042816162,130.0,0
1595999095.0801609,144.40367698669434,130.0,0
1595999095.0901442,146.2006711959839,130.0,0
1595999095.1001441,148.00066947937012,130.0,0
1595999095.110162,149.80388641357422,130.0,0
1595999095.1201606,151.60362720489502,130.0,0
1595999095.130141,153.4001064300537,130.0,0
1595999095.1401582,155.2031946182251,130.0,0
1595999095.150143,157.00044631958008,130.0,0
1595999095.1601546,158.80254745483398,130.0,0
1595999095.170158,160.60314655303955,130.0,0
1595999095.1801577,162.40310192108154,130.0,0
1595999095.1901479,164.201340675354,130.0,0
1595999095.200152,166.00206851959229,130.0,0
1595999095.2101412,167.8001356124878,130.0,0
1595999095.2201412,169.60013389587402,130.0,0
1595999095.2301414,171.4001750946045,130.0,0
1595999095.2401485,173.20146083831787,130.0,0
1595999095.2501574,175.00304698944092,130.0,0
1595999095.260143,176.80047035217285,130.0,0
1595999095.2701545,178.60252857208252,130.0,0
1595999095.2801583,180.40321350097656,130.0,0
1595999095.290157,182.2029972076416,130.0,0
1595999095.3001614,184.00376796722412,130.0,0
1595999095.3101516,185.80200672149658,130.0,0
1595999095.320147,187.60118961334229,130.0,0
1595999095.3301568,189.40294742584229,130.0,0
1595999095.3401525,191.20217323303223,130.0,0
1595999095.3501499,193.00169944763184,130.0,0
1595999095.3601477,194.80131149291992,130.0,0
1595999095.3701537,196.6023826599121,130.0,0
1595999095.3801506,198.40182304382324,130.0,0
1595999095.3901548,200.20259380340576,130.0,0
1595999095.4001427,202.00040340423584,130.0,0
1595999095.4101617,203.80383491516113,130.0,0
1595999095.4201536,205.60237407684326,130.0,0
1595999095.4301453,207.40087032318115,130.0,0
1595999095.4401505,209.20181274414062,130.0,0
1595999095.45014,210.99992275238037,130.0,0
1595999095.4601521,212.80210971832275,130.0,0
1595999095.4701445,214.60073471069336,130.0,0
1595999095.4801495,216.4016342163086,130.0,0
1595999095.490144,218.20064544677734,130.0,0
1595999095.5001442,220.0006866455078,130.0,0
1595999095.5101454,221.80089950561523,130.0,0
1595999095.5201602,223.60355854034424,130.0,0
1595999095.5301526,225.40218353271484,130.0,0
1595999095.540144,227.2006368637085,130.0,0
1595999095.550151,229.00192260742188,130.0,0
1595999095.5601573,230.8030366897583,130.0,0
1595999095.5701504,232.60179042816162,130.0,0
1595999095.5801516,234.40200328826904,130.0,0
1595999095.5901442,236.2006711959839,130.0,0
1595999095.60016,238.00350189208984,130.0,0
1595999095.6101468,239.80113983154297,130.0,0
1595999095.6201503,241.60178184509277,130.0,0
1595999095.630146,243.40100765228271,130.0,0
1595999095.640153,245.20225048065186,130.0,0
1595999095.6501532,247.00229167938232,130.0,0
1595999095.660149,248.8015604019165,130.0,0
1595999095.670143,250.60044288635254,130.0,0
1595999095.6801512,252.4019432067871,130.0,0
1595999095.6901443,254.20069694519043,130.0,0
1595999095.7001512,256.00193977355957,130.0,0
1595999095.7101436,257.8005647659302,130.0,0
1595999095.7201524,259.6021509170532,130.0,0
1595999095.730147,261.401162147522,130.0,0
1595999095.7401516,263.20201873779297,130.0,0
1595999095.7501554,265.002703666687,130.0,0
1595999095.7601426,266.8003845214844,130.0,0
1595999095.7701554,268.6027002334595,130.0,0
1595999095.7801502,270.40175437927246,130.0,0
1595999095.7901478,272.2013235092163,130.0,0
1595999095.800145,274.0008068084717,130.0,0
1595999095.8101459,275.80097675323486,130.0,0
1595999095.8201516,277.6020050048828,130.0,0
1595999095.8301537,279.4023895263672,130.0,0
1595999095.8401544,281.20251655578613,130.0,0
1595999095.8501604,283.0035877227783,130.0,0
1595999095.8601446,284.8007535934448,130.0,0
1595999095.8701534,286.60233974456787,130.0,0
1595999095.8801558,288.4027671813965,130.0,0
1595999095.8901482,290.2013921737671,130.0,0
1595999095.900141,292.0001029968262,130.0,0
1595999095.9101431,293.80048751831055,130.0,0
1595999095.9201515,295.6019878387451,130.0,0
1595999095.930155,297.4026298522949,130.0,0
1595999095.9401438,299.20061111450195,130.0,0
1595999095.950147,301.0011672973633,130.0,0
1595999095.9601426,302.8003931045532,130.0,0
1595999095.970144,304.6006488800049,130.0,0
1595999095.98016,306.4035224914551,130.0,0
1595999095.990155,308.2026195526123,130.0,0
1595999096.0001512,310.0019311904907,130.0,0
1595999096.0101583,311.8032169342041,130.0,0
1595999096.0201454,313.60089778900146,130.0,0
1595999096.0301406,315.40003776550293,130.0,0
1595999096.0401397,317.1998643875122,130.0,0
1595999096.0501509,319.00187969207764,130.0,0
1595999096.0601394,320.79981803894043,130.0,0
1595999096.0701404,322.5999879837036,130.0,0
1595999096.0801508,324.4018745422363,130.0,0
1595999096.0901597,326.2034606933594,130.0,0
1595999096.1001508,328.0018711090088,130.0,0
1595999096.1101544,329.8025131225586,130.0,0
1595999096.1201475,331.6012668609619,130.0,0
1595999096.13016,333.4035396575928,130.0,0
1595999096.1401505,335.2018213272095,130.0,0
1595999096.1501532,337.0022916793823,130.0,0
1595999096.1601555,338.80271911621094,130.0,0
1595999096.170159,340.60336112976074,130.0,0
1595999096.1801593,342.4034023284912,130.0,0
1595999096.1901543,344.20249938964844,130.0,0
1595999096.2001402,345.9999656677246,130.0,0
1595999096.2101405,347.8000068664551,130.0,0
1595999096.2201536,349.6023654937744,130.0,0
1595999096.230146,351.400990486145,130.0,0
1595999096.2401543,353.2024908065796,130.0,0
1595999096.250143,355.0004720687866,130.0,0
1595999096.2601397,356.7998695373535,130.0,0
1595999096.2701452,358.6008548736572,130.0,0
1595999096.2779207,360,130.0,1
1595999096.2801414,360.40016651153564,130.0,0
1595999096.2901537,362.20239639282227,130.0,0
1595999096.3001568,364.0029525756836,130.0,0
1595999096.3101473,365.8012342453003,130.0,0
1595999096.3201523,367.6021337509155,130.0,0
1595999096.3301537,369.4023895263672,130.0,0
1595999096.3401482,371.20140075683594,130.0,0
1595999096.3501608,373.0036735534668,130.0,0
1595999096.3601587,374.8032855987549,130.0,0
1595999096.3701599,376.6034984588623,130.0,0
1595999096.3801503,378.401780128479,130.0,0
1595999096.3901534,380.20233631134033,130.0,0
1595999096.4001396,381.99984550476074,130.0,0
1595999096.4101462,383.80104541778564,130.0,0
1595999096.4201427,385.6003999710083,130.0,0
1595999096.430158,387.4031448364258,130.0,0
1595999096.4401522,389.2021131515503,130.0,0
1595999096.4501512,391.00193977355957,130.0,0
1595999096.4601538,392.8024101257324,130.0,0
1595999096.4701562,394.60283756256104,130.0,0
1595999096.4801393,396.39978885650635,130.0,0
1595999096.4901602,398.20356369018555,130.0,0
1595999096.5001507,400.00184535980225,130.0,0
1595999096.510149,401.8015432357788,130.0,0
1595999096.5201428,403.60042572021484,130.0,0
1595999096.5301561,405.4028272628784,130.0,0
1595999096.5401475,407.20128059387207,130.0,0
1595999096.5501554,409.00269508361816,130.0,0
1595999096.5601487,410.8014917373657,130.0,0
1595999096.5701523,412.6021337509155,130.0,0
1595999096.580157,414.4029903411865,130.0,0
1595999096.5901508,416.20187282562256,130.0,0
1595999096.6001577,418.0031156539917,130.0,0
1595999096.6101565,419.80289936065674,130.0,0
1595999096.6201596,421.60345554351807,130.0,0
1595999096.6301389,423.39972019195557,130.0,0
1595999096.6401572,425.20302295684814,130.0,0
1595999096.6501555,427.0027208328247,130.0,0
1595999096.6601553,428.8026762008667,130.0,0
1595999096.6701496,430.6016445159912,130.0,0
1595999096.680148,432.4013423919678,130.0,0
1595999096.6901596,434.2034435272217,130.0,0
1595999096.700141,436.0000944137573,130.0,0
1595999096.7101438,437.8006076812744,130.0,0
1595999096.7201586,439.6032667160034,130.0,0
1595999096.730159,441.4033508300781,130.0,0
1595999096.740144,443.20064544677734,130.0,0
1595999096.7501411,445.0001287460327,130.0,0
1595999096.7601557,446.8027448654175,130.0,0
1595999096.7701583,448.60321521759033,130.0,0
1595999096.7801461,450.4010248184204,130.0,0
1595999096.790153,452.20226764678955,130.0,0
1595999096.8001456,454.0009355545044,130.0,0
1595999096.8101506,455.80183506011963,130.0,0
1595999096.8201392,457.5997734069824,130.0,0
1595999096.8301437,459.4005870819092,130.0,0
1595999096.8401597,461.2034606933594,130.0,0
1595999096.8501499,463.00169944763184,130.0,0
1595999096.8601587,464.8032855987549,130.0,0
1595999096.8701446,466.60075187683105,130.0,0
1595999096.8801425,468.40036392211914,130.0,0
1595999096.8901582,470.2031946182251,130.0,0
1595999096.9001484,472.00143337249756,130.0,0
1595999096.9101596,473.803448677063,130.0,0
1595999096.9201393,475.59979915618896,130.0,0
1595999096.9301538,477.40241527557373,130.0,0
1595999096.9401565,479.2028856277466,130.0,0
1595999096.9501455,481.00090980529785,130.0,0
1595999096.9601574,482.803053855896,130.0,0
1595999096.9701436,484.6005630493164,130.0,0
1595999096.9801397,486.3998746871948,130.0,0
1595999096.9901404,488.20000171661377,130.0,0
1595999097.0001423,490.0003433227539,130.0,0
1595999097.0001423,0,130.0,0
1595999097.0101545,131.80218696594238,130.0,0
1595999097.020154,133.60209941864014,130.0,0
1595999097.0301623,135.4035997390747,130.0,0
1595999097.0401533,137.20196723937988,130.0,0
1595999097.050158,139.00282382965088,130.0,0
1595999097.0601435,140.80020427703857,130.0,0
1595999097.070151,142.60157585144043,130.0,0
1595999097.0801437,144.40024375915527,130.0,0
1595999097.0901597,146.20311737060547,130.0,0
1595999097.1001463,148.00071239471436,130.0,0
1595999097.1101525,149.80182647705078,130.0,0
1595999097.120156,151.6024684906006,130.0,0
1595999097.1301522,153.401780128479,130.0,0
1595999097.1401556,155.20237922668457,130.0,0
1595999097.1501584,157.00289249420166,130.0,0
1595999097.1601486,158.80113124847412,130.0,0
1595999097.1701524,160.60181617736816,130.0,0
1595999097.1801548,162.40224361419678,130.0,0
1595999097.1901555,164.20237064361572,130.0,0
1595999097.2001548,166.00224018096924,130.0,0
1595999097.210143,167.8001356124878,130.0,0
1595999097.2201586,169.6029233932495,130.0,0
1595999097.2301438,171.40026092529297,130.0,0
1595999097.2401488,173.2011604309082,130.0,0
1595999097.2501569,175.00261783599854,130.0,0
1595999097.2601526,176.80184364318848,130.0,0
1595999097.2701523,178.60179901123047,130.0,0
1595999097.2801542,180.4021406173706,130.0,0
1595999097.2901561,182.20248222351074,130.0,0
1595999097.3001456,184.0005922317505,130.0,0
1595999097.3101628,185.80368041992188,130.0,0
1595999097.320149,187.60118961334229,130.0,0
1595999097.33016,189.40316200256348,130.0,0
1595999097.3401515,191.20165824890137,130.0,0
1595999097.3501518,193.00169944763184,130.0,0
1595999097.3601518,194.80169773101807,130.0,0
1595999097.3701456,196.6005802154541,130.0,0
1595999097.3801486,198.40113639831543,130.0,0
1595999097.390147,200.200834274292,130.0,0
1595999097.4001534,202.00199127197266,130.0,0
1595999097.410155,203.80228996276855,130.0,0
1595999097.4201539,205.6020736694336,130.0,0
1595999097.430148,207.40099906921387,130.0,0
1595999097.4401548,209.202241897583,130.0,0
1595999097.4501522,211.00176811218262,130.0,0
1595999097.4601483,212.80107975006104,130.0,0
1595999097.4701586,214.6029233932495,130.0,0
1595999097.4801624,216.40360832214355,130.0,0
1595999097.4901576,218.20274829864502,130.0,0
1595999097.5001497,220.0013303756714,130.0,0
1595999097.510154,221.8021011352539,130.0,0
1595999097.5201464,223.6007261276245,130.0,0
1595999097.5301616,225.403470993042,130.0,0
1595999097.540159,227.2029972076416,130.0,0
1595999097.5501616,229.00346755981445,130.0,0
1595999097.5601616,230.80346584320068,130.0,0
1595999097.5701447,232.600417137146,130.0,0
1595999097.5801504,234.40144538879395,130.0,0
1595999097.5901601,236.20320320129395,130.0,0
1595999097.6001568,238.00260066986084,130.0,0
1595999097.6101608,239.80332851409912,130.0,0
1595999097.6201434,241.60019397735596,130.0,0
1595999097.6301463,243.40070724487305,130.0,0
1595999097.6401443,245.20036220550537,130.0,0
1595999097.650143,247.00010299682617,130.0,0
1595999097.6601422,248.7999725341797,130.0,0
1595999097.6701505,250.60147285461426,130.0,0
1595999097.6801436,252.40022659301758,130.0,0
1595999097.690146,254.2006540298462,130.0,0
1595999097.7001607,256.0033130645752,130.0,0
1595999097.7101572,257.80266761779785,130.0,0
1595999097.7201624,259.6036100387573,130.0,0
1595999097.73015,261.40137672424316,130.0,0
1595999097.7401428,263.20008754730225,130.0,0
1595999097.750153,265.0019311904907,130.0,0
1595999097.7601438,266.80025577545166,130.0,0
1595999097.7701492,268.60124111175537,130.0,0
1595999097.7801495,270.40128231048584,130.0,0
1595999097.7901428,272.2000789642334,130.0,0
1595999097.800154,274.0020942687988,130.0,0
1595999097.810151,275.8015775680542,130.0,0
1595999097.8201456,277.60058879852295,130.0,0
1595999097.8301523,279.40178871154785,130.0,0
1595999097.8401556,281.2023878097534,130.0,0
1595999097.8501458,283.0006265640259,130.0,0
1595999097.8601542,284.80212688446045,130.0,0
1595999097.870142,286.5999364852905,130.0,0
1595999097.8801548,288.4022521972656,130.0,0
1595999097.890151,290.20156383514404,130.0,0
1595999097.900156,292.0024633407593,130.0,0
1595999097.910159,293.8030195236206,130.0,0
1595999097.9201415,295.5998420715332,130.0,0
1595999097.9301574,297.4027156829834,130.0,0
1595999097.9401517,299.2016839981079,130.0,0
1595999097.9501598,301.00314140319824,130.0,0
1595999097.960149,302.80120849609375,130.0,0
1595999097.9701514,304.60163593292236,130.0,0
1595999097.9801607,306.4033079147339,130.0,0
1595999097.9901612,308.2033920288086,130.0,0
1595999098.0001528,310.0018882751465,130.0,0
1595999098.010162,311.803560256958,130.0,0
1595999098.0201569,313.602614402771,130.0,0
1595999098.0301511,315.4015827178955,130.0,0
1595999098.040156,317.2024393081665,130.0,0
1595999098.0501494,319.0012788772583,130.0,0
1595999098.060151,320.8015775680542,130.0,0
1595999098.0701432,322.60015964508057,130.0,0
1595999098.0801497,324.40131664276123,130.0,0
1595999098.0901458,326.20062828063965,130.0,0
1595999098.1001623,328.0035877227783,130.0,0
1595999098.1101453,329.80053901672363,130.0,0
1595999098.1201427,331.60006523132324,130.0,0
1595999098.130148,333.4010076522827,130.0,0
1595999098.1401417,335.19989013671875,130.0,0
1595999098.150156,337.0024633407593,130.0,0
1595999098.160155,338.80228996276855,130.0,0
1595999098.1701486,340.60112953186035,130.0,0
1595999098.1801448,342.40044116973877,130.0,0
1595999098.1901526,344.20185565948486,130.0,0
1595999098.200156,346.00245475769043,130.0,0
1595999098.2101517,347.80168056488037,130.0,0
1595999098.2201502,349.6014213562012,130.0,0
1595999098.230161,351.4033508300781,130.0,0
1595999098.2401624,353.2036066055298,130.0,0
1595999098.2501514,355.00163078308105,130.0,0
1595999098.2601588,356.8029594421387,130.0,0
1595999098.2701476,358.6009407043457,130.0,0
1595999098.2779372,360,130.0,1
1595999098.280155,360.4022693634033,130.0,0
1595999098.290151,362.2015380859375,130.0,0
1595999098.3001614,364.0034246444702,130.0,0
1595999098.3101456,365.8005905151367,130.0,0
1595999098.3201563,367.6025199890137,130.0,0
1595999098.3301604,369.40324783325195,130.0,0
1595999098.3401434,371.20019912719727,130.0,0
1595999098.3501446,373.0004119873047,130.0,0
1595999098.3601468,374.80079650878906,130.0,0
1595999098.3701487,376.6011381149292,130.0,0
1595999098.380152,378.40173721313477,130.0,0
1595999098.390142,380.199933052063,130.0,0
1595999098.4001503,382.00143337249756,130.0,0
1595999098.4101467,383.8007879257202,130.0,0
1595999098.4201438,385.6002712249756,130.0,0
1595999098.4301586,387.4029302597046,130.0,0
1595999098.4401572,389.2026710510254,130.0,0
1595999098.4501476,391.0009527206421,130.0,0
1595999098.4601538,392.8020668029785,130.0,0
1595999098.4701602,394.6032238006592,130.0,0
1595999098.4801414,396.3998317718506,130.0,0
1595999098.4901586,398.202919960022,130.0,0
1595999098.5001574,400.002703666687,130.0,0
1595999098.5101418,401.79991245269775,130.0,0
1595999098.5201445,403.6003828048706,130.0,0
1595999098.5301507,405.40149688720703,130.0,0
1595999098.5401547,407.2022247314453,130.0,0
1595999098.5501492,409.00123596191406,130.0,0
1595999098.560153,410.8019208908081,130.0,0
1595999098.5701501,412.6014041900635,130.0,0
1595999098.5801504,414.40144538879395,130.0,0
1595999098.590154,416.20208740234375,130.0,0
1595999098.60015,418.00139904022217,130.0,0
1595999098.610145,419.8004961013794,130.0,0
1595999098.6201532,421.6019535064697,130.0,0
1595999098.6301425,423.40002059936523,130.0,0
1595999098.6401412,425.1998043060303,130.0,0
1595999098.65016,427.0031929016113,130.0,0
1595999098.6601477,428.80095958709717,130.0,0
1595999098.6701517,430.60168743133545,130.0,0
1595999098.6801572,432.40267276763916,130.0,0
1595999098.6901422,434.1999673843384,130.0,0
1595999098.700148,436.00103855133057,130.0,0
1595999098.7101564,437.80253887176514,130.0,0
1595999098.7201483,439.60107803344727,130.0,0
1595999098.7301476,441.4009475708008,130.0,0
1595999098.7401595,443.2030916213989,130.0,0
1595999098.7501607,445.00330448150635,130.0,0
1595999098.7601569,446.80261611938477,130.0,0
1595999098.7701504,448.60145568847656,130.0,0
1595999098.7801454,450.4005527496338,130.0,0
1595999098.790159,452.2029972076416,130.0,0
1595999098.800151,454.00157928466797,130.0,0
1595999098.8101528,455.80187797546387,130.0,0
1595999098.8201482,457.60106086730957,130.0,0
1595999098.83016,459.4031620025635,130.0,0
1595999098.840151,461.2015724182129,130.0,0
1595999098.8501499,463.00135612487793,130.0,0
1595999098.8601477,464.800968170166,130.0,0
1595999098.8701515,466.60165309906006,130.0,0
1595999098.8801606,468.40328216552734,130.0,0
1595999098.890152,470.201735496521,130.0,0
1595999098.9001439,472.0002746582031,130.0,0
1595999098.9101562,473.80250453948975,130.0,0
1595999098.920144,475.6003141403198,130.0,0
1595999098.9301457,477.4006128311157,130.0,0
1595999098.9401405,479.1996669769287,130.0,0
1595999098.9501607,481.0033130645752,130.0,0
1595999098.960151,482.80155181884766,130.0,0
1595999098.970146,484.6006488800049,130.0,0
1595999098.980143,486.40013217926025,130.0,0
1595999098.9901583,488.20287704467773,130.0,0
1595999099.0001428,490.0000858306885,130.0,0
1595999099.0001428,0,130.0,0
1595999099.0101638,131.8037748336792,130.0,0
1595999099.0201476,133.60085487365723,130.0,0
1595999099.0301435,135.4001235961914,130.0,0
1595999099.0401428,137.19999313354492,130.0,0
1595999099.0501597,139.00303840637207,130.0,0
1595999099.0601504,140.801362991333,130.0,0
1595999099.0701578,142.60269165039062,130.0,0
1595999099.0801518,144.4016170501709,130.0,0
1595999099.0901523,146.2017011642456,130.0,0
1595999099.1001608,148.0032444000244,130.0,0
1595999099.1101599,149.8030710220337,130.0,0
1595999099.120161,151.6032838821411,130.0,0
1595999099.1301503,153.40135097503662,130.0,0
1595999099.1401565,155.20246505737305,130.0,0
1595999099.1501493,157.00117588043213,130.0,0
1595999099.1601524,158.80173206329346,130.0,0
1595999099.170159,160.60293197631836,130.0,0
1595999099.1801426,162.39996910095215,130.0,0
1595999099.1901443,164.20026779174805,130.0,0
1595999099.20015,166.001296043396,130.0,0
1595999099.21016,167.80309677124023,130.0,0
1595999099.2201438,169.60017681121826,130.0,0
1595999099.2301567,171.40249252319336,130.0,0
1595999099.2401516,173.2015895843506,130.0,0
1595999099.2501533,175.00188827514648,130.0,0
1595999099.2601523,176.80171489715576,130.0,0
1595999099.2701478,178.60089778900146,130.0,0
1595999099.2801635,180.40372848510742,130.0,0
1595999099.2901466,182.20067977905273,130.0,0
1595999099.3001592,184.0029525756836,130.0,0
1595999099.310152,185.80166339874268,130.0,0
1595999099.320149,187.6011037826538,130.0,0
1595999099.3301601,189.40311908721924,130.0,0
1595999099.3401566,191.2024736404419,130.0,0
1595999099.3501554,193.00225734710693,130.0,0
1595999099.3601482,194.80096817016602,130.0,0
1595999099.370155,196.60221099853516,130.0,0
1595999099.3801541,198.40203762054443,130.0,0
1595999099.3901594,200.2029800415039,130.0,0
1595999099.4001539,202.00199127197266,130.0,0
1595999099.4101615,203.8033628463745,130.0,0
1595999099.4201627,205.60357570648193,130.0,0
1595999099.430147,207.40074157714844,130.0,0
1595999099.440154,209.20202732086182,130.0,0
1595999099.450158,211.0027551651001,130.0,0
1595999099.4601495,212.80120849609375,130.0,0
1595999099.470156,214.6023654937744,130.0,0
1595999099.4801598,216.40305042266846,130.0,0
1595999099.4901614,218.20334911346436,130.0,0
1595999099.500147,220.0007724761963,130.0,0
1595999099.5101464,221.8006420135498,130.0,0
1595999099.5201552,223.60222816467285,130.0,0
1595999099.530157,225.402569770813,130.0,0
1595999099.5401423,227.19990730285645,130.0,0
1595999099.5501518,229.0016222000122,130.0,0
1595999099.5601494,230.80119132995605,130.0,0
1595999099.570144,232.6002025604248,130.0,0
1595999099.58016,234.403076171875,130.0,0
1595999099.590154,236.20200157165527,130.0,0
1595999099.6001613,238.0033302307129,130.0,0
1595999099.6101565,239.80247020721436,130.0,0
1595999099.6201618,241.60341262817383,130.0,0
1595999099.6301465,243.4006643295288,130.0,0
1595999099.6401484,245.20100593566895,130.0,0
1595999099.6501634,247.0037078857422,130.0,0
1595999099.6601436,248.80014419555664,130.0,0
1595999099.670162,250.60344696044922,130.0,0
1595999099.6801527,252.40177154541016,130.0,0
1595999099.6901593,254.20297145843506,130.0,0
1595999099.7001615,256.00335597991943,130.0,0
1595999099.7101517,257.8015947341919,130.0,0
1595999099.7201617,259.60339546203613,130.0,0
1595999099.7301552,261.40223503112793,130.0,0
1595999099.7401586,263.2028341293335,130.0,0
1595999099.7501566,265.0024890899658,130.0,0
1595999099.7601562,266.8024015426636,130.0,0
1595999099.7701614,268.60334396362305,130.0,0
1595999099.7801478,270.4008960723877,130.0,0
1595999099.7901568,272.202525138855,130.0,0
1595999099.8001482,274.00097846984863,130.0,0
1595999099.8101525,275.80174922943115,130.0,0
1595999099.8201478,277.6008892059326,130.0,0
1595999099.8301594,279.4029903411865,130.0,0
1595999099.8401506,281.20140075683594,130.0,0
1595999099.8501544,283.00208568573,130.0,0
1595999099.86016,284.80311393737793,130.0,0
1595999099.8701482,286.60096645355225,130.0,0
1595999099.8801591,288.40293884277344,130.0,0
1595999099.8901486,290.2010488510132,130.0,0
1595999099.9001548,292.0021629333496,130.0,0
1595999099.9101603,293.8031482696533,130.0,0
1595999099.9201434,295.60009956359863,130.0,0
1595999099.930153,297.4018144607544,130.0,0
1595999099.9401512,299.20151233673096,130.0,0
1595999099.9501588,301.0028839111328,130.0,0
1595999099.9601436,302.8001356124878,130.0,0
1595999099.970156,304.6023654937744,130.0,0
1595999099.9801426,306.3999605178833,130.0,0
1595999099.990152,308.2016324996948,130.0,0
1595999100.00015,310.00128746032715,130.0,0
1595999100.010161,311.80325984954834,130.0,0
1595999100.0201533,313.60188484191895,130.0,0
1595999100.0301452,315.4004240036011,130.0,0
1595999100.0401492,317.20115184783936,130.0,0
1595999100.050142,318.99986267089844,130.0,0
1595999100.0601442,320.8002471923828,130.0,0
1595999100.0701492,322.60114669799805,130.0,0
1595999100.0801623,324.4035053253174,130.0,0
1595999100.0901606,326.20320320129395,130.0,0
1595999100.10015,328.0013132095337,130.0,0
1595999100.110163,329.8036289215088,130.0,0
1595999100.1201508,331.60143852233887,130.0,0
1595999100.130152,333.4016513824463,130.0,0
1595999100.1401448,335.20036220550537,130.0,0
1595999100.150152,337.00164794921875,130.0,0
1595999100.1601546,338.8021183013916,130.0,0
1595999100.170142,340.5998420715332,130.0,0
1595999100.1801562,342.40241527557373,130.0,0
1595999100.1901538,344.2019844055176,130.0,0
1595999100.2001529,346.00181102752686,130.0,0
1595999100.21015,347.8012943267822,130.0,0
1595999100.2201529,349.6018075942993,130.0,0
1595999100.230149,351.40111923217773,130.0,0
1595999100.2401488,353.2010746002197,130.0,0
1595999100.250145,355.00038623809814,130.0,0
1595999100.2601433,356.8000841140747,130.0,0
1595999100.2701452,358.60042572021484,130.0,0
1595999100.2779307,360,130.0,1
1595999100.2801597,360.4030418395996,130.0,0
1595999100.2901435,362.20012187957764,130.0,0
1595999100.3001578,364.00269508361816,130.0,0
1595999100.3101454,365.800461769104,130.0,0
1595999100.3201427,367.5999879837036,130.0,0
1595999100.3301544,369.4020891189575,130.0,0
1595999100.3401606,371.20320320129395,130.0,0
1595999100.3501608,373.0032444000244,130.0,0
1595999100.3601422,374.79989528656006,130.0,0
1595999100.37015,376.60130977630615,130.0,0
1595999100.3801525,378.40173721313477,130.0,0
1595999100.3901477,380.20087718963623,130.0,0
1595999100.4001567,382.0025062561035,130.0,0
1595999100.4101622,383.8034915924072,130.0,0
1595999100.420162,385.6034469604492,130.0,0
1595999100.43016,387.40310192108154,130.0,0
1595999100.4401603,389.203143119812,130.0,0
1595999100.4501436,391.00013732910156,130.0,0
1595999100.4601502,392.80133724212646,130.0,0
1595999100.4701526,394.6017646789551,130.0,0
1595999100.4801557,396.4023208618164,130.0,0
1595999100.4901614,398.20334911346436,130.0,0
1595999100.5001462,400.00060081481934,130.0,0
1595999100.5101626,401.803560256958,130.0,0
1595999100.52016,403.6030864715576,130.0,0
1595999100.5301485,405.4010248184204,130.0,0
1595999100.54015,407.20128059387207,130.0,0
1595999100.550163,409.0036392211914,130.0,0
1595999100.5601573,410.8026075363159,130.0,0
1595999100.5701604,412.60316371917725,130.0,0
1595999100.5801458,414.40054416656494,130.0,0
1595999100.5901494,416.20118618011475,130.0,0
1595999100.6001475,418.00084114074707,130.0,0
1595999100.610144,419.8001956939697,130.0,0
1595999100.6201525,421.60173892974854,130.0,0
1595999100.6301606,423.40319633483887,130.0,0
1595999100.6401508,425.2014350891113,130.0,0
1595999100.6501424,426.9999313354492,130.0,0
1595999100.6601548,428.80216121673584,130.0,0
1595999100.6701458,430.600528717041,130.0,0
1595999100.680143,432.4000549316406,130.0,0
1595999100.6901584,434.2027997970581,130.0,0
1595999100.7001529,436.00181102752686,130.0,0
1595999100.7101614,437.80335426330566,130.0,0
1595999100.7201507,439.6014213562012,130.0,0
1595999100.7301614,441.4033508300781,130.0,0
1595999100.740154,443.20201873779297,130.0,0
1595999100.7501526,445.00175952911377,130.0,0
1595999100.7601569,446.8025302886963,130.0,0
1595999100.7701588,448.6028718948364,130.0,0
1595999100.7801533,450.4018831253052,130.0,0
1595999100.790154,452.2020101547241,130.0,0
1595999100.800149,454.00110721588135,130.0,0
1595999100.8101501,455.80132007598877,130.0,0
1595999100.8201628,457.60359287261963,130.0,0
1595999100.8301508,459.40144538879395,130.0,0
1595999100.8401575,461.20264530181885,130.0,0
1595999100.8501515,463.0015707015991,130.0,0
1595999100.860142,464.7998523712158,130.0,0
1595999100.8701556,466.60229682922363,130.0,0
1595999100.880144,468.4001922607422,130.0,0
1595999100.8901415,470.19976139068604,130.0,0
1595999100.9001608,472.00323581695557,130.0,0
1595999100.9101596,473.8030195236206,130.0,0
1595999100.9201627,475.60357570648193,130.0,0
1595999100.930148,477.4009132385254,130.0,0
1595999100.9401429,479.2000102996826,130.0,0
1595999100.950145,481.000394821167,130.0,0
1595999100.9601612,482.8033113479614,130.0,0
1595999100.9701464,484.6006488800049,130.0,0
1595999100.980156,486.40236377716064,130.0,0
1595999100.9901469,488.2007312774658,130.0,0
1595999101.000155,490.00218868255615,130.0,0
1595999101.000155,0,130.0,0
1595999101.010161,131.8010711669922,130.0,0
1595999101.020162,133.6012840270996,130.0,0
1595999101.0301664,135.40205478668213,130.0,0
1595999101.0401711,137.20291137695312,130.0,0
1595999101.0501657,139.00192260742188,130.0,0
1595999101.0601728,140.80320835113525,130.0,0
1595999101.0701663,142.60204792022705,130.0,0
1595999101.0801694,144.40260410308838,130.0,0
1595999101.090168,146.20234489440918,130.0,0
1595999101.1001673,148.0022144317627,130.0,0
1595999101.1101553,149.800066947937,130.0,0
1595999101.120168,151.60233974456787,130.0,0
1595999101.130163,153.4014368057251,130.0,0
1595999101.1401658,155.2019500732422,130.0,0
1595999101.1501634,157.00151920318604,130.0,0
1595999101.1601703,158.80276203155518,130.0,0
1595999101.1701682,160.60237407684326,130.0,0
1595999101.1801682,162.4023723602295,130.0,0
1595999101.1901617,164.2012119293213,130.0,0
1595999101.2001605,166.00099563598633,130.0,0
1595999101.210156,167.80017852783203,130.0,0
1595999101.220174,169.60343837738037,130.0,0
1595999101.2301626,171.40137672424316,130.0,0
1595999101.2401693,173.20257663726807,130.0,0
1595999101.2501707,175.00283241271973,130.0,0
1595999101.2601666,176.8021011352539,130.0,0
1595999101.2701561,178.60021114349365,130.0,0
1595999101.280163,180.4014539718628,130.0,0
1595999101.2901576,182.20046520233154,130.0,0
1595999101.3001742,184.00346755981445,130.0,0
1595999101.3101654,185.80187797546387,130.0,0
1595999101.3201613,187.60114669799805,130.0,0
1595999101.3301616,189.40118789672852,130.0,0
1595999101.3401606,191.2010145187378,130.0,0
1595999101.350165,193.0017852783203,130.0,0
1595999101.360172,194.8030710220337,130.0,0
1595999101.3701613,196.6011381149292,130.0,0
1595999101.3801627,198.40139389038086,130.0,0
1595999101.3901649,200.20177841186523,130.0,0
1595999101.4001691,202.00254917144775,130.0,0
1595999101.410162,203.80125999450684,130.0,0
1595999101.4201593,205.60078620910645,130.0,0
1595999101.430166,207.40198612213135,130.0,0
1595999101.4401662,209.20202732086182,130.0,0
1595999101.4501739,211.00339889526367,130.0,0
1595999101.4601634,212.80150890350342,130.0,0
1595999101.4701574,214.6004343032837,130.0,0
1595999101.4801717,216.40300750732422,130.0,0
1595999101.4901612,218.20111751556396,130.0,0
1595999101.5001552,220.00004291534424,130.0,0
1595999101.5101671,221.80218696594238,130.0,0
1595999101.5201688,223.60248565673828,130.0,0
1595999101.5301552,225.40003776550293,130.0,0
1595999101.5401607,227.20102310180664,130.0,0
1595999101.5501611,229.00110721588135,130.0,0
1595999101.5601737,230.8033800125122,130.0,0
1595999101.570164,232.60161876678467,130.0,0
1595999101.5801728,234.40320491790771,130.0,0
1595999101.5901592,236.20075702667236,130.0,0
1595999101.600173,238.0032444000244,130.0,0
1595999101.610168,239.80234146118164,130.0,0
1595999101.6201684,241.60242557525635,130.0,0
1595999101.630171,243.4028959274292,130.0,0
1595999101.6401649,245.20177841186523,130.0,0
1595999101.6501634,247.00151920318604,130.0,0
1595999101.6601577,248.80048751831055,130.0,0
1595999101.6701665,250.6020736694336,130.0,0
1595999101.6801674,252.40224361419678,130.0,0
1595999101.6901574,254.200439453125,130.0,0
1595999101.7001603,256.0009527206421,130.0,0
1595999101.7101648,257.80176639556885,130.0,0
1595999101.7201736,259.6033525466919,130.0,0
1595999101.7301571,261.4003896713257,130.0,0
1595999101.7401688,263.2024908065796,130.0,0
1595999101.7501583,265.00060081481934,130.0,0
1595999101.7601745,266.80351734161377,130.0,0
1595999101.7701702,268.6027431488037,130.0,0
1595999101.7801723,270.4031276702881,130.0,0
1595999101.7901618,272.20123767852783,130.0,0
1595999101.8001664,274.0020513534546,130.0,0
1595999101.810155,275.7999897003174,130.0,0
1595999101.820168,277.6023483276367,130.0,0
1595999101.830173,279.40324783325195,130.0,0
1595999101.8401642,281.20165824890137,130.0,0
1595999101.8501616,283.001184463501,130.0,0
1595999101.8601615,284.8011827468872,130.0,0
1595999101.870173,286.6032409667969,130.0,0
1595999101.8801565,288.40027809143066,130.0,0
1595999101.890156,290.2001905441284,130.0,0
1595999101.900174,292.0034074783325,130.0,0
1595999101.9101708,293.80284786224365,130.0,0
1595999101.9201584,295.6006145477295,130.0,0
1595999101.9301674,297.4022436141968,130.0,0
1595999101.9401605,299.2009973526001,130.0,0
1595999101.9501753,301.0036563873291,130.0,0
1595999101.9601672,302.80219554901123,130.0,0
1595999101.970175,304.6036100387573,130.0,0
1595999101.980155,306.40000343322754,130.0,0
1595999101.9901636,308.20154666900635,130.0,0
1595999102.000169,310.00253200531006,130.0,0
1595999102.0101542,311.7998695373535,130.0,0
1595999102.0201595,313.600811958313,130.0,0
1595999102.0301604,315.4009819030762,130.0,0
1595999102.0401742,317.2034692764282,130.0,0
1595999102.0501654,319.00187969207764,130.0,0
1595999102.0601747,320.80355167388916,130.0,0
1595999102.0701654,322.6018762588501,130.0,0
1595999102.080162,324.401273727417,130.0,0
1595999102.0901737,326.2033748626709,130.0,0
1595999102.1001546,327.99993991851807,130.0,0
1595999102.1101747,329.8035430908203,130.0,0
1595999102.120175,331.6035842895508,130.0,0
1595999102.130169,333.40250968933105,130.0,0
1595999102.140172,335.2030658721924,130.0,0
1595999102.1501665,337.00207710266113,130.0,0
1595999102.1601603,338.80095958709717,130.0,0
1595999102.170156,340.6001853942871,130.0,0
1595999102.1801739,342.4034023284912,130.0,0
1595999102.1901553,344.20005321502686,130.0,0
1595999102.2001672,346.002197265625,130.0,0
1595999102.210162,347.801251411438,130.0,0
1595999102.2201614,349.60116386413574,130.0,0
1595999102.2301579,351.4005184173584,130.0,0
1595999102.2401705,353.20279121398926,130.0,0
1595999102.250169,355.00253200531006,130.0,0
1595999102.260173,356.80325984954834,130.0,0
1595999102.2701719,358.6030435562134,130.0,0
1595999102.2779334,360,130.0,1
1595999102.280171,360.40287017822266,130.0,0
1595999102.2901676,362.20226764678955,130.0,0
1595999102.3001616,364.0011930465698,130.0,0
1595999102.310172,365.80307960510254,130.0,0
1595999102.32017,367.6026916503906,130.0,0
1595999102.330154,369.3998146057129,130.0,0
1595999102.340163,371.2014436721802,130.0,0
1595999102.350166,373.0019998550415,130.0,0
1595999102.3601618,374.80122566223145,130.0,0
1595999102.3701625,376.6013526916504,130.0,0
1595999102.380172,378.40306758880615,130.0,0
1595999102.390173,380.20323753356934,130.0,0
1595999102.4001539,381.9998025894165,130.0,0
1595999102.4101596,383.80083084106445,130.0,0
1595999102.4201584,385.6006145477295,130.0,0
1595999102.4301717,387.40301609039307,130.0,0
1595999102.4401631,389.2014694213867,130.0,0
1595999102.4501717,391.0030126571655,130.0,0
1595999102.4601672,392.80219554901123,130.0,0
1595999102.4701693,394.6025800704956,130.0,0
1595999102.480173,396.40326499938965,130.0,0
1595999102.4901583,398.2006025314331,130.0,0
1595999102.500163,400.0014591217041,130.0,0
1595999102.5101655,401.8018865585327,130.0,0
1595999102.5201595,403.600811958313,130.0,0
1595999102.5301704,405.4027843475342,130.0,0
1595999102.5401535,407.1997356414795,130.0,0
1595999102.5501554,409.00007724761963,130.0,0
1595999102.5601583,410.8005905151367,130.0,0
1595999102.5701716,412.6029920578003,130.0,0
1595999102.5801659,414.4019603729248,130.0,0
1595999102.5901742,416.2034606933594,130.0,0
1595999102.6001735,418.0033302307129,130.0,0
1595999102.610168,419.80234146118164,130.0,0
1595999102.6201553,421.60006523132324,130.0,0
1595999102.6301708,423.40285301208496,130.0,0
1595999102.640174,425.2034091949463,130.0,0
1595999102.6501725,427.0031499862671,130.0,0
1595999102.6601722,428.8031053543091,130.0,0
1595999102.6701722,430.6031036376953,130.0,0
1595999102.68016,432.4009132385254,130.0,0
1595999102.690175,434.20361518859863,130.0,0
1595999102.7001736,436.00335597991943,130.0,0
1595999102.7101593,437.80077934265137,130.0,0
1595999102.720161,439.60107803344727,130.0,0
1595999102.7301614,441.401162147522,130.0,0
1595999102.7401712,443.202919960022,130.0,0
1595999102.7501683,445.00240325927734,130.0,0
1595999102.760157,446.8003845214844,130.0,0
1595999102.7701745,448.603515625,130.0,0
1595999102.7801678,450.40231227874756,130.0,0
1595999102.7901595,452.20080852508545,130.0,0
1595999102.8001735,454.00333881378174,130.0,0
1595999102.8101685,455.80243587493896,130.0,0
1595999102.8201728,457.6032066345215,130.0,0
1595999102.830173,459.40324783325195,130.0,0
1595999102.8401678,461.20230197906494,130.0,0
1595999102.8501556,463.000111579895,130.0,0
1595999102.860168,464.80234146118164,130.0,0
1595999102.8701744,466.6034984588623,130.0,0
1595999102.8801622,468.4013080596924,130.0,0
1595999102.8901622,470.2013063430786,130.0,0
1595999102.900157,472.0003604888916,130.0,0
1595999102.910156,473.8001871109009,130.0,0
1595999102.920157,475.60035705566406,130.0,0
1595999102.9301558,477.4001407623291,130.0,0
1595999102.9401555,479.2000961303711,130.0,0
1595999102.950156,481.0001802444458,130.0,0
1595999102.960153,482.7996635437012,130.0,0
1595999102.9701557,484.600133895874,130.0,0
1595999102.9801593,486.4007759094238,130.0,0
1595999102.9901721,488.2030916213989,130.0,0
