Type = Mirollor Strogatz (-ish),Function = Mirollor Strogatz,Refract = 0.1,Epsilon = 0.5,B = 5,Start_phase = 180
Timestamp,Phase,Offset,Ping?
1595820206.0000257,180,0,0
1595820206.0100405,181.80167198181152,1.0,0
1595820206.0200455,183.60257148742676,1.0,0
1595820206.0300434,185.40218353271484,1.0,0
1595820206.0400343,187.20055103302002,1.0,0
1595820206.0500317,189.00007724761963,1.0,0
1595820206.0600402,190.80162048339844,1.0,0
1595820206.0700438,192.60226249694824,1.0,0
1595820206.080036,194.4008445739746,1.0,0
1595820206.0900447,196.20243072509766,1.0,0
1595820206.100044,198.00230026245117,1.0,0
1595820206.110033,199.80032444000244,1.0,0
1595820206.1200495,201.6032838821411,1.0,0
1595820206.1300385,203.40130805969238,1.0,0
1595820206.1400325,205.20023345947266,1.0,0
1595820206.1500347,207.00061798095703,1.0,0
1595820206.1600492,208.8032341003418,1.0,0
1595820206.1700468,210.60280323028564,1.0,0
1595820206.1800315,212.40005493164062,1.0,0
1595820206.1900318,214.2000961303711,1.0,0
1595820206.2000437,216.00224018096924,1.0,0
1595820206.210047,217.8028392791748,1.0,0
1595820206.2200322,219.60017681121826,1.0,0
1595820206.2300344,221.40056133270264,1.0,0
1595820206.2400315,223.200044631958,1.0,0
1595820206.2500458,225.00261783599854,1.0,0
1595820206.260046,226.802659034729,1.0,0
1595820206.2700372,228.60106945037842,1.0,0
1595820206.2800364,230.40093898773193,1.0,0
1595820206.2900426,232.20205307006836,1.0,0
1595820206.3000424,234.00200843811035,1.0,0
1595820206.310032,235.8001184463501,1.0,0
1595820206.3200352,237.60071754455566,1.0,0
1595820206.3300338,239.40045833587646,1.0,0
1595820206.340045,241.2024736404419,1.0,0
1595820206.350045,243.00247192382812,1.0,0
1595820206.3600416,244.80186939239502,1.0,0
1595820206.3700452,246.60251140594482,1.0,0
1595820206.3800478,248.40298175811768,1.0,0
1595820206.3900478,250.2029800415039,1.0,0
1595820206.4000335,252.00040340423584,1.0,0
1595820206.4100475,253.80293369293213,1.0,0
1595820206.4200482,255.60306072235107,1.0,0
1595820206.4300358,257.4008274078369,1.0,0
1595820206.4400375,259.2011260986328,1.0,0
1595820206.4500315,261.0000514984131,1.0,0
1595820206.4600377,262.8011655807495,1.0,0
1595820206.470045,264.60249423980713,1.0,0
1595820206.4800482,266.40305042266846,1.0,0
1595820206.4900436,268.20223331451416,1.0,0
1595820206.5000374,270.0011157989502,1.0,0
1595820206.5100443,271.80235862731934,1.0,0
1595820206.5200415,273.6018419265747,1.0,0
1595820206.5300484,275.40308475494385,1.0,0
1595820206.540039,277.2014093399048,1.0,0
1595820206.5500355,279.00076389312744,1.0,0
1595820206.5600314,280.8000326156616,1.0,0
1595820206.5700464,282.60273456573486,1.0,0
1595820206.580037,284.4010591506958,1.0,0
1595820206.5900366,286.20097160339355,1.0,0
1595820206.6000445,288.00238609313965,1.0,0
1595820206.6100347,289.8006248474121,1.0,0
1595820206.6200457,291.6025972366333,1.0,0
1595820206.6300428,293.4020805358887,1.0,0
1595820206.6400433,295.2021646499634,1.0,0
1595820206.6500378,297.00117588043213,1.0,0
1595820206.6600492,298.8032341003418,1.0,0
1595820206.6700346,300.6006145477295,1.0,0
1595820206.6800315,302.4000549316406,1.0,0
1595820206.6900406,304.2016839981079,1.0,0
1595820206.7000334,306.000394821167,1.0,0
1595820206.7100494,307.8032684326172,1.0,0
1595820206.720039,309.60137844085693,1.0,0
1595820206.7300436,311.40223503112793,1.0,0
1595820206.7400467,313.20279121398926,1.0,0
1595820206.7500367,315.0009870529175,1.0,0
1595820206.7600453,316.8025302886963,1.0,0
1595820206.7700436,318.60222816467285,1.0,0
1595820206.7800355,320.400767326355,1.0,0
1595820206.7900364,322.20093727111816,1.0,0
1595820206.800038,324.00123596191406,1.0,0
1595820206.8100488,325.803165435791,1.0,0
1595820206.820049,327.6032066345215,1.0,0
1595820206.830036,329.4008445739746,1.0,0
1595820206.8400393,331.2014436721802,1.0,0
1595820206.8500466,333.0027723312378,1.0,0
1595820206.8600423,334.80199813842773,1.0,0
1595820206.870046,336.60264015197754,1.0,0
1595820206.8800435,338.4022092819214,1.0,0
1595820206.890047,340.2028512954712,1.0,0
1595820206.900036,342.00087547302246,1.0,0
1595820206.9100373,343.8010883331299,1.0,0
1595820206.920047,345.6028461456299,1.0,0
1595820206.9300456,347.4025869369507,1.0,0
1595820206.9400334,349.20039653778076,1.0,0
1595820206.9500442,351.0023260116577,1.0,0
1595820206.9600425,352.8020238876343,1.0,0
1595820206.9700346,354.60060596466064,1.0,0
1595820206.980045,356.40249252319336,1.0,0
1595820206.9900355,358.20077419281006,1.0,0
1595820207.0000427,360,1.0,1
1595820207.0000427,0,0,0
1595820207.0100608,1.8032598495483398,0,0
1595820207.0200481,3.6009836196899414,0,0
1595820207.0300567,5.40252685546875,0,0
1595820207.0400562,7.202439308166504,0,0
1595820207.0500555,9.00230884552002,0,0
1595820207.0600595,10.8030366897583,0,0
1595820207.0700514,12.60157585144043,0,0
1595820207.0800502,14.401359558105469,0,0
1595820207.0900521,16.201701164245605,0,0
1595820207.1000574,18.002643585205078,0,0
1595820207.1100538,19.801998138427734,0,0
1595820207.120056,21.60238265991211,0,0
1595820207.1300519,23.40165138244629,0,0
1595820207.1400487,25.201091766357422,0,0
1595820207.15006,27.00310707092285,0,0
1595820207.160046,28.80061626434326,0,0
1595820207.1700606,30.603232383728027,0,0
1595820207.180053,32.40185737609863,0,0
1595820207.1900573,34.20262813568115,0,0
1595820207.2000487,36.001081466674805,0,0
1595820207.2100608,37.80326843261719,0,0
1595820207.2200522,39.60172176361084,0,0
1595820207.2300456,41.4005184173584,0,0
1595820207.2400565,43.20249080657959,0,0
1595820207.2500563,45.00244617462158,0,0
1595820207.2600617,46.80343151092529,0,0
1595820207.2700489,48.601112365722656,0,0
1595820207.2800565,50.40248394012451,0,0
1595820207.2900457,52.20055103302002,0,0
1595820207.3000581,54.00278091430664,0,0
1595820207.3100588,55.802907943725586,0,0
1595820207.3200507,57.601447105407715,0,0
1595820207.3300512,59.40153121948242,0,0
1595820207.3400552,61.2022590637207,0,0
1595820207.3500593,63.002986907958984,0,0
1595820207.3600569,64.80255603790283,0,0
1595820207.3700507,66.60143852233887,0,0
1595820207.3800447,68.40036392211914,0,0
1595820207.3900437,70.20019054412842,0,0
1595820207.4000568,72.00254917144775,0,0
1595820207.410053,73.80186080932617,0,0
1595820207.4200556,75.60233116149902,0,0
1595820207.430047,77.40078449249268,0,0
1595820207.4400525,79.20176982879639,0,0
1595820207.450047,81.00078105926514,0,0
1595820207.4600582,82.80279636383057,0,0
1595820207.470053,84.60185050964355,0,0
1595820207.4800496,86.40124797821045,0,0
1595820207.4900532,88.20188999176025,0,0
1595820207.5000517,90.00163078308105,0,0
1595820207.5100539,91.80201530456543,0,0
1595820207.520047,93.60076904296875,0,0
1595820207.53005,95.40132522583008,0,0
1595820207.540057,97.20256805419922,0,0
1595820207.550048,99.00097846984863,0,0
1595820207.5600438,100.80020427703857,0,0
1595820207.570059,102.60294914245605,0,0
1595820207.5800517,104.4016170501709,0,0
1595820207.5900476,106.20088577270508,0,0
1595820207.600061,108.00328731536865,0,0
1595820207.6100523,109.8017406463623,0,0
1595820207.6200438,111.60019397735596,0,0
1595820207.6300457,113.4005355834961,0,0
1595820207.640055,115.20220756530762,0,0
1595820207.6500561,117.00242042541504,0,0
1595820207.6600528,118.80181789398193,0,0
1595820207.6700523,120.60173034667969,0,0
1595820207.68006,122.40310192108154,0,0
1595820207.6900537,124.20198440551758,0,0
1595820207.7000556,126.00232601165771,0,0
1595820207.7100449,127.80039310455322,0,0
1595820207.7200582,129.6027946472168,0,0
1595820207.7300556,131.4023208618164,0,0
1595820207.740057,133.20257663726807,0,0
1595820207.7500503,135.00137329101562,0,0
1595820207.760045,136.8004274368286,0,0
1595820207.7700431,138.60008239746094,0,0
1595820207.7800493,140.40119647979736,0,0
1595820207.790049,142.20115184783936,0,0
1595820207.8000436,144.0001630783081,0,0
1595820207.8100462,145.80063343048096,0,0
1595820207.8200543,147.6020908355713,0,0
1595820207.830055,149.40221786499023,0,0
1595820207.8400505,151.20140075683594,0,0
1595820207.850051,153.00148487091064,0,0
1595820207.8600473,154.8008394241333,0,0
1595820207.870053,156.60186767578125,0,0
1595820207.8800545,158.4021234512329,0,0
1595820207.8900468,160.20074844360352,0,0
1595820207.9000454,162.00048923492432,0,0
1595820207.9100544,163.8021183013916,0,0
1595820207.9200573,165.6026315689087,0,0
1595820207.9300425,167.39996910095215,0,0
1595820207.94006,169.20310020446777,0,0
1595820207.950049,171.00112438201904,0,0
1595820207.9600537,172.80198097229004,0,0
1595820207.97006,174.6031379699707,0,0
1595820207.980057,176.40257835388184,0,0
1595820207.9900494,178.20120334625244,0,0
1595820208.0000513,180.00154495239258,0,0
1595820208.0100524,181.8017578125,0,0
1595820208.0200596,183.60304355621338,0,0
1595820208.0300567,185.40252685546875,0,0
1595820208.0400596,187.20304012298584,0,0
1595820208.0500498,189.0012788772583,0,0
1595820208.060053,190.80187797546387,0,0
1595820208.0700517,192.60161876678467,0,0
1595820208.080055,194.40221786499023,0,0
1595820208.0900428,196.2000274658203,0,0
1595820208.1000576,198.00268650054932,0,0
1595820208.110053,199.80186939239502,0,0
1595820208.1200504,201.60139560699463,0,0
1595820208.1300533,203.40190887451172,0,0
1595820208.1400425,205.19997596740723,0,0
1595820208.1500504,207.00139045715332,0,0
1595820208.1600583,208.8028049468994,0,0
1595820208.1700597,210.60306072235107,0,0
1595820208.180049,212.40112781524658,0,0
1595820208.190048,214.20095443725586,0,0
1595820208.2000577,216.00271224975586,0,0
1595820208.2100558,217.80236721038818,0,0
1595820208.22006,219.6031379699707,0,0
1595820208.2300436,221.4001750946045,0,0
1595820208.2400546,223.20214748382568,0,0
1595820208.250043,225.00004291534424,0,0
1595820208.2600489,226.80111408233643,0,0
1595820208.2700486,228.60106945037842,0,0
1595820208.2800426,230.3999948501587,0,0
1595820208.2900536,232.20196723937988,0,0
1595820208.300056,234.0023946762085,0,0
1595820208.310049,235.80114841461182,0,0
1595820208.3200462,237.6006317138672,0,0
1595820208.3300588,239.40290451049805,0,0
1595820208.3400452,241.2004566192627,0,0
1595820208.3500485,243.00105571746826,0,0
1595820208.3600543,244.8020839691162,0,0
1595820208.3700519,246.60165309906006,0,0
1595820208.3800545,248.4021234512329,0,0
1595820208.3900576,250.20267963409424,0,0
1595820208.4000509,252.0014762878418,0,0
1595820208.4100466,253.80070209503174,0,0
1595820208.4200428,255.60001373291016,0,0
1595820208.430054,257.4020290374756,0,0
1595820208.4400568,259.2025423049927,0,0
1595820208.4500475,261.0008668899536,0,0
1595820208.4600465,262.8006935119629,0,0
1595820208.4700449,264.60039138793945,0,0
1595820208.4800446,266.40034675598145,0,0
1595820208.4900444,268.20030212402344,0,0
1595820208.5000587,270.00287532806396,0,0
1595820208.5100465,271.80068492889404,0,0
1595820208.5200438,273.60021114349365,0,0
1595820208.530042,275.399866104126,0,0
1595820208.5400434,277.20012187957764,0,0
1595820208.5500443,279.0002918243408,0,0
1595820208.5600517,280.80162048339844,0,0
1595820208.5700436,282.60015964508057,0,0
1595820208.5800412,284.3997287750244,0,0
1595820208.590047,286.20075702667236,0,0
1595820208.600044,288.00024032592773,0,0
1595820208.6100516,289.8016119003296,0,0
1595820208.6200576,291.6026830673218,0,0
1595820208.6300464,293.4006643295288,0,0
1595820208.640059,295.20293712615967,0,0
1595820208.650055,297.00220584869385,0,0
1595820208.6600595,298.8030195236206,0,0
1595820208.670051,300.6015157699585,0,0
1595820208.6800475,302.40087032318115,0,0
1595820208.6900535,304.20194149017334,0,0
1595820208.7000518,306.0016393661499,0,0
1595820208.7100482,307.80099391937256,0,0
1595820208.7200572,309.60262298583984,0,0
1595820208.7300422,311.39991760253906,0,0
1595820208.7400424,313.19995880126953,0,0
1595820208.7500484,315.0010299682617,0,0
1595820208.7600594,316.8030023574829,0,0
1595820208.7700515,318.6015844345093,0,0
1595820208.780053,320.40184020996094,0,0
1595820208.7900507,322.201452255249,0,0
1595820208.80005,324.00132179260254,0,0
1595820208.8100445,325.8003330230713,0,0
1595820208.820051,327.60149002075195,0,0
1595820208.8300538,329.40200328826904,0,0
1595820208.8400548,331.2021732330322,0,0
1595820208.8500555,333.0023002624512,0,0
1595820208.860049,334.80113983154297,0,0
1595820208.8700597,336.6030693054199,0,0
1595820208.8800411,338.39972019195557,0,0
1595820208.8900523,340.201735496521,0,0
1595820208.9000418,341.99984550476074,0,0
1595820208.9100547,343.80216121673584,0,0
1595820208.920052,345.60168743133545,0,0
1595820208.9300513,347.40155696868896,0,0
1595820208.9400487,349.2010831832886,0,0
1595820208.950058,351.0027551651001,0,0
1595820208.9600463,352.80065059661865,0,0
1595820208.9700558,354.6023654937744,0,0
1595820208.980057,356.40257835388184,0,0
1595820208.990042,358.19987297058105,0,0
1595820209.0000427,360,0,1
1595820209.0000427,0,0,0
1595820209.010043,1.8000411987304688,0,0
1595820209.0200489,3.6011123657226562,0,0
1595820209.0300512,5.4015398025512695,0,0
1595820209.0400457,7.2005510330200195,0,0
1595820209.0500531,9.001879692077637,0,0
1595820209.060052,10.801663398742676,0,0
1595820209.0700533,12.601919174194336,0,0
1595820209.0800433,14.400115013122559,0,0
1595820209.0900571,16.20260238647461,0,0
1595820209.1000476,18.00088405609131,0,0
1595820209.1100507,19.801440238952637,0,0
1595820209.12005,21.601309776306152,0,0
1595820209.1300588,23.4028959274292,0,0
1595820209.1400564,25.202465057373047,0,0
1595820209.1500485,27.001047134399414,0,0
1595820209.160058,28.802762031555176,0,0
1595820209.170043,30.600056648254395,0,0
1595820209.1800551,32.40224361419678,0,0
1595820209.1900592,34.20297145843506,0,0
1595820209.2000427,36.00000858306885,0,0
1595820209.210048,37.80095100402832,0,0
1595820209.2200546,39.60215091705322,0,0
1595820209.2300491,41.40116214752197,0,0
1595820209.240056,43.20240497589111,0,0
1595820209.250049,45.001158714294434,0,0
1595820209.2600527,46.80180072784424,0,0
1595820209.2700555,48.60231399536133,0,0
1595820209.280055,50.40222644805908,0,0
1595820209.2900429,52.20003604888916,0,0
1595820209.3000445,54.00033473968506,0,0
1595820209.310049,55.801148414611816,0,0
1595820209.3200476,57.60088920593262,0,0
1595820209.3300605,59.403204917907715,0,0
1595820209.3400438,61.200199127197266,0,0
1595820209.3500607,63.003244400024414,0,0
1595820209.360043,64.80006694793701,0,0
1595820209.370059,66.6029405593872,0,0
1595820209.3800526,68.401780128479,0,0
1595820209.3900583,70.20280838012695,0,0
1595820209.4000566,72.00250625610352,0,0
1595820209.4100482,73.8010025024414,0,0
1595820209.4200516,75.60160160064697,0,0
1595820209.4300532,77.40190029144287,0,0
1595820209.440056,79.20241355895996,0,0
1595820209.4500532,81.00189685821533,0,0
1595820209.460059,82.80292510986328,0,0
1595820209.470044,84.6002197265625,0,0
1595820209.4800544,86.40210628509521,0,0
1595820209.4900422,88.1999158859253,0,0
1595820209.5000525,90.00175952911377,0,0
1595820209.5100613,91.80334568023682,0,0
1595820209.5200505,93.60141277313232,0,0
1595820209.5300477,95.4008960723877,0,0
1595820209.5400512,97.2015380859375,0,0
1595820209.5500526,99.00179386138916,0,0
1595820209.5600543,100.80209255218506,0,0
1595820209.5700595,102.60303497314453,0,0
1595820209.5800548,104.402174949646,0,0
1595820209.5900567,106.20251655578613,0,0
1595820209.60005,108.00131320953369,0,0
1595820209.6100495,109.80122566223145,0,0
1595820209.620045,111.60040855407715,0,0
1595820209.630044,113.40023517608643,0,0
1595820209.6400423,115.19993305206299,0,0
1595820209.6500614,117.00336456298828,0,0
1595820209.6600554,118.80228996276855,0,0
1595820209.6700509,120.60147285461426,0,0
1595820209.6800537,122.40198612213135,0,0
1595820209.6900496,124.20125484466553,0,0
1595820209.70006,126.003098487854,0,0
1595820209.7100446,127.80035018920898,0,0
1595820209.7200444,129.60030555725098,0,0
1595820209.7300608,131.40326499938965,0,0
1595820209.7400522,133.2017183303833,0,0
1595820209.7500422,134.99991416931152,0,0
1595820209.7600513,136.8015432357788,0,0
1595820209.7700512,138.60154151916504,0,0
1595820209.7800598,140.40308475494385,0,0
1595820209.790057,142.20256805419922,0,0
1595820209.8000546,144.00213718414307,0,0
1595820209.8100476,145.8008909225464,0,0
1595820209.820043,147.6000738143921,0,0
1595820209.8300598,149.403076171875,0,0
1595820209.8400555,151.20230197906494,0,0
1595820209.8500464,153.00066947937012,0,0
1595820209.860046,154.80058193206787,0,0
1595820209.8700485,156.60105228424072,0,0
1595820209.8800569,158.4025526046753,0,0
1595820209.8900573,160.20263671875,0,0
1595820209.9000535,162.00194835662842,0,0
1595820209.910046,163.80061626434326,0,0
1595820209.9200516,165.60160160064697,0,0
1595820209.9300563,167.40245819091797,0,0
1595820209.9400454,169.20048236846924,0,0
1595820209.950043,171.0000514984131,0,0
1595820209.960052,172.80168056488037,0,0
1595820209.9700487,174.60107803344727,0,0
1595820209.980052,176.40167713165283,0,0
1595820209.9900434,178.20013046264648,0,0
1595820210.0000563,180.00244617462158,0,0
1595820210.0100534,181.80192947387695,0,0
1595820210.0200417,183.5998249053955,0,0
1595820210.030043,185.40003776550293,0,0
1595820210.0400481,187.2009801864624,0,0
1595820210.0500562,189.00243759155273,0,0
1595820210.060061,190.80329418182373,0,0
1595820210.0700426,192.5999879837036,0,0
1595820210.080052,194.40165996551514,0,0
1595820210.0900493,196.20118618011475,0,0
1595820210.1000533,198.00191402435303,0,0
1595820210.1100569,199.80255603790283,0,0
1595820210.1200428,201.600022315979,0,0
1595820210.1300476,203.40087890625,0,0
1595820210.1400602,205.20315170288086,0,0
1595820210.1500423,206.99993133544922,0,0
1595820210.1600568,208.80254745483398,0,0
1595820210.170043,210.6000566482544,0,0
1595820210.180044,212.40022659301758,0,0
1595820210.1900516,214.20159816741943,0,0
1595820210.2000554,216.00228309631348,0,0
1595820210.2100618,217.80344009399414,0,0
1595820210.2200468,219.60073471069336,0,0
1595820210.2300425,221.3999605178833,0,0
1595820210.2400615,223.2033920288086,0,0
1595820210.2500448,225.00038623809814,0,0
1595820210.2600482,226.8009853363037,0,0
1595820210.270055,228.60222816467285,0,0
1595820210.280044,230.40025234222412,0,0
1595820210.2900457,232.20055103302002,0,0
1595820210.3000526,234.00179386138916,0,0
1595820210.3100517,235.80162048339844,0,0
1595820210.3200483,237.60101795196533,0,0
1595820210.3300612,239.40333366394043,0,0
1595820210.340052,241.20165824890137,0,0
1595820210.3500464,243.00066947937012,0,0
1595820210.360056,244.80238437652588,0,0
1595820210.370053,246.60186767578125,0,0
1595820210.3800528,248.40182304382324,0,0
1595820210.3900478,250.20092010498047,0,0
1595820210.4000418,251.99984550476074,0,0
1595820210.4100535,253.80194664001465,0,0
1595820210.4200428,255.60001373291016,0,0
1595820210.4300413,257.39975452423096,0,0
1595820210.4400554,259.20228481292725,0,0
1595820210.4500437,261.0001802444458,0,0
1595820210.4600594,262.80301094055176,0,0
1595820210.470058,264.60275173187256,0,0
1595820210.480055,266.40223503112793,0,0
1595820210.4900503,268.2013750076294,0,0
1595820210.5000567,270.00253200531006,0,0
1595820210.5100458,271.8005561828613,0,0
1595820210.520046,273.6005973815918,0,0
1595820210.5300572,275.4026126861572,0,0
1595820210.540048,277.20093727111816,0,0
1595820210.5500603,279.0031671524048,0,0
1595820210.5600462,280.80063343048096,0,0
1595820210.5700586,282.6028633117676,0,0
1595820210.5800438,284.40020084381104,0,0
1595820210.5900602,286.2031602859497,0,0
1595820210.6000445,288.0003261566162,0,0
1595820210.6100454,289.8004961013794,0,0
1595820210.6200516,291.6016101837158,0,0
1595820210.6300588,293.4028959274292,0,0
1595820210.640061,295.2032804489136,0,0
1595820210.6500423,296.9999313354492,0,0
1595820210.660053,298.8018608093262,0,0
1595820210.6700618,300.6034469604492,0,0
1595820210.6800466,302.4006986618042,0,0
1595820210.690051,304.20151233673096,0,0
1595820210.700049,306.00112438201904,0,0
1595820210.7100542,307.8020668029785,0,0
1595820210.720043,309.60004806518555,0,0
1595820210.73005,311.4013338088989,0,0
1595820210.7400491,313.2011604309082,0,0
1595820210.7500534,315.0019311904907,0,0
1595820210.7600439,316.8002128601074,0,0
1595820210.7700567,318.6025285720825,0,0
1595820210.780042,320.399866104126,0,0
1595820210.7900455,322.2005081176758,0,0
1595820210.8000517,324.0016222000122,0,0
1595820210.8100553,325.802264213562,0,0
1595820210.8200476,327.6008892059326,0,0
1595820210.8300486,329.4010591506958,0,0
1595820210.8400543,331.20208740234375,0,0
1595820210.8500488,333.0010986328125,0,0
1595820210.8600457,334.80053901672363,0,0
1595820210.8700433,336.6001081466675,0,0
1595820210.880042,338.3998918533325,0,0
1595820210.8900473,340.200834274292,0,0
1595820210.9000444,342.00031757354736,0,0
1595820210.9100587,343.8028907775879,0,0
1595820210.920057,345.60258865356445,0,0
1595820210.9300451,347.40044116973877,0,0
1595820210.9400563,349.2024564743042,0,0
1595820210.9500518,351.0016393661499,0,0
1595820210.9600582,352.80279636383057,0,0
1595820210.970058,354.60275173187256,0,0
1595820210.980055,356.40223503112793,0,0
1595820210.9900491,358.2011604309082,0,0
1595820211.0000534,360,0,1
1595820211.0000534,0,0,0
1595820211.0100608,1.8013286590576172,0,0
1595820211.020067,3.602442741394043,0,0
1595820211.0300639,5.401883125305176,0,0
1595820211.0400577,7.200765609741211,0,0
1595820211.0500555,9.000377655029297,0,0
1595820211.0600562,10.800504684448242,0,0
1595820211.0700624,12.601618766784668,0,0
1595820211.0800555,14.400372505187988,0,0
1595820211.0900593,16.20105743408203,0,0
1595820211.10007,18.002986907958984,0,0
1595820211.1100721,19.80337142944336,0,0
1595820211.1200562,21.600494384765625,0,0
1595820211.1300626,23.40165138244629,0,0
1595820211.140056,25.200448036193848,0,0
1595820211.15007,27.002978324890137,0,0
1595820211.160067,28.802461624145508,0,0
1595820211.1700697,30.60293197631836,0,0
1595820211.180066,32.402286529541016,0,0
1595820211.1900558,34.200439453125,0,0
1595820211.2000587,36.00095272064209,0,0
1595820211.2100542,37.80013561248779,0,0
1595820211.2200704,39.60305213928223,0,0
1595820211.2300537,41.40004634857178,0,0
1595820211.240071,43.2031774520874,0,0
1595820211.2500567,45.000600814819336,0,0
1595820211.260056,46.80047035217285,0,0
1595820211.270072,48.60334396362305,0,0
1595820211.28007,50.40299892425537,0,0
1595820211.2900674,52.20252513885498,0,0
1595820211.3000638,54.00187969207764,0,0
1595820211.3100684,55.802693367004395,0,0
1595820211.320054,57.60011672973633,0,0
1595820211.330059,59.40101623535156,0,0
1595820211.340058,61.20084285736084,0,0
1595820211.3500621,63.00157070159912,0,0
1595820211.360058,64.8008394241333,0,0
1595820211.3700588,66.60096645355225,0,0
1595820211.3800614,68.4014368057251,0,0
1595820211.3900592,70.20104885101318,0,0
1595820211.4000683,72.00267791748047,0,0
1595820211.410056,73.80048751831055,0,0
1595820211.4200678,75.60258865356445,0,0
1595820211.4300642,77.40194320678711,0,0
1595820211.4400723,79.20340061187744,0,0
1595820211.4500682,81.00266933441162,0,0
1595820211.4600573,82.80069351196289,0,0
1595820211.470067,84.60245132446289,0,0
1595820211.480057,86.40064716339111,0,0
1595820211.490068,88.2026195526123,0,0
1595820211.5000591,90.00102996826172,0,0
1595820211.5100584,91.80089950561523,0,0
1595820211.5200543,93.60016822814941,0,0
1595820211.530065,95.40209770202637,0,0
1595820211.5400598,97.20115184783936,0,0
1595820211.5500662,99.00230884552002,0,0
1595820211.560066,100.80226421356201,0,0
1595820211.5700612,102.60140419006348,0,0
1595820211.580066,104.40226078033447,0,0
1595820211.590061,106.2013578414917,0,0
1595820211.600068,108.00264358520508,0,0
1595820211.6100664,109.80234146118164,0,0
1595820211.620064,111.60191059112549,0,0
1595820211.6300695,113.4028959274292,0,0
1595820211.640063,115.201735496521,0,0
1595820211.6500666,117.0023775100708,0,0
1595820211.6600559,118.80044460296631,0,0
1595820211.670066,120.60228824615479,0,0
1595820211.680063,122.40172863006592,0,0
1595820211.6900692,124.20284271240234,0,0
1595820211.700068,126.00262641906738,0,0
1595820211.710053,127.7999210357666,0,0
1595820211.720068,129.60262298583984,0,0
1595820211.7300632,131.4017629623413,0,0
1595820211.740064,133.20188999176025,0,0
1595820211.7500553,135.0003433227539,0,0
1595820211.760067,136.8024444580078,0,0
1595820211.7700543,138.6001682281494,0,0
1595820211.780071,140.40317058563232,0,0
1595820211.7900712,142.2032117843628,0,0
1595820211.8000655,144.0021800994873,0,0
1595820211.8100653,145.8021354675293,0,0
1595820211.8200662,147.60230541229248,0,0
1595820211.8300595,149.40110206604004,0,0
1595820211.8400714,151.20324611663818,0,0
1595820211.850055,153.00028324127197,0,0
1595820211.8600683,154.80268478393555,0,0
1595820211.8700721,156.6033697128296,0,0
1595820211.8800714,158.4032392501831,0,0
1595820211.89007,160.2029800415039,0,0
1595820211.9000688,162.00276374816895,0,0
1595820211.9100676,163.80254745483398,0,0
1595820211.9200592,165.60104370117188,0,0
1595820211.930069,167.40280151367188,0,0
1595820211.940069,169.2027997970581,0,0
1595820211.950056,171.00048065185547,0,0
1595820211.9600601,172.80120849609375,0,0
1595820211.9700627,174.6016788482666,0,0
1595820211.980055,176.4003038406372,0,0
1595820211.9900675,178.20253372192383,0,0
1595820212.0000694,180.00287532806396,0,0
1595820212.0100703,181.80304527282715,0,0
1595820212.020066,183.6022710800171,0,0
1595820212.0300574,185.40072441101074,0,0
1595820212.0400572,187.20067977905273,0,0
1595820212.0500693,189.00286674499512,0,0
1595820212.0600555,190.80037593841553,0,0
1595820212.0700557,192.600417137146,0,0
1595820212.080054,194.40011501312256,0,0
1595820212.0900679,196.2026023864746,0,0
1595820212.1000528,197.99989700317383,0,0
1595820212.110064,199.80191230773926,0,0
1595820212.1200707,201.60311222076416,0,0
1595820212.1300633,203.401780128479,0,0
1595820212.1400647,205.20203590393066,0,0
1595820212.1500583,207.00087547302246,0,0
1595820212.1600611,208.80138874053955,0,0
1595820212.170064,210.60190200805664,0,0
1595820212.18006,212.40117073059082,0,0
1595820212.190063,214.20172691345215,0,0
1595820212.2000704,216.00305557250977,0,0
1595820212.2100554,217.80035018920898,0,0
1595820212.2200685,219.60270881652832,0,0
1595820212.2300632,221.4017629623413,0,0
1595820212.2400613,223.20141792297363,0,0
1595820212.2500606,225.00128746032715,0,0
1595820212.2600646,226.80201530456543,0,0
1595820212.270066,228.6022710800171,0,0
1595820212.2800636,230.40184020996094,0,0
1595820212.2900524,232.19982147216797,0,0
1595820212.3000548,234.00024890899658,0,0
1595820212.310054,235.8001184463501,0,0
1595820212.3200629,237.60170459747314,0,0
1595820212.3300529,239.39990043640137,0,0
1595820212.3400528,241.1998987197876,0,0
1595820212.3500621,243.00157070159912,0,0
1595820212.360062,244.8015260696411,0,0
1595820212.3700547,246.6002368927002,0,0
1595820212.38007,248.40298175811768,0,0
1595820212.390063,250.201735496521,0,0
1595820212.4000611,252.00139045715332,0,0
1595820212.4100626,253.80164623260498,0,0
1595820212.420057,255.60065746307373,0,0
1595820212.4300673,257.4025011062622,0,0
1595820212.440065,259.20207023620605,0,0
1595820212.4500628,261.00168228149414,0,0
1595820212.4600604,262.801251411438,0,0
1595820212.4700618,264.60150718688965,0,0
1595820212.4800634,266.40180587768555,0,0
1595820212.4900577,268.20077419281006,0,0
1595820212.5000713,270.00321865081787,0,0
1595820212.5100522,271.79978370666504,0,0
1595820212.5200667,273.6023998260498,0,0
1595820212.5300636,275.40184020996094,0,0
1595820212.540056,277.20046520233154,0,0
1595820212.5500546,279.00020599365234,0,0
1595820212.5600631,280.80174922943115,0,0
1595820212.5700648,282.60204792022705,0,0
1595820212.5800614,284.40144538879395,0,0
1595820212.590054,286.2001132965088,0,0
1595820212.6000705,288.00307273864746,0,0
1595820212.6100657,289.8022127151489,0,0
1595820212.620069,291.6028118133545,0,0
1595820212.6300664,293.4023380279541,0,0
1595820212.6400566,295.20057678222656,0,0
1595820212.6500525,296.99984550476074,0,0
1595820212.6600623,298.80160331726074,0,0
1595820212.6700618,300.6015157699585,0,0
1595820212.6800635,302.4018144607544,0,0
1595820212.6900604,304.2012548446655,0,0
1595820212.700055,306.0002660751343,0,0
1595820212.7100546,307.80022144317627,0,0
1595820212.7200654,309.6021509170532,0,0
1595820212.7300637,311.4018487930298,0,0
1595820212.740069,313.20279121398926,0,0
1595820212.750054,315.0000858306885,0,0
1595820212.7600563,316.8005132675171,0,0
1595820212.7700665,318.60235691070557,0,0
1595820212.7800608,320.4013252258301,0,0
1595820212.7900548,322.20025062561035,0,0
1595820212.8000555,324.0003776550293,0,0
1595820212.8100684,325.8026933670044,0,0
1595820212.820057,327.6006317138672,0,0
1595820212.8300583,329.40088748931885,0,0
1595820212.8400671,331.2024736404419,0,0
1595820212.8500626,333.0016565322876,0,0
1595820212.860057,334.80066776275635,0,0
1595820212.8700557,336.60040855407715,0,0
1595820212.88006,338.40117931365967,0,0
1595820212.8900528,340.19989013671875,0,0
1595820212.9000576,342.00074672698975,0,0
1595820212.9100661,343.80228996276855,0,0
1595820212.9200606,345.6013011932373,0,0
1595820212.9300597,347.4011278152466,0,0
1595820212.9400668,349.20241355895996,0,0
1595820212.9500558,351.00043773651123,0,0
1595820212.9600592,352.8010368347168,0,0
1595820212.9700634,354.6018075942993,0,0
1595820212.9800603,356.40124797821045,0,0
1595820212.9900548,358.2002592086792,0,0
1595820213.0000703,360,0,1
1595820213.0000703,0,0,0
1595820213.010073,1.8004703521728516,0,0
1595820213.0200815,3.60201358795166,0,0
1595820213.0300822,5.4021406173706055,0,0
1595820213.0400786,7.201495170593262,0,0
1595820213.0500789,9.00153636932373,0,0
1595820213.0600777,10.80132007598877,0,0
1595820213.0700758,12.600975036621094,0,0
1595820213.0800881,14.403204917907715,0,0
1595820213.0900874,16.20307445526123,0,0
1595820213.1000884,18.003244400024414,0,0
1595820213.110089,19.80337142944336,0,0
1595820213.1200893,21.603412628173828,0,0
1595820213.1300766,23.40113639831543,0,0
1595820213.1400778,25.20134925842285,0,0
1595820213.1500852,27.00267791748047,0,0
1595820213.1600819,28.802075386047363,0,0
1595820213.170088,30.60318946838379,0,0
1595820213.1800785,32.40147113800049,0,0
1595820213.190079,34.201555252075195,0,0
1595820213.2000813,36.00198268890381,0,0
1595820213.2100725,37.80039310455322,0,0
1595820213.2200727,39.60043430328369,0,0
1595820213.2300758,41.40099048614502,0,0
1595820213.2400794,43.201632499694824,0,0
1595820213.2500796,45.00167369842529,0,0
1595820213.2600853,46.80270195007324,0,0
1595820213.2700706,48.6000394821167,0,0
1595820213.2800772,50.4012393951416,0,0
1595820213.2900703,52.19999313354492,0,0
1595820213.3000853,54.002695083618164,0,0
1595820213.310073,55.800461769104004,0,0
1595820213.320083,57.60226249694824,0,0
1595820213.3300714,59.400200843811035,0,0
1595820213.3400776,61.20131492614746,0,0
1595820213.350073,63.000497817993164,0,0
1595820213.3600814,64.80199813842773,0,0
1595820213.3700826,66.60221099853516,0,0
1595820213.3800864,68.4028959274292,0,0
1595820213.3900774,70.20126342773438,0,0
1595820213.4000833,72.00233459472656,0,0
1595820213.4100802,73.8017749786377,0,0
1595820213.4200842,75.60250282287598,0,0
1595820213.430076,77.40099906921387,0,0
1595820213.4400828,79.20224189758301,0,0
1595820213.450081,81.00193977355957,0,0
1595820213.4600868,82.80296802520752,0,0
1595820213.4700758,84.60099220275879,0,0
1595820213.4800794,86.4016342163086,0,0
1595820213.4900863,88.20287704467773,0,0
1595820213.5000832,90.00231742858887,0,0
1595820213.510073,91.80047035217285,0,0
1595820213.5200891,93.60338687896729,0,0
1595820213.5300775,95.40128231048584,0,0
1595820213.540075,97.20085144042969,0,0
1595820213.5500708,99.00007724761963,0,0
1595820213.5600715,100.80020427703857,0,0
1595820213.5700736,102.60058879852295,0,0
1595820213.580085,104.40264701843262,0,0
1595820213.5900807,106.20187282562256,0,0
1595820213.6000786,108.00148487091064,0,0
1595820213.6100755,109.80092525482178,0,0
1595820213.6200783,111.60143852233887,0,0
1595820213.6300795,113.40165138244629,0,0
1595820213.6400857,115.20276546478271,0,0
1595820213.6500728,117.00044631958008,0,0
1595820213.6600754,118.80091667175293,0,0
1595820213.6700876,120.60310363769531,0,0
1595820213.680083,122.40228652954102,0,0
1595820213.690083,124.20228481292725,0,0
1595820213.7000794,126.0016393661499,0,0
1595820213.710087,127.80301094055176,0,0
1595820213.7200766,129.6011209487915,0,0
1595820213.7300816,131.40202045440674,0,0
1595820213.7400756,133.200945854187,0,0
1595820213.7500844,135.00253200531006,0,0
1595820213.7600775,136.80128574371338,0,0
1595820213.770087,138.60300064086914,0,0
1595820213.7800808,140.40188312530518,0,0
1595820213.7900815,142.20201015472412,0,0
1595820213.800084,144.00248050689697,0,0
1595820213.810075,145.80084800720215,0,0
1595820213.820082,147.6020908355713,0,0
1595820213.830074,149.40067291259766,0,0
1595820213.840079,151.2015724182129,0,0
1595820213.8500812,153.00195693969727,0,0
1595820213.8600807,154.80186939239502,0,0
1595820213.870086,156.6028118133545,0,0
1595820213.8800704,158.40002059936523,0,0
1595820213.8900704,160.20001888275146,0,0
1595820213.9000876,162.00310707092285,0,0
1595820213.9100819,163.80207538604736,0,0
1595820213.9200747,165.60078620910645,0,0
1595820213.9300783,167.40142822265625,0,0
1595820213.940082,169.2021131515503,0,0
1595820213.9500828,171.00224018096924,0,0
1595820213.9600694,172.79983520507812,0,0
1595820213.9700694,174.59983348846436,0,0
1595820213.9800782,176.4014196395874,0,0
1595820213.9900882,178.20322036743164,0,0
1595820214.0000856,180.00274658203125,0,0
1595820214.010084,181.8024444580078,0,0
1595820214.020084,183.60244274139404,0,0
1595820214.03008,185.40175437927246,0,0
1595820214.0400803,187.20179557800293,0,0
1595820214.05008,189.00175094604492,0,0
1595820214.060083,190.802264213562,0,0
1595820214.070079,192.60157585144043,0,0
1595820214.0800846,194.40256118774414,0,0
1595820214.0900753,196.20088577270508,0,0
1595820214.1000824,198.00217151641846,0,0
1595820214.1100874,199.8030710220337,0,0
1595820214.1200857,201.60276889801025,0,0
1595820214.1300707,203.40006351470947,0,0
1595820214.1400855,205.20272254943848,0,0
1595820214.1500845,207.00254917144775,0,0
1595820214.1600823,208.80216121673584,0,0
1595820214.17008,210.6017303466797,0,0
1595820214.180087,212.40301609039307,0,0
1595820214.1900885,214.20327186584473,0,0
1595820214.2000804,216.00181102752686,0,0
1595820214.2100694,217.79983520507812,0,0
1595820214.2200742,219.60069179534912,0,0
1595820214.2300704,221.40000343322754,0,0
1595820214.2400718,223.2002592086792,0,0
1595820214.2500844,225.00253200531006,0,0
1595820214.260086,226.80283069610596,0,0
1595820214.2700813,228.60197067260742,0,0
1595820214.2800734,230.4005527496338,0,0
1595820214.290088,232.20316886901855,0,0
1595820214.300079,234.00157928466797,0,0
1595820214.3100836,235.80239295959473,0,0
1595820214.3200781,237.60140419006348,0,0
1595820214.330087,239.40299034118652,0,0
1595820214.3400714,241.20019912719727,0,0
1595820214.3500779,243.00135612487793,0,0
1595820214.360071,244.80010986328125,0,0
1595820214.3700707,246.60006523132324,0,0
1595820214.3800855,248.40272426605225,0,0
1595820214.3900704,250.20001888275146,0,0
1595820214.4000769,252.00117588043213,0,0
1595820214.410084,253.8024616241455,0,0
1595820214.4200711,255.60014247894287,0,0
1595820214.4300787,257.4015140533447,0,0
1595820214.4400742,259.20069694519043,0,0
1595820214.450073,261.00048065185547,0,0
1595820214.4600801,262.80176639556885,0,0
1595820214.470071,264.600133895874,0,0
1595820214.4800873,266.40305042266846,0,0
1595820214.4900866,268.202919960022,0,0
1595820214.5000863,270.00287532806396,0,0
1595820214.5100837,271.8024015426636,0,0
1595820214.5200763,273.6010694503784,0,0
1595820214.5300696,275.399866104126,0,0
1595820214.5400827,277.2022247314453,0,0
1595820214.5500772,279.00123596191406,0,0
1595820214.5600848,280.8026075363159,0,0
1595820214.57007,282.5999450683594,0,0
1595820214.5800776,284.40131664276123,0,0
1595820214.5900843,286.20251655578613,0,0
1595820214.600072,288.000283241272,0,0
1595820214.6100826,289.8022127151489,0,0
1595820214.620076,291.6010093688965,0,0
1595820214.6300786,293.40147972106934,0,0
1595820214.6400874,295.2030658721924,0,0
1595820214.6500845,297.00254917144775,0,0
1595820214.6600807,298.8018608093262,0,0
1595820214.6700795,300.6016445159912,0,0
1595820214.6800747,302.4007844924927,0,0
1595820214.6900709,304.2000961303711,0,0
1595820214.7000847,306.00258350372314,0,0
1595820214.7100847,307.8025817871094,0,0
1595820214.7200735,309.6005630493164,0,0
1595820214.7300787,311.4015054702759,0,0
1595820214.7400866,313.202919960022,0,0
1595820214.7500873,315.0030469894409,0,0
1595820214.7600825,316.8021869659424,0,0
1595820214.7700825,318.6021852493286,0,0
1595820214.7800841,320.4024839401245,0,0
1595820214.7900774,322.20128059387207,0,0
1595820214.800086,324.0028238296509,0,0
1595820214.8100855,325.80273628234863,0,0
1595820214.8200705,327.60003089904785,0,0
1595820214.8300755,329.4009304046631,0,0
1595820214.8400772,331.201229095459,0,0
1595820214.8500712,333.00015449523926,0,0
1595820214.8600695,334.7998523712158,0,0
1595820214.870083,336.60229682922363,0,0
1595820214.8800724,338.40036392211914,0,0
1595820214.8900805,340.2018213272095,0,0
1595820214.9000776,342.00130462646484,0,0
1595820214.910069,343.7997579574585,0,0
1595820214.920086,345.60280323028564,0,0
1595820214.9300826,347.40220069885254,0,0
1595820214.9400713,349.20018196105957,0,0
1595820214.9500844,351.0025405883789,0,0
1595820214.9600768,352.8011655807495,0,0
1595820214.9700832,354.6023225784302,0,0
1595820214.9800873,356.40305042266846,0,0
1595820214.9900832,358.20231914520264,0,0
1595820215.000079,360,0,1
1595820215.000079,0,0,0
1595820215.010086,1.801285743713379,0,0
1595820215.0200973,3.6033010482788086,0,0
1595820215.0300808,5.400338172912598,0,0
1595820215.040092,7.202353477478027,0,0
1595820215.0500963,9.003124237060547,0,0
1595820215.0600915,10.802264213562012,0,0
1595820215.0700812,12.600417137145996,0,0
1595820215.080096,14.403076171875,0,0
1595820215.0900843,16.200971603393555,0,0
1595820215.100091,18.002171516418457,0,0
1595820215.110096,19.80307102203369,0,0
1595820215.1200814,21.600451469421387,0,0
1595820215.1300788,23.399977684020996,0,0
1595820215.1400793,25.200061798095703,0,0
1595820215.1500804,27.000274658203125,0,0
1595820215.1600926,28.802461624145508,0,0
1595820215.1700854,30.60117244720459,0,0
1595820215.1800864,32.40134239196777,0,0
1595820215.1900873,34.20151233673096,0,0
1595820215.2000804,36.00026607513428,0,0
1595820215.2100966,37.80318260192871,0,0
1595820215.2200916,39.60227966308594,0,0
1595820215.2300897,41.40193462371826,0,0
1595820215.2400963,43.203134536743164,0,0
1595820215.2500796,45.000128746032715,0,0
1595820215.2600899,46.80197238922119,0,0
1595820215.270081,48.600382804870605,0,0
1595820215.2800975,50.40334224700928,0,0
1595820215.2900882,52.201666831970215,0,0
1595820215.3000839,54.000892639160156,0,0
1595820215.3100834,55.80080509185791,0,0
1595820215.3200808,57.60033130645752,0,0
1595820215.3300896,59.401917457580566,0,0
1595820215.340088,61.20161533355713,0,0
1595820215.3500798,63.00015449523926,0,0
1595820215.3600788,64.79998111724854,0,0
1595820215.3700845,66.60100936889648,0,0
1595820215.3800952,68.40293884277344,0,0
1595820215.390094,70.20272254943848,0,0
1595820215.400092,72.00233459472656,0,0
1595820215.410083,73.80074501037598,0,0
1595820215.4200802,75.60022830963135,0,0
1595820215.4300954,77.40297317504883,0,0
1595820215.44008,79.20018196105957,0,0
1595820215.4500916,81.00228309631348,0,0
1595820215.4600937,82.80266761779785,0,0
1595820215.4700823,84.60060596466064,0,0
1595820215.4800816,86.40047550201416,0,0
1595820215.4900842,88.20094585418701,0,0
1595820215.500084,90.000901222229,0,0
1595820215.510086,91.80128574371338,0,0
1595820215.5200837,93.60085487365723,0,0
1595820215.5300803,95.40025234222412,0,0
1595820215.5400803,97.20025062561035,0,0
1595820215.5500882,99.00166511535645,0,0
1595820215.560095,100.80290794372559,0,0
1595820215.5700955,102.6029920578003,0,0
1595820215.580083,104.4007158279419,0,0
1595820215.5900784,106.1998987197876,0,0
1595820215.600097,108.00324440002441,0,0
1595820215.6100879,109.80161190032959,0,0
1595820215.620088,111.60165309906006,0,0
1595820215.6300876,113.40156555175781,0,0
1595820215.64008,115.20019054412842,0,0
1595820215.6500883,117.00169086456299,0,0
1595820215.6600862,118.80130290985107,0,0
1595820215.670087,120.60147285461426,0,0
1595820215.6800904,122.40207195281982,0,0
1595820215.6900947,124.20284271240234,0,0
1595820215.7000937,126.00266933441162,0,0
1595820215.71009,127.80198097229004,0,0
1595820215.7200813,129.6004343032837,0,0
1595820215.7300913,131.40223503112793,0,0
1595820215.7400877,133.2015895843506,0,0
1595820215.7500896,135.00193119049072,0,0
1595820215.760096,136.8030881881714,0,0
1595820215.770088,138.60162734985352,0,0
1595820215.7800946,140.40282726287842,0,0
1595820215.7900798,142.20016479492188,0,0
1595820215.80008,144.00020599365234,0,0
1595820215.8100967,145.80320835113525,0,0
1595820215.820087,147.60144710540771,0,0
1595820215.8300896,149.40191745758057,0,0
1595820215.840088,151.20161533355713,0,0
1595820215.8500843,153.00096988677979,0,0
1595820215.8600872,154.80148315429688,0,0
1595820215.8700948,156.60285472869873,0,0
1595820215.8800938,158.402681350708,0,0
1595820215.8900888,160.20177841186523,0,0
1595820215.9000835,162.00083255767822,0,0
1595820215.9100819,163.80053043365479,0,0
1595820215.9200888,165.60177326202393,0,0
1595820215.9300787,167.39996910095215,0,0
1595820215.9400864,169.201340675354,0,0
1595820215.9500914,171.00224018096924,0,0
1595820215.9600945,172.80279636383057,0,0
1595820215.9700935,174.60262298583984,0,0
1595820215.9800954,176.40296459197998,0,0
1595820215.990091,178.20219039916992,0,0
1595820216.0000887,180.00175952911377,0,0
1595820216.0100963,181.80313110351562,0,0
1595820216.0200791,183.6000394821167,0,0
1595820216.0300927,185.4024839401245,0,0
1595820216.0400932,187.20256805419922,0,0
1595820216.0500848,189.0010643005371,0,0
1595820216.0600867,190.80140590667725,0,0
1595820216.0700786,192.59994506835938,0,0
1595820216.0800893,194.40187454223633,0,0
1595820216.0900965,196.2031602859497,0,0
1595820216.1000838,198.0008840560913,0,0
1595820216.1100845,199.80101108551025,0,0
1595820216.1200905,201.60208225250244,0,0
1595820216.1300867,203.40139389038086,0,0
1595820216.140079,205.20001888275146,0,0
1595820216.1500866,207.00139045715332,0,0
1595820216.1600928,208.80250453948975,0,0
1595820216.1700907,210.60211658477783,0,0
1595820216.1800783,212.39988327026367,0,0
1595820216.190082,214.20056819915771,0,0
1595820216.200082,216.00056648254395,0,0
1595820216.210091,217.80219554901123,0,0
1595820216.2200942,219.60275173187256,0,0
1595820216.2300854,221.40116214752197,0,0
1595820216.240084,223.20090293884277,0,0
1595820216.250088,225.00163078308105,0,0
1595820216.2600875,226.8015432357788,0,0
1595820216.2700849,228.60106945037842,0,0
1595820216.2800922,230.40239810943604,0,0
1595820216.290084,232.20089435577393,0,0
1595820216.3000815,234.00046348571777,0,0
1595820216.3100815,235.800461769104,0,0
1595820216.3200922,237.60239124298096,0,0
1595820216.3300781,239.39985752105713,0,0
1595820216.3400793,241.20007038116455,0,0
1595820216.3500814,243.00045490264893,0,0
1595820216.3600821,244.80058193206787,0,0
1595820216.3700783,246.5998935699463,0,0
1595820216.3800955,248.40298175811768,0,0
1595820216.3900928,250.20250797271729,0,0
1595820216.4000938,252.00267791748047,0,0
1595820216.4100952,253.80293369293213,0,0
1595820216.420087,255.60147285461426,0,0
1595820216.4300916,257.402286529541,0,0
1595820216.440095,259.2028856277466,0,0
1595820216.4500792,261.0000514984131,0,0
1595820216.4600832,262.80077934265137,0,0
1595820216.4700878,264.6015930175781,0,0
1595820216.4800804,266.40026092529297,0,0
1595820216.4900866,268.2013750076294,0,0
1595820216.5000827,270.0006866455078,0,0
1595820216.510093,271.8025302886963,0,0
1595820216.520084,273.60089778900146,0,0
1595820216.530096,275.40308475494385,0,0
1595820216.54009,277.2020101547241,0,0
1595820216.5500948,279.0028667449951,0,0
1595820216.560095,280.8029079437256,0,0
1595820216.5700905,282.6020908355713,0,0
1595820216.5800848,284.4010591506958,0,0
1595820216.5900831,286.20075702667236,0,0
1595820216.6000926,288.0024719238281,0,0
1595820216.6100788,289.79998111724854,0,0
1595820216.6200948,291.60285472869873,0,0
1595820216.6300905,293.4020805358887,0,0
1595820216.6400898,295.2019500732422,0,0
1595820216.650085,297.00109004974365,0,0
1595820216.6600945,298.8028049468994,0,0
1595820216.6700828,300.60070037841797,0,0
1595820216.6800776,302.39975452423096,0,0
1595820216.6900935,304.20262813568115,0,0
1595820216.7000833,306.00078105926514,0,0
1595820216.7100878,307.8015947341919,0,0
1595820216.7200918,309.6023225784302,0,0
1595820216.7300959,311.40305042266846,0,0
1595820216.7400844,313.20098876953125,0,0
1595820216.7500792,315.00004291534424,0,0
1595820216.760082,316.8005561828613,0,0
1595820216.7700913,318.60222816467285,0,0
1595820216.780094,320.4026985168457,0,0
1595820216.7900798,322.2001647949219,0,0
1595820216.8000813,324.00042057037354,0,0
1595820216.8100886,325.80174922943115,0,0
1595820216.8200831,327.6007604598999,0,0
1595820216.8300893,329.4018745422363,0,0
1595820216.8400898,331.20195865631104,0,0
1595820216.850095,333.0029010772705,0,0
1595820216.8600872,334.8014831542969,0,0
1595820216.8700807,336.6003227233887,0,0
1595820216.880084,338.40092182159424,0,0
1595820216.8900862,340.2013063430786,0,0
1595820216.9000783,341.999888420105,0,0
1595820216.9100876,343.8015604019165,0,0
1595820216.9200842,345.6009578704834,0,0
1595820216.9300945,347.4028015136719,0,0
1595820216.9400918,349.2023277282715,0,0
1595820216.950088,351.0016393661499,0,0
1595820216.9600797,352.8001356124878,0,0
1595820216.9700847,354.601035118103,0,0
1595820216.9800842,356.4009475708008,0,0
1595820216.9900851,358.20111751556396,0,0
1595820217.0000863,360,0,1
1595820217.0000863,0,0,0
1595820217.0100946,1.8015003204345703,0,0
1595820217.020093,3.601198196411133,0,0
1595820217.0301049,5.403342247009277,0,0
1595820217.0400991,7.202310562133789,0,0
1595820217.0501032,9.00303840637207,0,0
1595820217.0600893,10.80054759979248,0,0
1595820217.0701053,12.603421211242676,0,0
1595820217.0800996,14.402389526367188,0,0
1595820217.0900927,16.201143264770508,0,0
1595820217.1000986,18.002214431762695,0,0
1595820217.1100972,19.801955223083496,0,0
1595820217.1200926,21.6011381149292,0,0
1595820217.1301,23.402466773986816,0,0
1595820217.1400921,25.201048851013184,0,0
1595820217.1500967,27.00186252593994,0,0
1595820217.1600952,28.801603317260742,0,0
1595820217.170104,30.60318946838379,0,0
1595820217.1800928,32.40117073059082,0,0
1595820217.1901038,34.20314311981201,0,0
1595820217.200094,36.00138187408447,0,0
1595820217.210092,37.8010368347168,0,0
1595820217.2200913,39.60090637207031,0,0
1595820217.2300873,41.40017509460449,0,0
1595820217.2400973,43.20197582244873,0,0
1595820217.2501013,45.00270366668701,0,0
1595820217.2600892,46.80051326751709,0,0
1595820217.270098,48.60209941864014,0,0
1595820217.2801003,50.40252685546875,0,0
1595820217.290099,52.20226764678955,0,0
1595820217.3000972,54.00196552276611,0,0
1595820217.310098,55.80209255218506,0,0
1595820217.3201041,57.603206634521484,0,0
1595820217.3300872,59.4001579284668,0,0
1595820217.3401017,61.20277404785156,0,0
1595820217.3500872,63.00015449523926,0,0
1595820217.3600903,64.80071067810059,0,0
1595820217.3700933,66.60126686096191,0,0
1595820217.380094,68.40139389038086,0,0
1595820217.3900888,70.20044803619385,0,0
1595820217.4000978,72.00207710266113,0,0
1595820217.4101021,73.80284786224365,0,0
1595820217.4200943,75.60142993927002,0,0
1595820217.4301026,77.40293025970459,0,0
1595820217.4401023,79.20288562774658,0,0
1595820217.450104,81.00318431854248,0,0
1595820217.460105,82.80335426330566,0,0
1595820217.4700902,84.60069179534912,0,0
1595820217.4801044,86.40326499938965,0,0
1595820217.4900954,88.20163249969482,0,0
1595820217.500095,90.00154495239258,0,0
1595820217.5101,91.80244445800781,0,0
1595820217.5201044,93.60325813293457,0,0
1595820217.5300937,95.40132522583008,0,0
1595820217.5400908,97.20080852508545,0,0
1595820217.5500944,99.00145053863525,0,0
1595820217.560086,100.79994678497314,0,0
1595820217.5700943,102.60144710540771,0,0
1595820217.5801005,104.40256118774414,0,0
1595820217.5901015,106.20273113250732,0,0
1595820217.600088,108.00028324127197,0,0
1595820217.6101046,109.80328559875488,0,0
1595820217.6201036,111.60311222076416,0,0
1595820217.6300993,113.4023380279541,0,0
1595820217.6401,115.20246505737305,0,0
1595820217.650095,117.00156211853027,0,0
1595820217.6600935,118.80130290985107,0,0
1595820217.6701016,120.6027603149414,0,0
1595820217.6801012,122.40267276763916,0,0
1595820217.6900952,124.20159816741943,0,0
1595820217.700104,126.00318431854248,0,0
1595820217.7101002,127.8024959564209,0,0
1595820217.7200963,129.60180759429932,0,0
1595820217.7301035,131.4030933380127,0,0
1595820217.7400954,133.20163249969482,0,0
1595820217.750094,135.00137329101562,0,0
1595820217.7600899,136.8006420135498,0,0
1595820217.7700975,138.60201358795166,0,0
1595820217.7801003,140.40252685546875,0,0
1595820217.7900982,142.20213890075684,0,0
1595820217.800099,144.00226593017578,0,0
1595820217.8101046,145.80329418182373,0,0
1595820217.820094,147.60140419006348,0,0
1595820217.8300912,149.40088748931885,0,0
1595820217.8400874,151.20019912719727,0,0
1595820217.8500912,153.0008840560913,0,0
1595820217.860093,154.80122566223145,0,0
1595820217.8701026,156.6029405593872,0,0
1595820217.88009,158.4006643295288,0,0
1595820217.8900907,160.20079135894775,0,0
1595820217.9000967,162.00186252593994,0,0
1595820217.9101043,163.8032341003418,0,0
1595820217.9200954,165.6016445159912,0,0
1595820217.9301033,167.4030590057373,0,0
1595820217.9400897,169.20061111450195,0,0
1595820217.9501028,171.0029697418213,0,0
1595820217.9600976,172.80202388763428,0,0
1595820217.970093,174.60120677947998,0,0
1595820217.9800925,176.40111923217773,0,0
1595820217.9900923,178.20107460021973,0,0
1595820218.0000906,180.0007724761963,0,0
1595820218.010089,181.80047035217285,0,0
1595820218.0200958,183.601713180542,0,0
1595820218.030089,185.4004669189453,0,0
1595820218.040099,187.20226764678955,0,0
1595820218.0500875,189.00020599365234,0,0
1595820218.0601017,190.80277919769287,0,0
1595820218.0701034,192.60307788848877,0,0
1595820218.0800986,194.40221786499023,0,0
1595820218.090091,196.20084285736084,0,0
1595820218.1000998,198.0024290084839,0,0
1595820218.1100998,199.80242729187012,0,0
1595820218.1200893,201.60053730010986,0,0
1595820218.1301007,203.40259552001953,0,0
1595820218.1400962,205.20177841186523,0,0
1595820218.1500983,207.0021629333496,0,0
1595820218.160093,208.8012170791626,0,0
1595820218.17009,210.60065746307373,0,0
1595820218.1801019,212.40280151367188,0,0
1595820218.1900895,214.20056819915771,0,0
1595820218.200089,216.00048065185547,0,0
1595820218.2101042,217.80322551727295,0,0
1595820218.220095,219.6015501022339,0,0
1595820218.230097,221.40193462371826,0,0
1595820218.2400994,223.20236206054688,0,0
1595820218.2500923,225.00107288360596,0,0
1595820218.260094,226.80137157440186,0,0
1595820218.2701035,228.60308647155762,0,0
1595820218.2800894,230.4005527496338,0,0
1595820218.290101,232.2026538848877,0,0
1595820218.3000991,234.00230884552002,0,0
1595820218.3100975,235.80200672149658,0,0
1595820218.3200865,237.60003089904785,0,0
1595820218.330104,239.40320491790771,0,0
1595820218.3400881,241.20032787322998,0,0
1595820218.350095,243.00157070159912,0,0
1595820218.3600988,244.80225563049316,0,0
1595820218.370087,246.60010814666748,0,0
1595820218.3801022,248.40285301208496,0,0
1595820218.3901014,250.20272254943848,0,0
1595820218.4000857,251.99988842010498,0,0
1595820218.4100964,253.80181789398193,0,0
1595820218.4200947,255.6015157699585,0,0
1595820218.4300866,257.4000549316406,0,0
1595820218.4401014,259.20271396636963,0,0
1595820218.450094,261.0013818740845,0,0
1595820218.460101,262.8026247024536,0,0
1595820218.4700868,264.6000909805298,0,0
1595820218.4801037,266.40313625335693,0,0
1595820218.4901,268.20244789123535,0,0
1595820218.5000877,270.00025749206543,0,0
1595820218.510093,271.8011999130249,0,0
1595820218.520104,273.6031723022461,0,0
1595820218.5300906,275.400767326355,0,0
1595820218.5401015,277.2027397155762,0,0
1595820218.550096,279.0017509460449,0,0
1595820218.5600893,280.8005475997925,0,0
1595820218.5700915,282.60093212127686,0,0
1595820218.5801003,284.4025182723999,0,0
1595820218.5900862,286.1999845504761,0,0
1595820218.6000888,288.0004549026489,0,0
1595820218.6100962,289.80178356170654,0,0
1595820218.62009,291.6006660461426,0,0
1595820218.6300883,293.40036392211914,0,0
1595820218.6400998,295.2024221420288,0,0
1595820218.6500988,297.0022487640381,0,0
1595820218.660101,298.80263328552246,0,0
1595820218.6701035,300.6031036376953,0,0
1595820218.6800911,302.40087032318115,0,0
1595820218.690094,304.20138359069824,0,0
1595820218.7000902,306.00069522857666,0,0
1595820218.7100859,307.7999210357666,0,0
1595820218.7200851,309.5997905731201,0,0
1595820218.7300856,311.3998746871948,0,0
1595820218.7400968,313.20188999176025,0,0
1595820218.7500865,315.00004291534424,0,0
1595820218.7601025,316.80291652679443,0,0
1595820218.7700903,318.6007261276245,0,0
1595820218.7800903,320.40072441101074,0,0
1595820218.7900941,322.2014093399048,0,0
1595820218.800086,323.9999485015869,0,0
1595820218.810092,325.8010196685791,0,0
1595820218.8200886,327.600417137146,0,0
1595820218.8301022,329.4028615951538,0,0
1595820218.8400874,331.20019912719727,0,0
1595820218.850097,333.001914024353,0,0
1595820218.8600895,334.80058193206787,0,0
1595820218.8700893,336.60053730010986,0,0
1595820218.8800907,338.4007930755615,0,0
1595820218.8900878,340.2002763748169,0,0
1595820218.9000986,342.00220584869385,0,0
1595820218.9100924,343.8010883331299,0,0
1595820218.9200876,345.60022830963135,0,0
1595820218.9300902,347.4006986618042,0,0
1595820218.9400978,349.20207023620605,0,0
1595820218.950103,351.0030126571655,0,0
1595820218.960102,352.8028392791748,0,0
1595820218.9700963,354.6018075942993,0,0
1595820218.9801013,356.40270709991455,0,0
1595820218.9900866,358.200044631958,0,0
1595820219.0001013,360,0,1
1595820219.0001013,0,0,0
1595820219.0101058,1.8008136749267578,0,0
1595820219.0201187,3.6031293869018555,0,0
1595820219.0301046,5.400595664978027,0,0
1595820219.0401156,7.202568054199219,0,0
1595820219.0501187,9.003124237060547,0,0
1595820219.0601182,10.8030366897583,0,0
1595820219.0701177,12.602949142456055,0,0
1595820219.0801167,14.402775764465332,0,0
1595820219.0901034,16.20037078857422,0,0
1595820219.1001139,18.002257347106934,0,0
1595820219.1101036,19.800410270690918,0,0
1595820219.120109,21.60139560699463,0,0
1595820219.130118,23.402981758117676,0,0
1595820219.1401088,25.20134925842285,0,0
1595820219.1501043,27.000532150268555,0,0
1595820219.1601095,28.801474571228027,0,0
1595820219.170106,30.600829124450684,0,0
1595820219.1801193,32.40323066711426,0,0
1595820219.1901133,34.20215606689453,0,0
1595820219.200113,36.00211143493652,0,0
1595820219.210115,37.80245304107666,0,0
1595820219.220104,39.60047721862793,0,0
1595820219.230103,41.40030384063721,0,0
1595820219.2401066,43.20094585418701,0,0
1595820219.2501173,45.002875328063965,0,0
1595820219.2601035,46.800384521484375,0,0
1595820219.2701106,48.601670265197754,0,0
1595820219.2801096,50.40149688720703,0,0
1595820219.290117,52.20282554626465,0,0
1595820219.3001099,54.00153636932373,0,0
1595820219.3101153,55.80252170562744,0,0
1595820219.3201156,57.60256290435791,0,0
1595820219.3301013,59.399986267089844,0,0
1595820219.34012,61.2033748626709,0,0
1595820219.3501024,63.000197410583496,0,0
1595820219.360105,64.80066776275635,0,0
1595820219.3701081,66.60122394561768,0,0
1595820219.3801105,68.40165138244629,0,0
1595820219.3901086,70.20130634307861,0,0
1595820219.4001064,72.0009183883667,0,0
1595820219.4101183,73.80306243896484,0,0
1595820219.4201143,75.60233116149902,0,0
1595820219.4301157,77.40258693695068,0,0
1595820219.440117,79.2027997970581,0,0
1595820219.4501076,81.00112438201904,0,0
1595820219.460107,82.8010368347168,0,0
1595820219.470118,84.60300922393799,0,0
1595820219.4801164,86.40270709991455,0,0
1595820219.4901094,88.20146083831787,0,0
1595820219.5001009,89.99991416931152,0,0
1595820219.510116,91.802659034729,0,0
1595820219.5201156,93.60257148742676,0,0
1595820219.5301077,95.40115356445312,0,0
1595820219.5401096,97.20149517059326,0,0
1595820219.550119,99.00316715240479,0,0
1595820219.5601137,100.80222129821777,0,0
1595820219.5701053,102.60071754455566,0,0
1595820219.5801105,104.40165996551514,0,0
1595820219.590101,106.19994163513184,0,0
1595820219.6001124,108.0019998550415,0,0
1595820219.6101127,109.80204105377197,0,0
1595820219.6201072,111.60105228424072,0,0
1595820219.6301007,113.39989185333252,0,0
1595820219.640105,115.20066261291504,0,0
1595820219.6501057,117.00078964233398,0,0
1595820219.6601074,118.80108833312988,0,0
1595820219.6701114,120.60181617736816,0,0
1595820219.6801183,122.4030590057373,0,0
1595820219.6901073,124.20108318328857,0,0
1595820219.7001092,126.00142478942871,0,0
1595820219.7101147,127.80241012573242,0,0
1595820219.720108,129.60120677947998,0,0
1595820219.7301178,131.40296459197998,0,0
1595820219.7401175,133.20291996002197,0,0
1595820219.7501194,135.0032615661621,0,0
1595820219.76011,136.8015432357788,0,0
1595820219.7701044,138.60055446624756,0,0
1595820219.7801037,140.40042400360107,0,0
1595820219.7901025,142.2002077102661,0,0
1595820219.8001099,144.00153636932373,0,0
1595820219.8101163,145.8026933670044,0,0
1595820219.8201175,147.60290622711182,0,0
1595820219.8301039,149.40045833587646,0,0
1595820219.8401146,151.20238780975342,0,0
1595820219.8501089,153.00135612487793,0,0
1595820219.8601177,154.80294227600098,0,0
1595820219.8701193,156.60324096679688,0,0
1595820219.8801055,158.40075016021729,0,0
1595820219.8901145,160.20237922668457,0,0
1595820219.9001193,162.00323581695557,0,0
1595820219.9101102,163.80160331726074,0,0
1595820219.9201021,165.60014247894287,0,0
1595820219.930118,167.40301609039307,0,0
1595820219.940117,169.2027997970581,0,0
1595820219.950114,171.00228309631348,0,0
1595820219.9601042,172.80052185058594,0,0
1595820219.9701183,174.60305213928223,0,0
1595820219.9801035,176.40038967132568,0,0
1595820219.9901047,178.2006025314331,0,0
1595820220.000115,180.00244617462158,0,0
1595820220.0101063,181.80089950561523,0,0
1595820220.0201104,183.60162734985352,0,0
1595820220.0301178,185.40295600891113,0,0
1595820220.0401125,187.20201015472412,0,0
1595820220.0501053,189.0007209777832,0,0
1595820220.0601027,190.8002471923828,0,0
1595820220.070113,192.6020908355713,0,0
1595820220.0801091,194.4014024734497,0,0
1595820220.090111,196.20174407958984,0,0
1595820220.1001167,198.0027723312378,0,0
1595820220.1101043,199.80053901672363,0,0
1595820220.120113,201.60208225250244,0,0
1595820220.1301055,203.40075016021729,0,0
1595820220.1401162,205.20267963409424,0,0
1595820220.1501062,207.00087547302246,0,0
1595820220.160119,208.80319118499756,0,0
1595820220.17011,210.60155868530273,0,0
1595820220.1801095,212.4014711380005,0,0
1595820220.1901138,214.202241897583,0,0
1595820220.2001176,216.00292682647705,0,0
1595820220.2101038,217.80043601989746,0,0
1595820220.220115,219.6024513244629,0,0
1595820220.2301192,221.4032220840454,0,0
1595820220.2401028,223.2002592086792,0,0
1595820220.2501051,225.0006866455078,0,0
1595820220.260114,226.80227279663086,0,0
1595820220.2701027,228.6002540588379,0,0
1595820220.2801087,230.40132522583008,0,0
1595820220.2901132,232.20213890075684,0,0
1595820220.300108,234.00119304656982,0,0
1595820220.310104,235.800461769104,0,0
1595820220.3201103,237.60161876678467,0,0
1595820220.330119,239.40316200256348,0,0
1595820220.3401172,241.20285987854004,0,0
1595820220.350116,243.00264358520508,0,0
1595820220.3601122,244.8019552230835,0,0
1595820220.3701112,246.60178184509277,0,0
1595820220.3801131,248.4021234512329,0,0
1595820220.390101,250.199933052063,0,0
1595820220.4001179,252.00297832489014,0,0
1595820220.410107,253.8010025024414,0,0
1595820220.4201062,255.60087203979492,0,0
1595820220.4301128,257.4020719528198,0,0
1595820220.4401088,259.201340675354,0,0
1595820220.4501007,260.99987983703613,0,0
1595820220.4601085,262.8012943267822,0,0
1595820220.4701078,264.60116386413574,0,0
1595820220.48011,266.4015483856201,0,0
1595820220.490103,268.20030212402344,0,0
1595820220.5001159,270.00261783599854,0,0
1595820220.5101085,271.8012857437134,0,0
1595820220.5201175,273.60291481018066,0,0
1595820220.530103,275.40029525756836,0,0
1595820220.540106,277.2008514404297,0,0
1595820220.55011,279.00157928466797,0,0
1595820220.5601053,280.80071926116943,0,0
1595820220.5701084,282.60127544403076,0,0
1595820220.5801158,284.4026041030884,0,0
1595820220.5901034,286.2003707885742,0,0
1595820220.6001143,288.0023431777954,0,0
1595820220.6101089,289.80135440826416,0,0
1595820220.6201096,291.6014814376831,0,0
1595820220.6301188,293.40315341949463,0,0
1595820220.6401126,295.20203590393066,0,0
1595820220.6501186,297.00310707092285,0,0
1595820220.660117,298.8028049468994,0,0
1595820220.6701126,300.60203075408936,0,0
1595820220.6801057,302.4007844924927,0,0
1595820220.6901102,304.20159816741943,0,0
1595820220.700104,306.00048065185547,0,0
1595820220.7101128,307.8020668029785,0,0
1595820220.7201147,309.60240840911865,0,0
1595820220.7301018,311.400089263916,0,0
1595820220.740102,313.2001304626465,0,0
1595820220.7501142,315.00231742858887,0,0
1595820220.7601044,316.8005561828613,0,0
1595820220.7701013,318.59999656677246,0,0
1595820220.7801175,320.4029130935669,0,0
1595820220.7901008,322.19990730285645,0,0
1595820220.8001025,324.00020599365234,0,0
1595820220.8101156,325.8025646209717,0,0
1595820220.8201108,327.60170459747314,0,0
1595820220.8301063,329.40088748931885,0,0
1595820220.8401172,331.20285987854004,0,0
1595820220.8501003,332.99981117248535,0,0
1595820220.8601184,334.8030710220337,0,0
1595820220.870116,336.60264015197754,0,0
1595820220.8801181,338.4030246734619,0,0
1595820220.8901181,340.20302295684814,0,0
1595820220.9000995,341.9996738433838,0,0
1595820220.910118,343.8030195236206,0,0
1595820220.9201183,345.6030607223511,0,0
1595820220.9301088,347.4013423919678,0,0
1595820220.9401045,349.2005681991577,0,0
1595820220.9501178,351.0029697418213,0,0
1595820220.9601128,352.8020668029785,0,0
1595820220.9701006,354.5998764038086,0,0
1595820220.9801128,356.402063369751,0,0
1595820220.990102,358.2001304626465,0,0
