Type = DelayAdvance,Function = Wang Sync Simple,Refract = 0,Coupling Strength = 0.9,Start_phase = 53
Timestamp,Phase,Offset,Ping?
1596153558,53,0,0
1596153558.01,54.796393394470215,0.29444444444444445,0,42
1596153558.02,56.59557628631592,0.29444444444444445,0,42
1596153558.03,58.39651870727539,0.29444444444444445,0,42
1596153558.04,60.19711780548096,0.29444444444444445,0,42
1596153558.05,61.998661041259766,0.29444444444444445,0,42
1596153558.06,63.79672813415527,0.29444444444444445,0,42
1596153558.07,65.59801387786865,0.29444444444444445,0,42
1596153558.08,67.39766883850098,0.29444444444444445,0,42
1596153558.09,69.19702339172363,0.29444444444444445,0,42
1596153558.1,70.99680709838867,0.29444444444444445,0,42
1596153558.11,72.79830741882324,0.29444444444444445,0,42
1596153558.12,74.59753322601318,0.29444444444444445,0,42
1596153558.1299999,76.39877605438232,0.29444444444444445,0,42
1596153558.1399999,78.19594192504883,0.29444444444444445,0,42
1596153558.1499999,79.99761390686035,0.29444444444444445,0,42
1596153558.1599998,81.79576683044434,0.29444444444444445,0,42
1596153558.1699998,83.59572219848633,0.29444444444444445,0,42
1596153558.1799998,85.39675045013428,0.29444444444444445,0,42
1596153558.1899998,87.1978645324707,0.29444444444444445,0,42
1596153558.1999998,88.99876403808594,0.29444444444444445,0,42
1596153558.2099998,90.79884815216066,0.29444444444444445,0,42
1596153558.2199998,92.59588527679445,0.29444444444444445,0,42
1596153558.2299998,94.39807224273683,0.29444444444444445,0,42
1596153558.2399998,96.19682598114015,0.29444444444444445,0,42
1596153558.2499998,97.99802589416505,0.29444444444444445,0,42
1596153558.2599998,99.79699420928956,0.29444444444444445,0,42
1596153558.2699997,101.59630584716798,0.29444444444444445,0,42
1596153558.2799997,103.39694786071779,0.29444444444444445,0,42
1596153558.2899997,105.19758987426759,0.29444444444444445,0,42
1596153558.2999997,106.99741649627687,0.29444444444444445,0,42
1596153558.3099997,108.79694271087648,0.29444444444444445,0,42
1596153558.3180223,110.23958492279054,0.29444444444444445,0
1596153558.3180223,11.023958492279057,-0.2567534801695082,0
1596153558.3199997,11.380155849456782,-0.2567534801695082,0,42
1596153558.329396,13.071234989166255,-0.2567534801695082,0
1596153558.329396,1.307123498916625,-0.3221096551153395,0
1596153558.3299997,1.4178021717071498,-0.3221096551153395,0,42
1596153558.3399997,3.2161267566680873,-0.3221096551153395,0,42
1596153558.3499997,5.019172029495236,-0.3221096551153395,0,42
1596153558.3599997,6.818097429275509,-0.3221096551153395,0,42
1596153558.3699996,8.617065744400021,-0.3221096551153395,0,42
1596153558.3799996,10.417021112442013,-0.3221096551153395,0,42
1596153558.3899996,12.215817766189572,-0.3221096551153395,0,42
1596153558.3999996,14.015944795608517,-0.3221096551153395,0,42
1596153558.4099996,15.81761677742004,-0.3221096551153395,0,42
1596153558.4199996,17.61817296028137,-0.3221096551153395,0,42
1596153558.4299996,19.4187291431427,-0.3221096551153395,0,42
1596153558.4399996,21.21748288154602,-0.3221096551153395,0,42
1596153558.4499996,23.01645119667053,-0.3221096551153395,0,42
1596153558.4599996,24.816149072647093,-0.3221096551153395,0,42
1596153558.4699996,26.618336038589476,-0.3221096551153395,0,42
1596153558.4799995,28.419106798171995,-0.3221096551153395,0,42
1596153558.4899995,30.215929346084593,-0.3221096551153395,0,42
1596153558.4999995,32.01751549720764,-0.3221096551153395,0,42
1596153558.5099995,33.81661255836487,-0.3221096551153395,0,42
1596153558.5199995,35.619142847061156,-0.3221096551153395,0,42
1596153558.5299995,37.41755326271057,-0.3221096551153395,0,42
1596153558.5399995,39.21836693763733,-0.3221096551153395,0,42
1596153558.5499995,41.01750691413879,-0.3221096551153395,0,42
1596153558.5599995,42.81634648323059,-0.3221096551153395,0,42
1596153558.5699995,44.6158726978302,-0.3221096551153395,0,42
1596153558.5799994,46.41728718757629,-0.3221096551153395,0,42
1596153558.5899994,48.216985063552855,-0.3221096551153395,0,42
1596153558.5999994,50.01702626228332,-0.3221096551153395,0,42
1596153558.6099994,51.81809742927551,-0.3221096551153395,0,42
1596153558.6199994,53.61693699836731,-0.3221096551153395,0,42
1596153558.6299994,55.416034059524534,-0.3221096551153395,0,42
1596153558.6399994,57.2171910572052,-0.3221096551153395,0,42
1596153558.6499994,59.01573021888733,-0.3221096551153395,0,42
1596153558.6599994,60.81697304725647,-0.3221096551153395,0,42
1596153558.6699994,62.6184304523468,-0.3221096551153395,0,42
1596153558.6799994,64.41791375160217,-0.3221096551153395,0,42
1596153558.6899993,66.21894200325012,-0.3221096551153395,0,42
1596153558.6999993,68.01683743476868,-0.3221096551153395,0,42
1596153558.7099993,69.81709321022034,-0.3221096551153395,0,42
1596153558.7199993,71.61644776344299,-0.3221096551153395,0,42
1596153558.7299993,73.41657479286194,-0.3221096551153395,0,42
1596153558.7399993,75.21756012916565,-0.3221096551153395,0,42
1596153558.7499993,77.01811631202698,-0.3221096551153395,0,42
1596153558.7599993,78.81751378059387,-0.3221096551153395,0,42
1596153558.7699993,80.61631043434143,-0.3221096551153395,0,42
1596153558.7799993,82.41600831031799,-0.3221096551153395,0,42
1596153558.7899992,84.21617825508118,-0.3221096551153395,0,42
1596153558.7999992,86.01596196174621,-0.3221096551153395,0,42
1596153558.8099992,87.81699021339416,-0.3221096551153395,0,42
1596153558.8199992,89.61673100471496,-0.3221096551153395,0,42
1596153558.8299992,91.4167292881012,-0.3221096551153395,0,42
1596153558.8399992,93.21685631752014,-0.3221096551153395,0,42
1596153558.8499992,95.01694043159485,-0.3221096551153395,0,42
1596153558.8599992,96.81693871498108,-0.3221096551153395,0,42
1596153558.8699992,98.61573536872864,-0.3221096551153395,0,42
1596153558.8799992,100.41783650398254,-0.3221096551153395,0,42
1596153558.8899992,102.21723397254944,-0.3221096551153395,0,42
1596153558.8999991,104.0163739490509,-0.3221096551153395,0,42
1596153558.9099991,105.81907589912414,-0.3221096551153395,0,42
1596153558.9199991,107.61628468513489,-0.3221096551153395,0,42
1596153558.929999,109.41576798439026,-0.3221096551153395,0,42
1596153558.939999,111.21872742652893,-0.3221096551153395,0,42
1596153558.949999,113.01726658821106,-0.3221096551153395,0,42
1596153558.959999,114.81786568641662,-0.3221096551153395,0,42
1596153558.969999,116.61571820259094,-0.3221096551153395,0,42
1596153558.979999,118.41627438545227,-0.3221096551153395,0,42
1596153558.989999,120.21889050483703,-0.3221096551153395,0,42
1596153558.999999,122.01755841255188,-0.3221096551153395,0,42
1596153559.009999,123.81914456367493,-0.3221096551153395,0,42
1596153559.019999,125.61824162483215,-0.3221096551153395,0,42
1596153559.029999,127.41622288703918,-0.3221096551153395,0,42
1596153559.039999,129.21750863075255,-0.3221096551153395,0,42
1596153559.049999,131.0168631839752,-0.3221096551153395,0,42
1596153559.059999,132.81733353614806,-0.3221096551153395,0,42
1596153559.069999,134.61763222694395,-0.3221096551153395,0,42
1596153559.079999,136.4188750553131,-0.3221096551153395,0,42
1596153559.089999,138.21904500007628,-0.3221096551153395,0,42
1596153559.099999,140.0186999607086,-0.3221096551153395,0,42
1596153559.109999,141.81668122291563,-0.3221096551153395,0,42
1596153559.119999,143.61573536872862,-0.3221096551153395,0,42
1596153559.129999,145.41714985847472,-0.3221096551153395,0,42
1596153559.139999,147.21834977149962,-0.3221096551153395,0,42
1596153559.149999,149.01890595436095,-0.3221096551153395,0,42
1596153559.159999,150.81787426948546,-0.3221096551153395,0,42
1596153559.169999,152.61894543647765,-0.3221096551153395,0,42
1596153559.1799989,154.41834290504454,-0.3221096551153395,0,42
1596153559.1899989,156.21902783393858,-0.3221096551153395,0,42
1596153559.1999989,158.01769574165343,-0.3221096551153395,0,42
1596153559.2099988,159.81674988746641,-0.3221096551153395,0,42
1596153559.2199988,161.61588986396788,-0.3221096551153395,0,42
1596153559.2299988,163.4188063907623,-0.3221096551153395,0,42
1596153559.2399988,165.21627266883849,-0.3221096551153395,0,42
1596153559.2499988,167.01687176704405,-0.3221096551153395,0,42
1596153559.2599988,168.817900018692,-0.3221096551153395,0,42
1596153559.2699988,170.61746914863585,-0.3221096551153395,0,42
1596153559.2799988,172.41562207221983,-0.3221096551153395,0,42
1596153559.2899988,174.21707947731016,-0.3221096551153395,0,42
1596153559.2999988,176.0186656284332,-0.3221096551153395,0,42
1596153559.3099988,177.81780560493468,-0.3221096551153395,0,42
1596153559.3199987,179.618361787796,-0.3221096551153395,0,42
1596153559.3299987,181.4181025791168,-0.3221096551153395,0,42
1596153559.3399987,183.21857293128966,-0.3221096551153395,0,42
1596153559.3499987,185.01582463264464,-0.3221096551153395,0,42
1596153559.3599987,186.81565125465391,-0.3221096551153395,0,42
1596153559.3699987,188.61676533699034,-0.3221096551153395,0,42
1596153559.3799987,190.41684945106505,-0.3221096551153395,0,42
1596153559.3899987,192.21624691963194,-0.3221096551153395,0,42
1596153559.3999987,194.0167172718048,-0.3221096551153395,0,42
1596153559.4099987,195.8177026081085,-0.3221096551153395,0,42
1596153559.4199986,197.61714299201964,-0.3221096551153395,0,42
1596153559.4299986,199.41585381507872,-0.3221096551153395,0,42
1596153559.4399986,201.21701081275938,-0.3221096551153395,0,42
1596153559.4499986,203.01760991096495,-0.3221096551153395,0,42
1596153559.4599986,204.8157199192047,-0.3221096551153395,0,42
1596153559.4699986,206.6189368534088,-0.3221096551153395,0,42
1596153559.4799986,208.41580231666563,-0.3221096551153395,0,42
1596153559.4899986,210.2167447376251,-0.3221096551153395,0,42
1596153559.4999986,212.01609929084776,-0.3221096551153395,0,42
1596153559.5099986,213.81751378059386,-0.3221096551153395,0,42
1596153559.5199986,215.6165250110626,-0.3221096551153395,0,42
1596153559.5299985,217.41841156959532,-0.3221096551153395,0,42
1596153559.5399985,219.21639283180235,-0.3221096551153395,0,42
1596153559.5499985,221.01845105171202,-0.3221096551153395,0,42
1596153559.5599985,222.8179343509674,-0.3221096551153395,0,42
1596153559.5699985,224.6161301898956,-0.3221096551153395,0,42
1596153559.5799985,226.4160855579376,-0.3221096551153395,0,42
1596153559.5899985,228.21848710060118,-0.3221096551153395,0,42
1596153559.5999985,230.01818497657774,-0.3221096551153395,0,42
1596153559.6099985,231.81706746101378,-0.3221096551153395,0,42
1596153559.6199985,233.6169369983673,-0.3221096551153395,0,42
1596153559.6299984,235.41843731880186,-0.3221096551153395,0,42
1596153559.6399984,237.21817811012266,-0.3221096551153395,0,42
1596153559.6499984,239.0176184940338,-0.3221096551153395,0,42
1596153559.6599984,240.81628640174864,-0.3221096551153395,0,42
1596153559.6699984,242.61568387031554,-0.3221096551153395,0,42
1596153559.6799984,244.41714127540587,-0.3221096551153395,0,42
1596153559.6899984,246.21572335243224,-0.3221096551153395,0,42
1596153559.6999984,248.01773865699766,-0.3221096551153395,0,42
1596153559.7099984,249.81747944831847,-0.3221096551153395,0,42
1596153559.7199984,251.61687691688536,-0.3221096551153395,0,42
1596153559.7299984,253.41829140663145,-0.3221096551153395,0,42
1596153559.7399983,255.21580060005186,-0.3221096551153395,0,42
1596153559.7499983,257.0168288516998,-0.3221096551153395,0,42
1596153559.7599983,258.8155396747589,-0.3221096551153395,0,42
1596153559.7699983,260.6183274555206,-0.3221096551153395,0,42
1596153559.7799983,262.4184115695953,-0.3221096551153395,0,42
1596153559.7899983,264.21819527626036,-0.3221096551153395,0,42
1596153559.7999983,266.018451051712,-0.3221096551153395,0,42
1596153559.8099983,267.8170331287384,-0.3221096551153395,0,42
1596153559.8199983,269.6161301898956,-0.3221096551153395,0,42
1596153559.8299983,271.41891797065733,-0.3221096551153395,0,42
1596153559.8399982,273.21767170906065,-0.3221096551153395,0,42
1596153559.8499982,275.0175841617584,-0.3221096551153395,0,42
1596153559.8599982,276.816209154129,-0.3221096551153395,0,42
1596153559.8699982,278.61667950630186,-0.3221096551153395,0,42
1596153559.8799982,280.4162057209015,-0.3221096551153395,0,42
1596153559.8899982,282.2172339725494,-0.3221096551153395,0,42
1596153559.8999982,284.0155156421661,-0.3221096551153395,0,42
1596153559.9099982,285.8179171848297,-0.3221096551153395,0,42
1596153559.9199982,287.61817296028136,-0.3221096551153395,0,42
1596153559.9299982,289.4177420902252,-0.3221096551153395,0,42
1596153559.9399981,291.21628125190733,-0.3221096551153395,0,42
1596153559.9499981,293.01748116493224,-0.3221096551153395,0,42
1596153559.9599981,294.8166211414337,-0.3221096551153395,0,42
1596153559.9699981,296.61730607032774,-0.3221096551153395,0,42
1596153559.979998,298.41648896217345,-0.3221096551153395,0,42
1596153559.989998,300.2168734836578,-0.3221096551153395,0,42
1596153559.999998,302.01777298927306,-0.3221096551153395,0,42
1596153560.009998,303.8162263202667,-0.3221096551153395,0,42
1596153560.019998,305.6155379581451,-0.3221096551153395,0,42
1596153560.029998,307.4175961780548,-0.3221096551153395,0,42
1596153560.039998,309.2178090381622,-0.3221096551153395,0,42
1596153560.049998,311.0173352527618,-0.3221096551153395,0,42
1596153560.059998,312.8158314990997,-0.3221096551153395,0,42
1596153560.069998,314.6162160205841,-0.3221096551153395,0,42
1596153560.079998,316.4187892246246,-0.3221096551153395,0,42
1596153560.089998,318.21844418525694,-0.3221096551153395,0,42
1596153560.099998,320.0187857913971,-0.3221096551153395,0,42
1596153560.109998,321.81792576789854,-0.3221096551153395,0,42
1596153560.119998,323.61723740577696,-0.3221096551153395,0,42
1596153560.129998,325.41650612831114,-0.3221096551153395,0,42
1596153560.139998,327.21804936408995,-0.3221096551153395,0,42
1596153560.149998,329.01654561042784,-0.3221096551153395,0,42
1596153560.159998,330.8183463382721,-0.3221096551153395,0,42
1596153560.169998,332.6162846851349,-0.3221096551153395,0,42
1596153560.179998,334.41658337593077,-0.3221096551153395,0,42
1596153560.189998,336.2181266117096,-0.3221096551153395,0,42
1596153560.199998,338.01713784217833,-0.3221096551153395,0,42
1596153560.209998,339.81868107795714,-0.3221096551153395,0,42
1596153560.219998,341.61764939308165,-0.3221096551153395,0,42
1596153560.2299979,343.4186776447296,-0.3221096551153395,0,42
1596153560.2399979,345.21846135139464,-0.3221096551153395,0,42
1596153560.2499979,347.01575596809386,-0.3221096551153395,0,42
1596153560.2599978,348.81764252662657,-0.3221096551153395,0,42
1596153560.2699978,350.61566670417784,-0.3221096551153395,0,42
1596153560.2799978,352.4172528553009,-0.3221096551153395,0,42
1596153560.2899978,354.2160065937042,-0.3221096551153395,0,42
1596153560.2999978,356.017549829483,-0.3221096551153395,0,42
1596153560.3099978,357.8171618747711,-0.3221096551153395,0,42
1596153560.3199978,359.6187051105499,-0.3221096551153395,0,42
1596153560.3221426,360,-0.3221096551153395,1
1596153560.3221426,0,0,0
1596153560.3307636,1.5517759323120117,0,0
1596153560.3307636,0.1551775932312011,-0.007758879661560059,0
1596153560.3321426,0.4058890342712401,-0.007758879661560059,0,42
1596153560.3358839,1.0768275260925293,-0.007758879661560059,0
1596153560.3358839,0.10768275260925288,-0.013143017292022705,0
1596153560.3421426,1.2355409145355225,-0.013143017292022705,0,42
1596153560.3521426,3.037169981002808,-0.013143017292022705,0,42
1596153560.3621426,4.834679174423218,-0.013143017292022705,0,42
1596153560.3721426,6.6362653255462645,-0.013143017292022705,0,42
1596153560.3821425,8.436220693588258,-0.013143017292022705,0,42
1596153560.3921425,10.235017347335816,-0.013143017292022705,0,42
1596153560.4021425,12.035530614852906,-0.013143017292022705,0,42
1596153560.4121425,13.837288427352906,-0.013143017292022705,0,42
1596153560.4221425,15.634411382675172,-0.013143017292022705,0,42
1596153560.4321425,17.434366750717164,-0.013143017292022705,0,42
1596153560.4421425,19.235352087020875,-0.013143017292022705,0,42
1596153560.4521425,21.037109899520875,-0.013143017292022705,0,42
1596153560.4621425,22.83590655326843,-0.013143017292022705,0,42
1596153560.4721425,24.63513236045837,-0.013143017292022705,0,42
1596153560.4821424,26.435516881942746,-0.013143017292022705,0,42
1596153560.4921424,28.237317609786984,-0.013143017292022705,0,42
1596153560.5021424,30.03521304130554,-0.013143017292022705,0,42
1596153560.5121424,31.835254240036008,-0.013143017292022705,0,42
1596153560.5221424,33.63525252342224,-0.013143017292022705,0,42
1596153560.5321424,35.43692450523376,-0.013143017292022705,0,42
1596153560.5421424,37.235077428817746,-0.013143017292022705,0,42
1596153560.5521424,39.03550486564636,-0.013143017292022705,0,42
1596153560.5621424,40.83550314903259,-0.013143017292022705,0,42
1596153560.5721424,42.63700346946716,-0.013143017292022705,0,42
1596153560.5821424,44.43725924491882,-0.013143017292022705,0,42
1596153560.5921423,46.23425345420837,-0.013143017292022705,0,42
1596153560.6021423,48.035882520675656,-0.013143017292022705,0,42
1596153560.6121423,49.83686785697937,-0.013143017292022705,0,42
1596153560.6221423,51.63579325675964,-0.013143017292022705,0,42
1596153560.6321423,53.43652110099792,-0.013143017292022705,0,42
1596153560.6421423,55.23574690818786,-0.013143017292022705,0,42
1596153560.6521423,57.037461805343625,-0.013143017292022705,0,42
1596153560.6621423,58.83458476066589,-0.013143017292022705,0,42
1596153560.6721423,60.63539843559265,-0.013143017292022705,0,42
1596153560.6821423,62.43668417930603,-0.013143017292022705,0,42
1596153560.6921422,64.2365108013153,-0.013143017292022705,0,42
1596153560.7021422,66.03620867729187,-0.013143017292022705,0,42
1596153560.7121422,67.8341899394989,-0.013143017292022705,0,42
1596153560.7221422,69.63646273612976,-0.013143017292022705,0,42
1596153560.7321422,71.43616061210632,-0.013143017292022705,0,42
1596153560.7421422,73.23645930290222,-0.013143017292022705,0,42
1596153560.7521422,75.03521304130554,-0.013143017292022705,0,42
1596153560.7621422,76.83516840934753,-0.013143017292022705,0,42
1596153560.7721422,78.635209608078,-0.013143017292022705,0,42
1596153560.7821422,80.43666701316833,-0.013143017292022705,0,42
1596153560.7921422,82.2367082118988,-0.013143017292022705,0,42
1596153560.8021421,84.03456072807312,-0.013143017292022705,0,42
1596153560.8121421,85.83606104850769,-0.013143017292022705,0,42
1596153560.8221421,87.63545851707458,-0.013143017292022705,0,42
1596153560.832142,89.43691592216491,-0.013143017292022705,0,42
1596153560.842142,91.23438220024109,-0.013143017292022705,0,42
1596153560.852142,93.03489546775818,-0.013143017292022705,0,42
1596153560.862142,94.83721117973327,-0.013143017292022705,0,42
1596153560.872142,96.63544993400573,-0.013143017292022705,0,42
1596153560.882142,98.43497614860534,-0.013143017292022705,0,42
1596153560.892142,100.23450236320495,-0.013143017292022705,0,42
1596153560.902142,102.03746180534363,-0.013143017292022705,0,42
1596153560.912142,103.83608679771423,-0.013143017292022705,0,42
1596153560.922142,105.63561301231384,-0.013143017292022705,0,42
1596153560.932142,107.43548254966736,-0.013143017292022705,0,42
1596153560.942142,109.23457961082458,-0.013143017292022705,0,42
1596153560.952142,111.03629450798034,-0.013143017292022705,0,42
1596153560.962142,112.83624987602234,-0.013143017292022705,0,42
1596153560.972142,114.6359477519989,-0.013143017292022705,0,42
1596153560.982142,116.43723349571228,-0.013143017292022705,0,42
1596153560.992142,118.23448519706726,-0.013143017292022705,0,42
1596153561.002142,120.03534178733825,-0.013143017292022705,0,42
1596153561.012142,121.83641295433044,-0.013143017292022705,0,42
1596153561.022142,123.63559584617614,-0.013143017292022705,0,42
1596153561.032142,125.43426375389099,-0.013143017292022705,0,42
1596153561.042142,127.23473410606384,-0.013143017292022705,0,42
1596153561.052142,129.03696398735048,-0.013143017292022705,0,42
1596153561.062142,130.83734850883485,-0.013143017292022705,0,42
1596153561.072142,132.63425688743592,-0.013143017292022705,0,42
1596153561.0821419,134.43459849357606,-0.013143017292022705,0,42
1596153561.0921419,136.23635630607606,-0.013143017292022705,0,42
1596153561.1021419,138.03712706565858,-0.013143017292022705,0,42
1596153561.1121418,139.83446459770204,-0.013143017292022705,0,42
1596153561.1221418,141.63467745780946,-0.013143017292022705,0,42
1596153561.1321418,143.43742232322694,-0.013143017292022705,0,42
1596153561.1421418,145.23729186058046,-0.013143017292022705,0,42
1596153561.1521418,147.03553061485292,-0.013143017292022705,0,42
1596153561.1621418,148.83724551200868,-0.013143017292022705,0,42
1596153561.1721418,150.63608508110048,-0.013143017292022705,0,42
1596153561.1821418,152.4366412639618,-0.013143017292022705,0,42
1596153561.1921418,154.23539500236512,-0.013143017292022705,0,42
1596153561.2021418,156.03638033866883,-0.013143017292022705,0,42
1596153561.2121418,157.83526282310487,-0.013143017292022705,0,42
1596153561.2221417,159.63478903770448,-0.013143017292022705,0,42
1596153561.2321417,161.4341006755829,-0.013143017292022705,0,42
1596153561.2421417,163.2365451335907,-0.013143017292022705,0,42
1596153561.2521417,165.03585677146913,-0.013143017292022705,0,42
1596153561.2621417,166.83495383262635,-0.013143017292022705,0,42
1596153561.2721417,168.63525252342225,-0.013143017292022705,0,42
1596153561.2821417,170.4353795528412,-0.013143017292022705,0,42
1596153561.2921417,172.23632197380067,-0.013143017292022705,0,42
1596153561.3021417,174.03580527305604,-0.013143017292022705,0,42
1596153561.3121417,175.83421568870546,-0.013143017292022705,0,42
1596153561.3221416,177.6351151943207,-0.013143017292022705,0,42
1596153561.3321416,179.43421225547792,-0.013143017292022705,0,42
1596153561.3421416,181.23652796745301,-0.013143017292022705,0,42
1596153561.3521416,183.036483335495,-0.013143017292022705,0,42
1596153561.3621416,184.83600955009462,-0.013143017292022705,0,42
1596153561.3721416,186.63519244194032,-0.013143017292022705,0,42
1596153561.3821416,188.43484740257264,-0.013143017292022705,0,42
1596153561.3921416,190.23694853782655,-0.013143017292022705,0,42
1596153561.4021416,192.03737597465516,-0.013143017292022705,0,42
1596153561.4121416,193.8363872051239,-0.013143017292022705,0,42
1596153561.4221416,195.6356559276581,-0.013143017292022705,0,42
1596153561.4321415,197.4369845867157,-0.013143017292022705,0,42
1596153561.4421415,199.23556666374208,-0.013143017292022705,0,42
1596153561.4521415,201.03535037040712,-0.013143017292022705,0,42
1596153561.4621415,202.834747838974,-0.013143017292022705,0,42
1596153561.4721415,204.63496069908143,-0.013143017292022705,0,42
1596153561.4821415,206.436461019516,-0.013143017292022705,0,42
1596153561.4921415,208.2349572658539,-0.013143017292022705,0,42
1596153561.5021415,210.0348268032074,-0.013143017292022705,0,42
1596153561.5121415,211.83654170036317,-0.013143017292022705,0,42
1596153561.5221415,213.63555293083192,-0.013143017292022705,0,42
1596153561.5321414,215.4350362300873,-0.013143017292022705,0,42
1596153561.5421414,217.2373519420624,-0.013143017292022705,0,42
1596153561.5521414,219.03438906669618,-0.013143017292022705,0,42
1596153561.5621414,220.83524565696717,-0.013143017292022705,0,42
1596153561.5721414,222.63563017845155,-0.013143017292022705,0,42
1596153561.5821414,224.43683009147645,-0.013143017292022705,0,42
1596153561.5921414,226.23687129020692,-0.013143017292022705,0,42
1596153561.6021414,228.0372558116913,-0.013143017292022705,0,42
1596153561.6121414,229.83592371940614,-0.013143017292022705,0,42
1596153561.6221414,231.63630824089051,-0.013143017292022705,0,42
1596153561.6321414,233.4342465877533,-0.013143017292022705,0,42
1596153561.6421413,235.23437361717225,-0.013143017292022705,0,42
1596153561.6521413,237.03548769950868,-0.013143017292022705,0,42
1596153561.6621413,238.83419852256776,-0.013143017292022705,0,42
1596153561.6721413,240.6352267742157,-0.013143017292022705,0,42
1596153561.6821413,242.43419508934022,-0.013143017292022705,0,42
1596153561.6921413,244.2362533092499,-0.013143017292022705,0,42
1596153561.7021413,246.03552203178407,-0.013143017292022705,0,42
1596153561.7121413,247.83594946861268,-0.013143017292022705,0,42
1596153561.7221413,249.6365914821625,-0.013143017292022705,0,42
1596153561.7321413,251.43504481315614,-0.013143017292022705,0,42
1596153561.7421412,253.23487143516542,-0.013143017292022705,0,42
1596153561.7521412,255.0359426021576,-0.013143017292022705,0,42
1596153561.7621412,256.83684210777284,-0.013143017292022705,0,42
1596153561.7721412,258.6348662853241,-0.013143017292022705,0,42
1596153561.7821412,260.43443541526796,-0.013143017292022705,0,42
1596153561.7921412,262.2350345134735,-0.013143017292022705,0,42
1596153561.8021412,264.03460364341737,-0.013143017292022705,0,42
1596153561.8121412,265.8346877574921,-0.013143017292022705,0,42
1596153561.8221412,267.6364455699921,-0.013143017292022705,0,42
1596153561.8321412,269.43502764701844,-0.013143017292022705,0,42
1596153561.8421412,271.2342963695526,-0.013143017292022705,0,42
1596153561.8521411,273.03644042015077,-0.013143017292022705,0,42
1596153561.8621411,274.8353229045868,-0.013143017292022705,0,42
1596153561.8721411,276.6351495265961,-0.013143017292022705,0,42
1596153561.882141,278.4348044872284,-0.013143017292022705,0,42
1596153561.892141,280.2340732097626,-0.013143017292022705,0,42
1596153561.902141,282.0355306148529,-0.013143017292022705,0,42
1596153561.912141,283.8350139141083,-0.013143017292022705,0,42
1596153561.922141,285.63471179008485,-0.013143017292022705,0,42
1596153561.932141,287.43522505760194,-0.013143017292022705,0,42
1596153561.942141,289.235909986496,-0.013143017292022705,0,42
1596153561.952141,291.03685240745546,-0.013143017292022705,0,42
1596153561.962141,292.83410410881044,-0.013143017292022705,0,42
1596153561.972141,294.6340165615082,-0.013143017292022705,0,42
1596153561.982141,296.43684725761415,-0.013143017292022705,0,42
1596153561.992141,298.23435645103456,-0.013143017292022705,0,42
1596153562.002141,300.03688673973085,-0.013143017292022705,0,42
1596153562.012141,301.83619837760926,-0.013143017292022705,0,42
1596153562.022141,303.63602499961854,-0.013143017292022705,0,42
1596153562.032141,305.43735365867616,-0.013143017292022705,0,42
1596153562.042141,307.23632197380067,-0.013143017292022705,0,42
1596153562.052141,309.03593401908876,-0.013143017292022705,0,42
1596153562.062141,310.8370910167694,-0.013143017292022705,0,42
1596153562.072141,312.6370463848114,-0.013143017292022705,0,42
1596153562.082141,314.4362292766571,-0.013143017292022705,0,42
1596153562.092141,316.2341676235199,-0.013143017292022705,0,42
1596153562.102141,318.0340371608734,-0.013143017292022705,0,42
1596153562.112141,319.83493666648866,-0.013143017292022705,0,42
1596153562.122141,321.6343770503998,-0.013143017292022705,0,42
1596153562.1321409,323.435276556015,-0.013143017292022705,0,42
1596153562.1421409,325.23673396110536,-0.013143017292022705,0,42
1596153562.1521409,327.03570227622987,-0.013143017292022705,0,42
1596153562.1621408,328.8362584590912,-0.013143017292022705,0,42
1596153562.1721408,330.63707213401796,-0.013143017292022705,0,42
1596153562.1821408,332.43432383537294,-0.013143017292022705,0,42
1596153562.1921408,334.2367253780365,-0.013143017292022705,0,42
1596153562.2021408,336.0351357936859,-0.013143017292022705,0,42
1596153562.2121408,337.8353915691376,-0.013143017292022705,0,42
1596153562.2221408,339.63466029167176,-0.013143017292022705,0,42
1596153562.2321408,341.434658575058,-0.013143017292022705,0,42
1596153562.2421408,343.23590140342714,-0.013143017292022705,0,42
1596153562.2521408,345.03499846458436,-0.013143017292022705,0,42
1596153562.2621408,346.8367133617401,-0.013143017292022705,0,42
1596153562.2721407,348.63546710014344,-0.013143017292022705,0,42
1596153562.2821407,350.43701033592225,-0.013143017292022705,0,42
1596153562.2921407,352.2356782436371,-0.013143017292022705,0,42
1596153562.3021407,354.03606276512147,-0.013143017292022705,0,42
1596153562.3121407,355.8361897945404,-0.013143017292022705,0,42
1596153562.3221407,357.633913564682,-0.013143017292022705,0,42
1596153562.3321407,359.4349847316742,-0.013143017292022705,0,42
1596153562.3352985,360,-0.013143017292022705,1
1596153562.3352985,0,0,0
1596153562.3452985,1.8031740188598633,0,0,42
1596153562.3509953,2.8254175186157227,0,0
1596153562.3509953,0.28254175186157215,-0.014127087593078614,0
1596153562.3523808,0.5319228172302245,-0.014127087593078614,0
1596153562.3523808,0.053192281723022435,-0.016786701679229736,0
1596153562.3552985,0.5799781322479248,-0.016786701679229736,0,42
1596153562.3652985,2.379761838912964,-0.016786701679229736,0,42
1596153562.3752985,4.179459714889527,-0.016786701679229736,0,42
1596153562.3852985,5.981689596176148,-0.016786701679229736,0,42
1596153562.3952985,7.781687879562378,-0.016786701679229736,0,42
1596153562.4052985,9.581342840194703,-0.016786701679229736,0,42
1596153562.4152985,11.379195356369017,-0.016786701679229736,0,42
1596153562.4252985,13.180824422836302,-0.016786701679229736,0,42
1596153562.4352984,14.9811231136322,-0.016786701679229736,0,42
1596153562.4452984,16.77961935997009,-0.016786701679229736,0,42
1596153562.4552984,18.57867350578308,-0.016786701679229736,0,42
1596153562.4652984,20.378543043136595,-0.016786701679229736,0,42
1596153562.4752984,22.18145956993103,-0.016786701679229736,0,42
1596153562.4852984,23.97918334007263,-0.016786701679229736,0,42
1596153562.4952984,25.7792245388031,-0.016786701679229736,0,42
1596153562.5052984,27.58145442008972,-0.016786701679229736,0,42
1596153562.5152984,29.379864835739134,-0.016786701679229736,0,42
1596153562.5252984,31.181408071517943,-0.016786701679229736,0,42
1596153562.5352983,32.979646825790404,-0.016786701679229736,0,42
1596153562.5452983,34.77925887107849,-0.016786701679229736,0,42
1596153562.5552983,36.5787850856781,-0.016786701679229736,0,42
1596153562.5652983,38.37848296165466,-0.016786701679229736,0,42
1596153562.5752983,40.17981162071228,-0.016786701679229736,0,42
1596153562.5852983,41.981140279769896,-0.016786701679229736,0,42
1596153562.5952983,43.78135313987732,-0.016786701679229736,0,42
1596153562.6052983,45.58160891532898,-0.016786701679229736,0,42
1596153562.6152983,47.380663061141966,-0.016786701679229736,0,42
1596153562.6252983,49.17937388420105,-0.016786701679229736,0,42
1596153562.6352983,50.98134627342224,-0.016786701679229736,0,42
1596153562.6452982,52.78151621818542,-0.016786701679229736,0,42
1596153562.6552982,54.58069911003113,-0.016786701679229736,0,42
1596153562.6652982,56.378508710861205,-0.016786701679229736,0,42
1596153562.6752982,58.181511068344115,-0.016786701679229736,0,42
1596153562.6852982,59.979106092453,-0.016786701679229736,0,42
1596153562.6952982,61.78069224357605,-0.016786701679229736,0,42
1596153562.7052982,63.57983222007751,-0.016786701679229736,0,42
1596153562.7152982,65.38013091087342,-0.016786701679229736,0,42
1596153562.7252982,67.1805154323578,-0.016786701679229736,0,42
1596153562.7352982,68.98072829246522,-0.016786701679229736,0,42
1596153562.7452981,70.77875247001649,-0.016786701679229736,0,42
1596153562.7552981,72.57965197563172,-0.016786701679229736,0,42
1596153562.7652981,74.3792640209198,-0.016786701679229736,0,42
1596153562.775298,76.17973437309266,-0.016786701679229736,0,42
1596153562.785298,77.97926058769227,-0.016786701679229736,0,42
1596153562.795298,79.7787009716034,-0.016786701679229736,0,42
1596153562.805298,81.57861342430115,-0.016786701679229736,0,42
1596153562.815298,83.38097205162049,-0.016786701679229736,0,42
1596153562.825298,85.18011202812195,-0.016786701679229736,0,42
1596153562.835298,86.98071112632752,-0.016786701679229736,0,42
1596153562.845298,88.77856364250184,-0.016786701679229736,0,42
1596153562.855298,90.58092226982117,-0.016786701679229736,0,42
1596153562.865298,92.37989058494568,-0.016786701679229736,0,42
1596153562.875298,94.17911639213563,-0.016786701679229736,0,42
1596153562.885298,95.97864260673524,-0.016786701679229736,0,42
1596153562.895298,97.7792417049408,-0.016786701679229736,0,42
1596153562.905298,99.5789824962616,-0.016786701679229736,0,42
1596153562.915298,101.38116946220399,-0.016786701679229736,0,42
1596153562.925298,103.18155398368836,-0.016786701679229736,0,42
1596153562.935298,104.9787627696991,-0.016786701679229736,0,42
1596153562.945298,106.7787181377411,-0.016786701679229736,0,42
1596153562.955298,108.58103384971619,-0.016786701679229736,0,42
1596153562.965298,110.37935843467713,-0.016786701679229736,0,42
1596153562.975298,112.1803008556366,-0.016786701679229736,0,42
1596153562.985298,113.98137202262879,-0.016786701679229736,0,42
1596153562.995298,115.7814561367035,-0.016786701679229736,0,42
1596153563.005298,117.57840743064881,-0.016786701679229736,0,42
1596153563.015298,119.37887778282166,-0.016786701679229736,0,42
1596153563.0252979,121.17827525138856,-0.016786701679229736,0,42
1596153563.0352979,122.97887434959412,-0.016786701679229736,0,42
1596153563.0452979,124.77895846366883,-0.016786701679229736,0,42
1596153563.0552979,126.57925715446473,-0.016786701679229736,0,42
1596153563.0652978,128.38015666007996,-0.016786701679229736,0,42
1596153563.0752978,130.1816140651703,-0.016786701679229736,0,42
1596153563.0852978,131.97972407341004,-0.016786701679229736,0,42
1596153563.0952978,133.78036608695984,-0.016786701679229736,0,42
1596153563.1052978,135.5788194179535,-0.016786701679229736,0,42
1596153563.1152978,137.3800193309784,-0.016786701679229736,0,42
1596153563.1252978,139.1803180217743,-0.016786701679229736,0,42
1596153563.1352978,140.97885718345643,-0.016786701679229736,0,42
1596153563.1452978,142.7799283504486,-0.016786701679229736,0,42
1596153563.1552978,144.57984080314637,-0.016786701679229736,0,42
1596153563.1652977,146.38155570030213,-0.016786701679229736,0,42
1596153563.1752977,148.18043818473816,-0.016786701679229736,0,42
1596153563.1852977,149.9804364681244,-0.016786701679229736,0,42
1596153563.1952977,151.78120722770691,-0.016786701679229736,0,42
1596153563.2052977,153.58090510368348,-0.016786701679229736,0,42
1596153563.2152977,155.38150420188904,-0.016786701679229736,0,42
1596153563.2252977,157.17879881858826,-0.016786701679229736,0,42
1596153563.2352977,158.98132910728455,-0.016786701679229736,0,42
1596153563.2452977,160.77952494621277,-0.016786701679229736,0,42
1596153563.2552977,162.57943739891053,-0.016786701679229736,0,42
1596153563.2652977,164.38110938072205,-0.016786701679229736,0,42
1596153563.2752976,166.180335187912,-0.016786701679229736,0,42
1596153563.2852976,167.9798614025116,-0.016786701679229736,0,42
1596153563.2952976,169.77840056419373,-0.016786701679229736,0,42
1596153563.3052976,171.5799008846283,-0.016786701679229736,0,42
1596153563.3152976,173.38062872886658,-0.016786701679229736,0,42
1596153563.3252976,175.17929663658143,-0.016786701679229736,0,42
1596153563.3352976,176.98152651786805,-0.016786701679229736,0,42
1596153563.3452976,178.78045191764832,-0.016786701679229736,0,42
1596153563.3552976,180.58014979362486,-0.016786701679229736,0,42
1596153563.3652976,182.37928977012632,-0.016786701679229736,0,42
1596153563.3752975,184.17950263023374,-0.016786701679229736,0,42
1596153563.3852975,185.97855677604673,-0.016786701679229736,0,42
1596153563.3952975,187.78057208061216,-0.016786701679229736,0,42
1596153563.4052975,189.5786820888519,-0.016786701679229736,0,42
1596153563.4152975,191.3788520336151,-0.016786701679229736,0,42
1596153563.4252975,193.17953696250913,-0.016786701679229736,0,42
1596153563.4352975,194.97970690727232,-0.016786701679229736,0,42
1596153563.4452975,196.78000559806821,-0.016786701679229736,0,42
1596153563.4552975,198.5787164211273,-0.016786701679229736,0,42
1596153563.4652975,200.37995924949644,-0.016786701679229736,0,42
1596153563.4752975,202.18047251701353,-0.016786701679229736,0,42
1596153563.4852974,203.98158659934995,-0.016786701679229736,0,42
1596153563.4952974,205.77926745414732,-0.016786701679229736,0,42
1596153563.5052974,207.57857909202573,-0.016786701679229736,0,42
1596153563.5152974,209.38102355003355,-0.016786701679229736,0,42
1596153563.5252974,211.17844691276548,-0.016786701679229736,0,42
1596153563.5352974,212.97964682579038,-0.016786701679229736,0,42
1596153563.5452974,214.77990260124204,-0.016786701679229736,0,42
1596153563.5552974,216.5783559322357,-0.016786701679229736,0,42
1596153563.5652974,218.37856879234312,-0.016786701679229736,0,42
1596153563.5752974,220.17946829795835,-0.016786701679229736,0,42
1596153563.5852973,221.97950949668882,-0.016786701679229736,0,42
1596153563.5952973,223.7802373409271,-0.016786701679229736,0,42
1596153563.6052973,225.579634809494,-0.016786701679229736,0,42
1596153563.6152973,227.38100638389585,-0.016786701679229736,0,42
1596153563.6252973,229.18164839744566,-0.016786701679229736,0,42
1596153563.6352973,230.98134627342222,-0.016786701679229736,0,42
1596153563.6452973,232.78057208061216,-0.016786701679229736,0,42
1596153563.6552973,234.57838168144224,-0.016786701679229736,0,42
1596153563.6652973,236.38112654685972,-0.016786701679229736,0,42
1596153563.6752973,238.1792794704437,-0.016786701679229736,0,42
1596153563.6852973,239.97837653160093,-0.016786701679229736,0,42
1596153563.6952972,241.78107848167417,-0.016786701679229736,0,42
1596153563.7052972,243.58043303489683,-0.016786701679229736,0,42
1596153563.7152972,245.37888636589048,-0.016786701679229736,0,42
1596153563.7252972,247.18064417839048,-0.016786701679229736,0,42
1596153563.7352972,248.97841086387632,-0.016786701679229736,0,42
1596153563.7452972,250.78021159172056,-0.016786701679229736,0,42
1596153563.7552972,252.5799952983856,-0.016786701679229736,0,42
1596153563.7652972,254.37887778282163,-0.016786701679229736,0,42
1596153563.7752972,256.1799489498138,-0.016786701679229736,0,42
1596153563.7852972,257.9798614025116,-0.016786701679229736,0,42
1596153563.7952971,259.7811042308807,-0.016786701679229736,0,42
1596153563.8052971,261.5814029216766,-0.016786701679229736,0,42
1596153563.8152971,263.38007082939146,-0.016786701679229736,0,42
1596153563.825297,265.1795541286468,-0.016786701679229736,0,42
1596153563.835297,266.97942366600034,-0.016786701679229736,0,42
1596153563.845297,268.77950778007505,-0.016786701679229736,0,42
1596153563.855297,270.58083643913267,-0.016786701679229736,0,42
1596153563.865297,272.3806201457977,-0.016786701679229736,0,42
1596153563.875297,274.1810046672821,-0.016786701679229736,0,42
1596153563.885297,275.9787713527679,-0.016786701679229736,0,42
1596153563.895297,277.779284620285,-0.016786701679229736,0,42
1596153563.905297,279.58142867088316,-0.016786701679229736,0,42
1596153563.915297,281.3805686473846,-0.016786701679229736,0,42
1596153563.925297,283.17897906303403,-0.016786701679229736,0,42
1596153563.935297,284.98017897605894,-0.016786701679229736,0,42
1596153563.945297,286.7803489208221,-0.016786701679229736,0,42
1596153563.955297,288.580819272995,-0.016786701679229736,0,42
1596153563.965297,290.38107504844663,-0.016786701679229736,0,42
1596153563.975297,292.17824091911314,-0.016786701679229736,0,42
1596153563.985297,293.9794837474823,-0.016786701679229736,0,42
1596153563.995297,295.7800399303436,-0.016786701679229736,0,42
1596153564.005297,297.5808106899261,-0.016786701679229736,0,42
1596153564.015297,299.38025107383726,-0.016786701679229736,0,42
1596153564.025297,301.18042101860044,-0.016786701679229736,0,42
1596153564.035297,302.9813634395599,-0.016786701679229736,0,42
1596153564.045297,304.7784863948822,-0.016786701679229736,0,42
1596153564.055297,306.57908549308775,-0.016786701679229736,0,42
1596153564.065297,308.38105788230894,-0.016786701679229736,0,42
1596153564.0752969,310.17848124504087,-0.016786701679229736,0,42
1596153564.0852969,311.9811402797699,-0.016786701679229736,0,42
1596153564.0952969,313.7780915737152,-0.016786701679229736,0,42
1596153564.1052969,315.580536031723,-0.016786701679229736,0,42
1596153564.1152968,317.3791610240936,-0.016786701679229736,0,42
1596153564.1252968,319.1785584926605,-0.016786701679229736,0,42
1596153564.1352968,320.978428030014,-0.016786701679229736,0,42
1596153564.1452968,322.7798425197601,-0.016786701679229736,0,42
1596153564.1552968,324.57906832695005,-0.016786701679229736,0,42
1596153564.1652968,326.3787232875824,-0.016786701679229736,0,42
1596153564.1752968,328.18043818473814,-0.016786701679229736,0,42
1596153564.1852968,329.97863402366636,-0.016786701679229736,0,42
1596153564.1952968,331.7795335292816,-0.016786701679229736,0,42
1596153564.2052968,333.58034720420835,-0.016786701679229736,0,42
1596153564.2152967,335.3784572124481,-0.016786701679229736,0,42
1596153564.2252967,337.1782838344574,-0.016786701679229736,0,42
1596153564.2352967,338.97811045646665,-0.016786701679229736,0,42
1596153564.2452967,340.78119864463804,-0.016786701679229736,0,42
1596153564.2552967,342.57973780632017,-0.016786701679229736,0,42
1596153564.2652967,344.3796502590179,-0.016786701679229736,0,42
1596153564.2752967,346.18145098686216,-0.016786701679229736,0,42
1596153564.2852967,347.97926058769224,-0.016786701679229736,0,42
1596153564.2952967,349.7803317546844,-0.016786701679229736,0,42
1596153564.3052967,351.58067336082456,-0.016786701679229736,0,42
1596153564.3152966,353.3812295436859,-0.016786701679229736,0,42
1596153564.3252966,355.1790820598602,-0.016786701679229736,0,42
1596153564.3352966,356.97933783531187,-0.016786701679229736,0,42
1596153564.3452966,358.7781344890594,-0.016786701679229736,0,42
1596153564.3520997,360,-0.016786701679229736,1
1596153564.3520997,0,0,0
1596153564.3574984,0.9717750549316406,0,0
1596153564.3574984,0.09717750549316397,-0.004858875274658204,0
1596153564.3620996,0.9272890090942382,-0.004858875274658204,0,42
1596153564.3720996,2.726300239562988,-0.004858875274658204,0,42
1596153564.3820996,4.527070999145508,-0.004858875274658204,0,42
1596153564.3920996,6.325824737548828,-0.004858875274658204,0,42
1596153564.4020996,8.12629508972168,-0.004858875274658204,0,42
1596153564.4120996,9.926894187927246,-0.004858875274658204,0,42
1596153564.4220996,11.725562095642092,-0.004858875274658204,0,42
1596153564.4320996,13.528264045715334,-0.004858875274658204,0,42
1596153564.4420996,15.326803207397463,-0.004858875274658204,0,42
1596153564.4520996,17.125900268554688,-0.004858875274658204,0,42
1596153564.4620996,18.92538356781006,-0.004858875274658204,0,42
1596153564.4720995,20.72611141204834,-0.004858875274658204,0,42
1596153564.4820995,22.525465965270996,-0.004858875274658204,0,42
1596153564.4920995,24.328296661376953,-0.004858875274658204,0,42
1596153564.5020995,26.126063346862793,-0.004858875274658204,0,42
1596153564.5120995,27.92661952972412,-0.004858875274658204,0,42
1596153564.5220995,29.726746559143066,-0.004858875274658204,0,42
1596153564.5320995,31.526229858398438,-0.004858875274658204,0,42
1596153564.5420995,33.32798767089844,-0.004858875274658204,0,42
1596153564.5520995,35.128329277038574,-0.004858875274658204,0,42
1596153564.5620995,36.92648220062256,-0.004858875274658204,0,42
1596153564.5720994,38.72746753692627,-0.004858875274658204,0,42
1596153564.5820994,40.52540588378906,-0.004858875274658204,0,42
1596153564.5920994,42.32548999786377,-0.004858875274658204,0,42
1596153564.6020994,44.12596035003662,-0.004858875274658204,0,42
1596153564.6120994,45.928190231323235,-0.004858875274658204,0,42
1596153564.6220994,47.72861766815185,-0.004858875274658204,0,42
1596153564.6320994,49.52857303619384,-0.004858875274658204,0,42
1596153564.6420994,51.327713012695305,-0.004858875274658204,0,42
1596153564.6520994,53.126981735229485,-0.004858875274658204,0,42
1596153564.6620994,54.92642211914062,-0.004858875274658204,0,42
1596153564.6720994,56.727235794067376,-0.004858875274658204,0,42
1596153564.6820993,58.52697658538818,-0.004858875274658204,0,42
1596153564.6920993,60.32637405395507,-0.004858875274658204,0,42
1596153564.7020993,62.12873268127441,-0.004858875274658204,0,42
1596153564.7120993,63.92774391174316,-0.004858875274658204,0,42
1596153564.7220993,65.7257251739502,-0.004858875274658204,0,42
1596153564.7320993,67.52662467956543,-0.004858875274658204,0,42
1596153564.7420993,69.32559299468994,-0.004858875274658204,0,42
1596153564.7520993,71.1269645690918,-0.004858875274658204,0,42
1596153564.7620993,72.92855072021484,-0.004858875274658204,0,42
1596153564.7720993,74.72687530517578,-0.004858875274658204,0,42
1596153564.7820992,76.52657318115234,-0.004858875274658204,0,42
1596153564.7920992,78.32845973968506,-0.004858875274658204,0,42
1596153564.8020992,80.1282434463501,-0.004858875274658204,0,42
1596153564.8120992,81.92618179321289,-0.004858875274658204,0,42
1596153564.8220992,83.7282829284668,-0.004858875274658204,0,42
1596153564.8320992,85.52536296844482,-0.004858875274658204,0,42
1596153564.8420992,87.32600498199463,-0.004858875274658204,0,42
1596153564.8520992,89.12600326538086,-0.004858875274658204,0,42
1596153564.8620992,90.9261302947998,-0.004858875274658204,0,42
1596153564.8720992,92.72853183746338,-0.004858875274658204,0,42
1596153564.8820992,94.52698516845703,-0.004858875274658204,0,42
1596153564.8920991,96.32676887512207,-0.004858875274658204,0,42
1596153564.9020991,98.12715339660645,-0.004858875274658204,0,42
1596153564.9120991,99.92869663238525,-0.004858875274658204,0,42
1596153564.922099,101.72564792633057,-0.004858875274658204,0,42
1596153564.932099,103.52774906158447,-0.004858875274658204,0,42
1596153564.942099,105.32766151428223,-0.004858875274658204,0,42
1596153564.952099,107.1280460357666,-0.004858875274658204,0,42
1596153564.962099,108.92538356781006,-0.004858875274658204,0,42
1596153564.972099,110.725510597229,-0.004858875274658204,0,42
1596153564.982099,112.52623844146729,-0.004858875274658204,0,42
1596153564.992099,114.32602214813232,-0.004858875274658204,0,42
1596153565.002099,116.12537670135498,-0.004858875274658204,0,42
1596153565.012099,117.92773532867432,-0.004858875274658204,0,42
1596153565.022099,119.7270040512085,-0.004858875274658204,0,42
1596153565.032099,121.52537155151367,-0.004858875274658204,0,42
1596153565.042099,123.32614231109619,-0.004858875274658204,0,42
1596153565.052099,125.12528228759766,-0.004858875274658204,0,42
1596153565.062099,126.92845630645752,-0.004858875274658204,0,42
1596153565.072099,128.728497505188,-0.004858875274658204,0,42
1596153565.082099,130.52755165100098,-0.004858875274658204,0,42
1596153565.092099,132.32815074920654,-0.004858875274658204,0,42
1596153565.102099,134.12553119659424,-0.004858875274658204,0,42
1596153565.112099,135.9260015487671,-0.004858875274658204,0,42
1596153565.122099,137.72818851470947,-0.004858875274658204,0,42
1596153565.132099,139.52544021606445,-0.004858875274658204,0,42
1596153565.142099,141.32831382751465,-0.004858875274658204,0,42
1596153565.152099,143.12715339660645,-0.004858875274658204,0,42
1596153565.162099,144.92715167999268,-0.004858875274658204,0,42
1596153565.1720989,146.72727870941162,-0.004858875274658204,0,42
1596153565.1820989,148.526762008667,-0.004858875274658204,0,42
1596153565.1920989,150.32671737670898,-0.004858875274658204,0,42
1596153565.2020988,152.1286039352417,-0.004858875274658204,0,42
1596153565.2120988,153.92649936676025,-0.004858875274658204,0,42
1596153565.2220988,155.72701263427734,-0.004858875274658204,0,42
1596153565.2320988,157.52675342559814,-0.004858875274658204,0,42
1596153565.2420988,159.32636547088623,-0.004858875274658204,0,42
1596153565.2520988,161.1270933151245,-0.004858875274658204,0,42
1596153565.2620988,162.92627620697021,-0.004858875274658204,0,42
1596153565.2720988,164.72614574432373,-0.004858875274658204,0,42
1596153565.2820988,166.52580070495605,-0.004858875274658204,0,42
1596153565.2920988,168.32631397247314,-0.004858875274658204,0,42
1596153565.3020988,170.12536811828613,-0.004858875274658204,0,42
1596153565.3120987,171.92781257629395,-0.004858875274658204,0,42
1596153565.3220987,173.72746753692627,-0.004858875274658204,0,42
1596153565.3320987,175.52630710601807,-0.004858875274658204,0,42
1596153565.3420987,177.32703495025635,-0.004858875274658204,0,42
1596153565.3520987,179.1267328262329,-0.004858875274658204,0,42
1596153565.3620987,180.9262161254883,-0.004858875274658204,0,42
1596153565.3720987,182.72630023956302,-0.004858875274658204,0,42
1596153565.3820987,184.52822971343997,-0.004858875274658204,0,42
1596153565.3920987,186.32805633544925,-0.004858875274658204,0,42
1596153565.4020987,188.12668132781985,-0.004858875274658204,0,42
1596153565.4120986,189.92633628845218,-0.004858875274658204,0,42
1596153565.4220986,191.72650623321536,-0.004858875274658204,0,42
1596153565.4320986,193.52611827850345,-0.004858875274658204,0,42
1596153565.4420986,195.3273611068726,-0.004858875274658204,0,42
1596153565.4520986,197.12727355957034,-0.004858875274658204,0,42
1596153565.4620986,198.92559814453128,-0.004858875274658204,0,42
1596153565.4720986,200.72709846496585,-0.004858875274658204,0,42
1596153565.4820986,202.5272254943848,-0.004858875274658204,0,42
1596153565.4920986,204.32761001586917,-0.004858875274658204,0,42
1596153565.5020986,206.12790870666507,-0.004858875274658204,0,42
1596153565.5120986,207.92593288421634,-0.004858875274658204,0,42
1596153565.5220985,209.72601699829104,-0.004858875274658204,0,42
1596153565.5320985,211.52803230285647,-0.004858875274658204,0,42
1596153565.5420985,213.3254556655884,-0.004858875274658204,0,42
1596153565.5520985,215.12691307067874,-0.004858875274658204,0,42
1596153565.5620985,216.9259243011475,-0.004858875274658204,0,42
1596153565.5720985,218.7254505157471,-0.004858875274658204,0,42
1596153565.5820985,220.5272083282471,-0.004858875274658204,0,42
1596153565.5920985,222.3276357650757,-0.004858875274658204,0,42
1596153565.6020985,224.12686157226565,-0.004858875274658204,0,42
1596153565.6120985,225.92617321014407,-0.004858875274658204,0,42
1596153565.6220984,227.72754478454593,-0.004858875274658204,0,42
1596153565.6320984,229.5278005599976,-0.004858875274658204,0,42
1596153565.6420984,231.32758426666263,-0.004858875274658204,0,42
1596153565.6520984,233.1267242431641,-0.004858875274658204,0,42
1596153565.6620984,234.9277095794678,-0.004858875274658204,0,42
1596153565.6720984,236.72642040252688,-0.004858875274658204,0,42
1596153565.6820984,238.5279636383057,-0.004858875274658204,0,42
1596153565.6920984,240.3272752761841,-0.004858875274658204,0,42
1596153565.7020984,242.12838935852054,-0.004858875274658204,0,42
1596153565.7120984,243.92701435089114,-0.004858875274658204,0,42
1596153565.7220984,245.72688388824466,-0.004858875274658204,0,42
1596153565.7320983,247.52709674835208,-0.004858875274658204,0,42
1596153565.7420983,249.32537841796878,-0.004858875274658204,0,42
1596153565.7520983,251.12623500823977,-0.004858875274658204,0,42
1596153565.7620983,252.92631912231448,-0.004858875274658204,0,42
1596153565.7720983,254.72678947448733,-0.004858875274658204,0,42
1596153565.7820983,256.5251569747925,-0.004858875274658204,0,42
1596153565.7920983,258.32777309417725,-0.004858875274658204,0,42
1596153565.8020983,260.1253252029419,-0.004858875274658204,0,42
1596153565.8120983,261.9259672164917,-0.004858875274658204,0,42
1596153565.8220983,263.72596549987793,-0.004858875274658204,0,42
1596153565.8320982,265.5278949737549,-0.004858875274658204,0,42
1596153565.8420982,267.32660579681396,-0.004858875274658204,0,42
1596153565.8520982,269.1253595352173,-0.004858875274658204,0,42
1596153565.8620982,270.9273748397827,-0.004858875274658204,0,42
1596153565.8720982,272.7273302078247,-0.004858875274658204,0,42
1596153565.8820982,274.5284013748169,-0.004858875274658204,0,42
1596153565.8920982,276.3261251449585,-0.004858875274658204,0,42
1596153565.9020982,278.12792587280273,-0.004858875274658204,0,42
1596153565.9120982,279.9275379180908,-0.004858875274658204,0,42
1596153565.9220982,281.72719287872314,-0.004858875274658204,0,42
1596153565.9320982,283.52804946899414,-0.004858875274658204,0,42
1596153565.9420981,285.3253870010376,-0.004858875274658204,0,42
1596153565.9520981,287.1253423690796,-0.004858875274658204,0,42
1596153565.9620981,288.9282159805298,-0.004858875274658204,0,42
1596153565.972098,290.72611141204834,-0.004858875274658204,0,42
1596153565.982098,292.52786922454834,-0.004858875274658204,0,42
1596153565.992098,294.32670879364014,-0.004858875274658204,0,42
1596153566.002098,296.1257200241089,-0.004858875274658204,0,42
1596153566.012098,297.9257183074951,-0.004858875274658204,0,42
1596153566.022098,299.72614574432373,-0.004858875274658204,0,42
1596153566.032098,301.52588653564453,-0.004858875274658204,0,42
1596153566.042098,303.32541275024414,-0.004858875274658204,0,42
1596153566.052098,305.1265697479248,-0.004858875274658204,0,42
1596153566.062098,306.9283275604248,-0.004858875274658204,0,42
1596153566.072098,308.7279396057129,-0.004858875274658204,0,42
1596153566.082098,310.5260925292969,-0.004858875274658204,0,42
1596153566.092098,312.32724952697754,-0.004858875274658204,0,42
1596153566.102098,314.1261320114136,-0.004858875274658204,0,42
1596153566.112098,315.92720317840576,-0.004858875274658204,0,42
1596153566.122098,317.72771644592285,-0.004858875274658204,0,42
1596153566.132098,319.5263843536377,-0.004858875274658204,0,42
1596153566.142098,321.32586765289307,-0.004858875274658204,0,42
1596153566.152098,323.12706756591797,-0.004858875274658204,0,42
1596153566.162098,324.9263792037964,-0.004858875274658204,0,42
1596153566.172098,326.7254333496094,-0.004858875274658204,0,42
1596153566.182098,328.5266761779785,-0.004858875274658204,0,42
1596153566.192098,330.3253870010376,-0.004858875274658204,0,42
1596153566.202098,332.1274881362915,-0.004858875274658204,0,42
1596153566.212098,333.92512607574463,-0.004858875274658204,0,42
1596153566.2220979,335.7284288406372,-0.004858875274658204,0,42
1596153566.2320979,337.5261526107788,-0.004858875274658204,0,42
1596153566.2420979,339.3277816772461,-0.004858875274658204,0,42
1596153566.2520978,341.1272220611572,-0.004858875274658204,0,42
1596153566.2620978,342.92786407470703,-0.004858875274658204,0,42
1596153566.2720978,344.7277765274048,-0.004858875274658204,0,42
1596153566.2820978,346.5282039642334,-0.004858875274658204,0,42
1596153566.2920978,348.3274726867676,-0.004858875274658204,0,42
1596153566.3020978,350.1273422241211,-0.004858875274658204,0,42
1596153566.3120978,351.92656803131104,-0.004858875274658204,0,42
1596153566.3220978,353.72600841522217,-0.004858875274658204,0,42
1596153566.3320978,355.52630710601807,-0.004858875274658204,0,42
1596153566.3420978,357.32634830474854,-0.004858875274658204,0,42
1596153566.3520977,359.1267328262329,-0.004858875274658204,0,42
1596153566.3569705,360,-0.004858875274658204,1
1596153566.3569705,0,0,0
1596153566.3651133,1.4656877517700195,0,0
1596153566.3651133,0.14656877517700193,-0.007328438758850098,0
1596153566.3669705,0.4814801216125488,-0.007328438758850098,0,42
1596153566.3714778,1.29219388961792,-0.007328438758850098,0
1596153566.3714778,0.12921938896179194,-0.013789408206939698,0
1596153566.3769705,1.1189759731292723,-0.013789408206939698,0,42
1596153566.3869705,2.918974256515503,-0.013789408206939698,0,42
1596153566.3969705,4.7196591854095455,-0.013789408206939698,0,42
1596153566.4069705,6.5209449291229244,-0.013789408206939698,0,42
1596153566.4169705,8.317982053756714,-0.013789408206939698,0,42
1596153566.4269705,10.118280744552612,-0.013789408206939698,0,42
1596153566.4369705,11.91862235069275,-0.013789408206939698,0,42
1596153566.4469705,13.72089514732361,-0.013789408206939698,0,42
1596153566.4569705,15.520464277267457,-0.013789408206939698,0,42
1596153566.4669704,17.319089269638063,-0.013789408206939698,0,42
1596153566.4769704,19.117971754074098,-0.013789408206939698,0,42
1596153566.4869704,20.919858312606813,-0.013789408206939698,0,42
1596153566.4969704,22.720114088058473,-0.013789408206939698,0,42
1596153566.5069704,24.51843867301941,-0.013789408206939698,0,42
1596153566.5169704,26.318522787094118,-0.013789408206939698,0,42
1596153566.5269704,28.119808530807497,-0.013789408206939698,0,42
1596153566.5369704,29.917875623703004,-0.013789408206939698,0,42
1596153566.5469704,31.720620489120485,-0.013789408206939698,0,42
1596153566.5569704,33.51997504234314,-0.013789408206939698,0,42
1596153566.5669703,35.321132040023805,-0.013789408206939698,0,42
1596153566.5769703,37.120400762557985,-0.013789408206939698,0,42
1596153566.5869703,38.92069945335388,-0.013789408206939698,0,42
1596153566.5969703,40.71829447746277,-0.013789408206939698,0,42
1596153566.6069703,42.520395612716676,-0.013789408206939698,0,42
1596153566.6169703,44.320951795578004,-0.013789408206939698,0,42
1596153566.6269703,46.12030634880066,-0.013789408206939698,0,42
1596153566.6369703,47.917944288253786,-0.013789408206939698,0,42
1596153566.6469703,49.718972539901735,-0.013789408206939698,0,42
1596153566.6569703,51.51927123069763,-0.013789408206939698,0,42
1596153566.6669703,53.318969106674196,-0.013789408206939698,0,42
1596153566.6769702,55.12008318901062,-0.013789408206939698,0,42
1596153566.6869702,56.918021535873415,-0.013789408206939698,0,42
1596153566.6969702,58.721023893356325,-0.013789408206939698,0,42
1596153566.7069702,60.52097926139832,-0.013789408206939698,0,42
1596153566.7169702,62.321063375473024,-0.013789408206939698,0,42
1596153566.7269702,64.11844382286071,-0.013789408206939698,0,42
1596153566.7369702,65.92118868827819,-0.013789408206939698,0,42
1596153566.7469702,67.720929479599,-0.013789408206939698,0,42
1596153566.7569702,69.52054152488708,-0.013789408206939698,0,42
1596153566.7669702,71.32122645378112,-0.013789408206939698,0,42
1596153566.7769701,73.11873564720153,-0.013789408206939698,0,42
1596153566.7869701,74.92100844383239,-0.013789408206939698,0,42
1596153566.7969701,76.71843180656433,-0.013789408206939698,0,42
1596153566.8069701,78.5182584285736,-0.013789408206939698,0,42
1596153566.81697,80.31872878074645,-0.013789408206939698,0,42
1596153566.82697,82.12001452445983,-0.013789408206939698,0,42
1596153566.83697,83.92065653800964,-0.013789408206939698,0,42
1596153566.84697,85.71876654624938,-0.013789408206939698,0,42
1596153566.85697,87.51872191429138,-0.013789408206939698,0,42
1596153566.86697,89.31914935111999,-0.013789408206939698,0,42
1596153566.87697,91.11914763450622,-0.013789408206939698,0,42
1596153566.88697,92.9198754787445,-0.013789408206939698,0,42
1596153566.89697,94.71931586265563,-0.013789408206939698,0,42
1596153566.90697,96.518799161911,-0.013789408206939698,0,42
1596153566.91697,98.31866869926452,-0.013789408206939698,0,42
1596153566.92697,100.12081274986267,-0.013789408206939698,0,42
1596153566.93697,101.91870818138122,-0.013789408206939698,0,42
1596153566.94697,103.71879229545593,-0.013789408206939698,0,42
1596153566.95697,105.52089343070983,-0.013789408206939698,0,42
1596153566.96697,107.31956133842468,-0.013789408206939698,0,42
1596153566.97697,109.11981711387634,-0.013789408206939698,0,42
1596153566.98697,110.91925749778747,-0.013789408206939698,0,42
1596153566.99697,112.7198136806488,-0.013789408206939698,0,42
1596153567.00697,114.52041277885436,-0.013789408206939698,0,42
1596153567.01697,116.31830821037292,-0.013789408206939698,0,42
1596153567.02697,118.1210530757904,-0.013789408206939698,0,42
1596153567.03697,119.91942057609558,-0.013789408206939698,0,42
1596153567.04697,121.720534658432,-0.013789408206939698,0,42
1596153567.05697,123.51894507408142,-0.013789408206939698,0,42
1596153567.0669699,125.31834254264831,-0.013789408206939698,0,42
1596153567.0769699,127.11838374137878,-0.013789408206939698,0,42
1596153567.0869699,128.91919741630554,-0.013789408206939698,0,42
1596153567.0969698,130.7203544139862,-0.013789408206939698,0,42
1596153567.1069698,132.5208676815033,-0.013789408206939698,0,42
1596153567.1169698,134.3181622982025,-0.013789408206939698,0,42
1596153567.1269698,136.12004885673522,-0.013789408206939698,0,42
1596153567.1369698,137.92094836235046,-0.013789408206939698,0,42
1596153567.1469698,139.72021708488464,-0.013789408206939698,0,42
1596153567.1569698,141.52034411430358,-0.013789408206939698,0,42
1596153567.1669698,143.31905493736267,-0.013789408206939698,0,42
1596153567.1769698,145.1190532207489,-0.013789408206939698,0,42
1596153567.1869698,146.91982398033142,-0.013789408206939698,0,42
1596153567.1969697,148.71952185630798,-0.013789408206939698,0,42
1596153567.2069697,150.52024970054626,-0.013789408206939698,0,42
1596153567.2169697,152.31840262413024,-0.013789408206939698,0,42
1596153567.2269697,154.11951670646667,-0.013789408206939698,0,42
1596153567.2369697,155.91835627555847,-0.013789408206939698,0,42
1596153567.2469697,157.71964201927184,-0.013789408206939698,0,42
1596153567.2569697,159.52114233970642,-0.013789408206939698,0,42
1596153567.2669697,161.31981024742126,-0.013789408206939698,0,42
1596153567.2769697,163.1202805995941,-0.013789408206939698,0,42
1596153567.2869697,164.92083678245544,-0.013789408206939698,0,42
1596153567.2969697,166.720534658432,-0.013789408206939698,0,42
1596153567.3069696,168.5188163280487,-0.013789408206939698,0,42
1596153567.3169696,170.31795630455017,-0.013789408206939698,0,42
1596153567.3269696,172.1181691646576,-0.013789408206939698,0,42
1596153567.3369696,173.92104277610778,-0.013789408206939698,0,42
1596153567.3469696,175.72039732933044,-0.013789408206939698,0,42
1596153567.3569696,177.51850733757018,-0.013789408206939698,0,42
1596153567.3669696,179.3197072505951,-0.013789408206939698,0,42
1596153567.3769696,181.12095007896426,-0.013789408206939698,0,42
1596153567.3869696,182.92026171684267,-0.013789408206939698,0,42
1596153567.3969696,184.71940169334414,-0.013789408206939698,0,42
1596153567.4069695,186.52008662223818,-0.013789408206939698,0,42
1596153567.4169695,188.31858286857607,-0.013789408206939698,0,42
1596153567.4269695,190.1200402736664,-0.013789408206939698,0,42
1596153567.4369695,191.91870818138125,-0.013789408206939698,0,42
1596153567.4469695,193.71836314201357,-0.013789408206939698,0,42
1596153567.4569695,195.51986346244814,-0.013789408206939698,0,42
1596153567.4669695,197.318531370163,-0.013789408206939698,0,42
1596153567.4769695,199.1200746059418,-0.013789408206939698,0,42
1596153567.4869695,200.91878542900088,-0.013789408206939698,0,42
1596153567.4969695,202.71981368064883,-0.013789408206939698,0,42
1596153567.5069695,204.51981196403506,-0.013789408206939698,0,42
1596153567.5169694,206.32011065483096,-0.013789408206939698,0,42
1596153567.5269694,208.12015185356142,-0.013789408206939698,0,42
1596153567.5369694,209.91950640678408,-0.013789408206939698,0,42
1596153567.5469694,211.71984801292422,-0.013789408206939698,0,42
1596153567.5569694,213.51894507408144,-0.013789408206939698,0,42
1596153567.5669694,215.3205312252045,-0.013789408206939698,0,42
1596153567.5769694,217.11851248741152,-0.013789408206939698,0,42
1596153567.5869694,218.91949782371523,-0.013789408206939698,0,42
1596153567.5969694,220.71889529228213,-0.013789408206939698,0,42
1596153567.6069694,222.51910815238955,-0.013789408206939698,0,42
1596153567.6169693,224.32056555747988,-0.013789408206939698,0,42
1596153567.6269693,226.12103590965273,-0.013789408206939698,0,42
1596153567.6369693,227.92009005546572,-0.013789408206939698,0,42
1596153567.6469693,229.71927294731142,-0.013789408206939698,0,42
1596153567.6569693,231.51867041587832,-0.013789408206939698,0,42
1596153567.6669693,233.32059988975527,-0.013789408206939698,0,42
1596153567.6769693,235.11965403556826,-0.013789408206939698,0,42
1596153567.6869693,236.91960940361025,-0.013789408206939698,0,42
1596153567.6969693,238.72012267112734,-0.013789408206939698,0,42
1596153567.7069693,240.5196918010712,-0.013789408206939698,0,42
1596153567.7169693,242.31814513206484,-0.013789408206939698,0,42
1596153567.7269692,244.11938796043398,-0.013789408206939698,0,42
1596153567.7369692,245.92054495811465,-0.013789408206939698,0,42
1596153567.7469692,247.719127035141,-0.013789408206939698,0,42
1596153567.7569692,249.5185245037079,-0.013789408206939698,0,42
1596153567.7669692,251.32092604637148,-0.013789408206939698,0,42
1596153567.7769692,253.11959395408633,-0.013789408206939698,0,42
1596153567.7869692,254.91856226921084,-0.013789408206939698,0,42
1596153567.7969692,256.718903875351,-0.013789408206939698,0,42
1596153567.8069692,258.5181296825409,-0.013789408206939698,0,42
1596153567.8169692,260.3192008495331,-0.013789408206939698,0,42
1596153567.8269691,262.1196282863617,-0.013789408206939698,0,42
1596153567.8369691,263.91941199302676,-0.013789408206939698,0,42
1596153567.8469691,265.72035441398623,-0.013789408206939698,0,42
1596153567.856969,267.51945147514346,-0.013789408206939698,0,42
1596153567.866969,269.32009348869326,-0.013789408206939698,0,42
1596153567.876969,271.11983428001406,-0.013789408206939698,0,42
1596153567.886969,272.9186309337616,-0.013789408206939698,0,42
1596153567.896969,274.71965918540957,-0.013789408206939698,0,42
1596153567.906969,276.52038702964785,-0.013789408206939698,0,42
1596153567.916969,278.31866869926455,-0.013789408206939698,0,42
1596153567.926969,280.12042651176455,-0.013789408206939698,0,42
1596153567.936969,281.91780695915224,-0.013789408206939698,0,42
1596153567.946969,283.7206376552582,-0.013789408206939698,0,42
1596153567.956969,285.5209363460541,-0.013789408206939698,0,42
1596153567.966969,287.32063422203066,-0.013789408206939698,0,42
1596153567.976969,289.11857256889346,-0.013789408206939698,0,42
1596153567.986969,290.9195149898529,-0.013789408206939698,0,42
1596153567.996969,292.7192128658295,-0.013789408206939698,0,42
1596153568.006969,294.5177091121674,-0.013789408206939698,0,42
1596153568.016969,296.3183511257172,-0.013789408206939698,0,42
1596153568.026969,298.1205810070038,-0.013789408206939698,0,42
1596153568.036969,299.9177039623261,-0.013789408206939698,0,42
1596153568.046969,301.7182601451874,-0.013789408206939698,0,42
1596153568.056969,303.5209191799164,-0.013789408206939698,0,42
1596153568.066969,305.31834254264834,-0.013789408206939698,0,42
1596153568.076969,307.11911330223086,-0.013789408206939698,0,42
1596153568.086969,308.9209998607636,-0.013789408206939698,0,42
1596153568.096969,310.7209123134613,-0.013789408206939698,0,42
1596153568.1069689,312.52056727409365,-0.013789408206939698,0,42
1596153568.1169689,314.3181193828583,-0.013789408206939698,0,42
1596153568.1269689,316.11949095726015,-0.013789408206939698,0,42
1596153568.1369689,317.91931757926943,-0.013789408206939698,0,42
1596153568.1469688,319.7203458309174,-0.013789408206939698,0,42
1596153568.1569688,321.52085909843447,-0.013789408206939698,0,42
1596153568.1669688,323.3186257839203,-0.013789408206939698,0,42
1596153568.1769688,325.1198256969452,-0.013789408206939698,0,42
1596153568.1869688,326.91883692741396,-0.013789408206939698,0,42
1596153568.1969688,328.72089514732363,-0.013789408206939698,0,42
1596153568.2069688,330.5181468486786,-0.013789408206939698,0,42
1596153568.2169688,332.32072005271914,-0.013789408206939698,0,42
1596153568.2269688,334.11857256889346,-0.013789408206939698,0,42
1596153568.2369688,335.9179271221161,-0.013789408206939698,0,42
1596153568.2469687,337.7189124584198,-0.013789408206939698,0,42
1596153568.2569687,339.520884847641,-0.013789408206939698,0,42
1596153568.2669687,341.3176644802094,-0.013789408206939698,0,42
1596153568.2769687,343.11839232444765,-0.013789408206939698,0,42
1596153568.2869687,344.91804728508,-0.013789408206939698,0,42
1596153568.2969687,346.7179168224335,-0.013789408206939698,0,42
1596153568.3069687,348.51782927513125,-0.013789408206939698,0,42
1596153568.3169687,350.32083163261416,-0.013789408206939698,0,42
1596153568.3269687,352.11911330223086,-0.013789408206939698,0,42
1596153568.3369687,353.91928324699404,-0.013789408206939698,0,42
1596153568.3469687,355.72039732933047,-0.013789408206939698,0,42
1596153568.3569686,357.5203097820282,-0.013789408206939698,0,42
1596153568.3669686,359.32065138816836,-0.013789408206939698,0,42
1596153568.3707612,360,-0.013789408206939698,1
1596153568.3707612,0,0,0
1596153568.3716166,0.15398025512695312,0,0
1596153568.3716166,0.0153980255126953,-0.0007699012756347657,0
1596153568.3804734,1.6096172332763674,-0.0007699012756347657,0
1596153568.3804734,0.16096172332763672,-0.008817987442016601,0
1596153568.3807611,0.21610794067382813,-0.008817987442016601,0,42
1596153568.3907611,2.014947509765625,-0.008817987442016601,0,42
1596153568.4007611,3.8159328460693356,-0.008817987442016601,0,42
1596153568.410761,5.616188621520996,-0.008817987442016601,0,42
1596153568.420761,7.415886497497558,-0.008817987442016601,0,42
1596153568.430761,9.215798950195312,-0.008817987442016601,0,42
1596153568.440761,11.013007736206054,-0.008817987442016601,0,42
1596153568.450761,12.813563919067382,-0.008817987442016601,0,42
1596153568.460761,14.614763832092285,-0.008817987442016601,0,42
1596153568.470761,16.41295967102051,-0.008817987442016601,0,42
1596153568.480761,18.213773345947267,-0.008817987442016601,0,42
1596153568.490761,20.015531158447267,-0.008817987442016601,0,42
1596153568.500761,21.8149715423584,-0.008817987442016601,0,42
1596153568.510761,23.614326095581056,-0.008817987442016601,0,42
1596153568.520761,25.415826416015626,-0.008817987442016601,0,42
1596153568.530761,27.215610122680665,-0.008817987442016601,0,42
1596153568.540761,29.01453552246094,-0.008817987442016601,0,42
1596153568.550761,30.814705467224123,-0.008817987442016601,0,42
1596153568.560761,32.613158798217775,-0.008817987442016601,0,42
1596153568.570761,34.415174102783205,-0.008817987442016601,0,42
1596153568.580761,36.213455772399904,-0.008817987442016601,0,42
1596153568.590761,38.01414070129395,-0.008817987442016601,0,42
1596153568.600761,39.813409423828126,-0.008817987442016601,0,42
1596153568.610761,41.61529598236084,-0.008817987442016601,0,42
1596153568.620761,43.41383514404297,-0.008817987442016601,0,42
1596153568.630761,45.21537837982177,-0.008817987442016601,0,42
1596153568.640761,47.014775848388666,-0.008817987442016601,0,42
1596153568.650761,48.81520328521728,-0.008817987442016601,0,42
1596153568.6607609,50.613313293457026,-0.008817987442016601,0,42
1596153568.6707609,52.41421279907226,-0.008817987442016601,0,42
1596153568.6807609,54.21528396606445,-0.008817987442016601,0,42
1596153568.6907609,56.01420936584472,-0.008817987442016601,0,42
1596153568.7007608,57.81575260162353,-0.008817987442016601,0,42
1596153568.7107608,59.61497840881347,-0.008817987442016601,0,42
1596153568.7207608,61.41506252288818,-0.008817987442016601,0,42
1596153568.7307608,63.21506080627441,-0.008817987442016601,0,42
1596153568.7407608,65.01342830657958,-0.008817987442016601,0,42
1596153568.7507608,66.81308326721191,-0.008817987442016601,0,42
1596153568.7607608,68.61604270935058,-0.008817987442016601,0,42
1596153568.7707608,70.41449604034423,-0.008817987442016601,0,42
1596153568.7807608,72.2130781173706,-0.008817987442016601,0,42
1596153568.7907608,74.01273307800292,-0.008817987442016601,0,42
1596153568.8007607,75.81522045135497,-0.008817987442016601,0,42
1596153568.8107607,77.61581954956054,-0.008817987442016601,0,42
1596153568.8207607,79.41435871124267,-0.008817987442016601,0,42
1596153568.8307607,81.21349868774413,-0.008817987442016601,0,42
1596153568.8407607,83.01323947906494,-0.008817987442016601,0,42
1596153568.8507607,84.81370983123779,-0.008817987442016601,0,42
1596153568.8607607,86.61593971252441,-0.008817987442016601,0,42
1596153568.8707607,88.41465053558349,-0.008817987442016601,0,42
1596153568.8807607,90.21533546447755,-0.008817987442016601,0,42
1596153568.8907607,92.01366004943849,-0.008817987442016601,0,42
1596153568.9007607,93.81494579315186,-0.008817987442016601,0,42
1596153568.9107606,95.61554489135743,-0.008817987442016601,0,42
1596153568.9207606,97.41339740753175,-0.008817987442016601,0,42
1596153568.9307606,99.21541271209718,-0.008817987442016601,0,42
1596153568.9407606,101.01292190551759,-0.008817987442016601,0,42
1596153568.9507606,102.81553802490235,-0.008817987442016601,0,42
1596153568.9607606,104.61334762573243,-0.008817987442016601,0,42
1596153568.9707606,106.415749168396,-0.008817987442016601,0,42
1596153568.9807606,108.21506080627442,-0.008817987442016601,0,42
1596153568.9907606,110.01497325897218,-0.008817987442016601,0,42
1596153569.0007606,111.81475696563722,-0.008817987442016601,0,42
1596153569.0107605,113.61419734954835,-0.008817987442016601,0,42
1596153569.0207605,115.41342315673829,-0.008817987442016601,0,42
1596153569.0307605,117.2147518157959,-0.008817987442016601,0,42
1596153569.0407605,119.01307640075684,-0.008817987442016601,0,42
1596153569.0507605,120.81599292755128,-0.008817987442016601,0,42
1596153569.0607605,122.61367378234864,-0.008817987442016601,0,42
1596153569.0707605,124.41319999694825,-0.008817987442016601,0,42
1596153569.0807605,126.21577320098878,-0.008817987442016601,0,42
1596153569.0907605,128.01306781768798,-0.008817987442016601,0,42
1596153569.1007605,129.81319484710693,-0.008817987442016601,0,42
1596153569.1107605,131.61396560668945,-0.008817987442016601,0,42
1596153569.1207604,133.41271934509277,-0.008817987442016601,0,42
1596153569.1307604,135.21559295654296,-0.008817987442016601,0,42
1596153569.1407604,137.01490459442138,-0.008817987442016601,0,42
1596153569.1507604,138.81280002593994,-0.008817987442016601,0,42
1596153569.1607604,140.61322746276855,-0.008817987442016601,0,42
1596153569.1707604,142.41477069854736,-0.008817987442016601,0,42
1596153569.1807604,144.2145544052124,-0.008817987442016601,0,42
1596153569.1907604,146.01472434997558,-0.008817987442016601,0,42
1596153569.2007604,147.81343517303466,-0.008817987442016601,0,42
1596153569.2107604,149.61261806488037,-0.008817987442016601,0,42
1596153569.2207603,151.4151912689209,-0.008817987442016601,0,42
1596153569.2307603,153.21420249938964,-0.008817987442016601,0,42
1596153569.2407603,155.01317081451415,-0.008817987442016601,0,42
1596153569.2507603,156.81334075927734,-0.008817987442016601,0,42
1596153569.2607603,158.61419734954833,-0.008817987442016601,0,42
1596153569.2707603,160.41492519378662,-0.008817987442016601,0,42
1596153569.2807603,162.21582469940185,-0.008817987442016601,0,42
1596153569.2907603,164.01543674468994,-0.008817987442016601,0,42
1596153569.3007603,165.8129030227661,-0.008817987442016601,0,42
1596153569.3107603,167.61380252838134,-0.008817987442016601,0,42
1596153569.3207603,169.41547451019287,-0.008817987442016601,0,42
1596153569.3307602,171.21530113220214,-0.008817987442016601,0,42
1596153569.3407602,173.01491317749023,-0.008817987442016601,0,42
1596153569.3507602,174.81413898468017,-0.008817987442016601,0,42
1596153569.3607602,176.61306438446044,-0.008817987442016601,0,42
1596153569.3707602,178.41572341918945,-0.008817987442016601,0,42
1596153569.3807602,180.21310386657714,-0.008817987442016601,0,42
1596153569.3907602,182.01353130340576,-0.008817987442016601,0,42
1596153569.4007602,183.81327209472656,-0.008817987442016601,0,42
1596153569.4107602,185.61554489135742,-0.008817987442016601,0,42
1596153569.4207602,187.41305408477783,-0.008817987442016601,0,42
1596153569.4307601,189.2154556274414,-0.008817987442016601,0,42
1596153569.4407601,191.01382312774658,-0.008817987442016601,0,42
1596153569.4507601,192.8154951095581,-0.008817987442016601,0,42
1596153569.46076,194.6143346786499,-0.008817987442016601,0,42
1596153569.47076,196.4126163482666,-0.008817987442016601,0,42
1596153569.48076,198.21488914489746,-0.008817987442016601,0,42
1596153569.49076,200.0133424758911,-0.008817987442016601,0,42
1596153569.50076,201.81432781219482,-0.008817987442016601,0,42
1596153569.51076,203.61432609558105,-0.008817987442016601,0,42
1596153569.52076,205.4138952255249,-0.008817987442016601,0,42
1596153569.53076,207.2138505935669,-0.008817987442016601,0,42
1596153569.54076,209.01590881347656,-0.008817987442016601,0,42
1596153569.55076,210.81410465240478,-0.008817987442016601,0,42
1596153569.56076,212.61380252838134,-0.008817987442016601,0,42
1596153569.57076,214.41487369537353,-0.008817987442016601,0,42
1596153569.58076,216.21598777770996,-0.008817987442016601,0,42
1596153569.59076,218.01289615631103,-0.008817987442016601,0,42
1596153569.60076,219.81546936035156,-0.008817987442016601,0,42
1596153569.61076,221.6144805908203,-0.008817987442016601,0,42
1596153569.62076,223.41284809112548,-0.008817987442016601,0,42
1596153569.63076,225.21589336395263,-0.008817987442016601,0,42
1596153569.64076,227.01529083251953,-0.008817987442016601,0,42
1596153569.65076,228.8142162322998,-0.008817987442016601,0,42
1596153569.66076,230.6157594680786,-0.008817987442016601,0,42
1596153569.67076,232.41339740753173,-0.008817987442016601,0,42
1596153569.68076,234.21283779144287,-0.008817987442016601,0,42
1596153569.69076,236.0151964187622,-0.008817987442016601,0,42
1596153569.70076,237.81455097198486,-0.008817987442016601,0,42
1596153569.7107599,239.61403427124023,-0.008817987442016601,0,42
1596153569.7207599,241.41579208374023,-0.008817987442016601,0,42
1596153569.7307599,243.21540412902831,-0.008817987442016601,0,42
1596153569.7407598,245.01402912139892,-0.008817987442016601,0,42
1596153569.7507598,246.81535778045654,-0.008817987442016601,0,42
1596153569.7607598,248.61402568817138,-0.008817987442016601,0,42
1596153569.7707598,250.41531143188476,-0.008817987442016601,0,42
1596153569.7807598,252.21496639251708,-0.008817987442016601,0,42
1596153569.7907598,254.0146213531494,-0.008817987442016601,0,42
1596153569.8007598,255.81564960479736,-0.008817987442016601,0,42
1596153569.8107598,257.61453208923336,-0.008817987442016601,0,42
1596153569.8207598,259.41448745727536,-0.008817987442016601,0,42
1596153569.8307598,261.2150436401367,-0.008817987442016601,0,42
1596153569.8407598,263.0159431457519,-0.008817987442016601,0,42
1596153569.8507597,264.81345233917233,-0.008817987442016601,0,42
1596153569.8607597,266.6130214691162,-0.008817987442016601,0,42
1596153569.8707597,268.41362056732174,-0.008817987442016601,0,42
1596153569.8807597,270.21439132690426,-0.008817987442016601,0,42
1596153569.8907597,272.01524791717526,-0.008817987442016601,0,42
1596153569.9007597,273.81297168731686,-0.008817987442016601,0,42
1596153569.9107597,275.61507282257077,-0.008817987442016601,0,42
1596153569.9207597,277.41425571441647,-0.008817987442016601,0,42
1596153569.9307597,279.2149406433105,-0.008817987442016601,0,42
1596153569.9407597,281.0136514663696,-0.008817987442016601,0,42
1596153569.9507596,282.81515178680417,-0.008817987442016601,0,42
1596153569.9607596,284.61351928710934,-0.008817987442016601,0,42
1596153569.9707596,286.4125305175781,-0.008817987442016601,0,42
1596153569.9807596,288.2130437850952,-0.008817987442016601,0,42
1596153569.9907596,290.0138145446777,-0.008817987442016601,0,42
1596153570.0007596,291.8153577804565,-0.008817987442016601,0,42
1596153570.0107596,293.6130815505981,-0.008817987442016601,0,42
1596153570.0207596,295.4155260086059,-0.008817987442016601,0,42
1596153570.0307596,297.2143655776977,-0.008817987442016601,0,42
1596153570.0407596,299.0149646759033,-0.008817987442016601,0,42
1596153570.0507596,300.8142763137817,-0.008817987442016601,0,42
1596153570.0607595,302.61564788818356,-0.008817987442016601,0,42
1596153570.0707595,304.4147449493408,-0.008817987442016601,0,42
1596153570.0807595,306.21276912689206,-0.008817987442016601,0,42
1596153570.0907595,308.01263866424557,-0.008817987442016601,0,42
1596153570.1007595,309.8131090164184,-0.008817987442016601,0,42
1596153570.1107595,311.6131502151489,-0.008817987442016601,0,42
1596153570.1207595,313.4148221969604,-0.008817987442016601,0,42
1596153570.1307595,315.2156358718872,-0.008817987442016601,0,42
1596153570.1407595,317.0130592346191,-0.008817987442016601,0,42
1596153570.1507595,318.8130146026611,-0.008817987442016601,0,42
1596153570.1607594,320.6137424468994,-0.008817987442016601,0,42
1596153570.1707594,322.4139553070068,-0.008817987442016601,0,42
1596153570.1807594,324.2140394210815,-0.008817987442016601,0,42
1596153570.1907594,326.01249275207516,-0.008817987442016601,0,42
1596153570.2007594,327.81334934234616,-0.008817987442016601,0,42
1596153570.2107594,329.61373386383053,-0.008817987442016601,0,42
1596153570.2207594,331.4139896392822,-0.008817987442016601,0,42
1596153570.2307594,333.2128721237182,-0.008817987442016601,0,42
1596153570.2407594,335.01385746002194,-0.008817987442016601,0,42
1596153570.2507594,336.8130832672119,-0.008817987442016601,0,42
1596153570.2607594,338.614326095581,-0.008817987442016601,0,42
1596153570.2707593,340.41578350067135,-0.008817987442016601,0,42
1596153570.2807593,342.2126489639282,-0.008817987442016601,0,42
1596153570.2907593,344.0152221679687,-0.008817987442016601,0,42
1596153570.3007593,345.8132892608642,-0.008817987442016601,0,42
1596153570.3107593,347.6142316818237,-0.008817987442016601,0,42
1596153570.3207593,349.4147449493408,-0.008817987442016601,0,42
1596153570.3307593,351.213842010498,-0.008817987442016601,0,42
1596153570.3407593,353.01521358489987,-0.008817987442016601,0,42
1596153570.3507593,354.8141819000244,-0.008817987442016601,0,42
1596153570.3607593,356.6139226913452,-0.008817987442016601,0,42
1596153570.3707592,358.4146076202392,-0.008817987442016601,0,42
1596153570.3793519,359.9590879440307,-0.008817987442016601,0
1596153570.3793519,359.9959087944031,-0.008613427162170346,0
1596153570.379437,360,-0.008613427162170346,1
1596153570.379437,0,0,0
1596153570.3882282,1.5824174880981445,0,0
1596153570.3882282,0.15824174880981426,-0.007912087440490724,0
1596153570.389437,0.3786549568176268,-0.007912087440490724,0,42
1596153570.399437,2.1775803565979004,-0.007912087440490724,0,42
1596153570.409437,3.978909015655517,-0.007912087440490724,0,42
1596153570.419437,5.775946140289306,-0.007912087440490724,0,42
1596153570.429437,7.578776836395263,-0.007912087440490724,0,42
1596153570.439437,9.376672267913818,-0.007912087440490724,0,42
1596153570.449437,11.17662763595581,-0.007912087440490724,0,42
1596153570.459437,12.97890043258667,-0.007912087440490724,0,42
1596153570.469437,14.775980472564697,-0.007912087440490724,0,42
1596153570.4794369,16.57842493057251,-0.007912087440490724,0,42
1596153570.4894369,18.37589120864868,-0.007912087440490724,0,42
1596153570.4994369,20.1786789894104,-0.007912087440490724,0,42
1596153570.5094368,21.97773313522339,-0.007912087440490724,0,42
1596153570.5194368,23.777130603790287,-0.007912087440490724,0,42
1596153570.5294368,25.577987194061283,-0.007912087440490724,0,42
1596153570.5394368,27.3778567314148,-0.007912087440490724,0,42
1596153570.5494368,29.179185390472416,-0.007912087440490724,0,42
1596153570.5594368,30.978411197662357,-0.007912087440490724,0,42
1596153570.5694368,32.77634954452515,-0.007912087440490724,0,42
1596153570.5794368,34.57810735702515,-0.007912087440490724,0,42
1596153570.5894368,36.37681818008423,-0.007912087440490724,0,42
1596153570.5994368,38.17737436294556,-0.007912087440490724,0,42
1596153570.6094368,39.97655725479126,-0.007912087440490724,0,42
1596153570.6194367,41.77852964401245,-0.007912087440490724,0,42
1596153570.6294367,43.577197551727295,-0.007912087440490724,0,42
1596153570.6394367,45.37659502029419,-0.007912087440490724,0,42
1596153570.6494367,47.17706537246704,-0.007912087440490724,0,42
1596153570.6594367,48.97702074050903,-0.007912087440490724,0,42
1596153570.6694367,50.776461124420166,-0.007912087440490724,0,42
1596153570.6794367,52.5764594078064,-0.007912087440490724,0,42
1596153570.6894367,54.37692975997925,-0.007912087440490724,0,42
1596153570.6994367,56.17589807510376,-0.007912087440490724,0,42
1596153570.7094367,57.977698802948,-0.007912087440490724,0,42
1596153570.7194366,59.77662420272827,-0.007912087440490724,0,42
1596153570.7294366,61.57687997817993,-0.007912087440490724,0,42
1596153570.7394366,63.377307415008545,-0.007912087440490724,0,42
1596153570.7494366,65.17687654495239,-0.007912087440490724,0,42
1596153570.7594366,66.97884893417358,-0.007912087440490724,0,42
1596153570.7694366,68.77584314346313,-0.007912087440490724,0,42
1596153570.7794366,70.57665681838989,-0.007912087440490724,0,42
1596153570.7894366,72.37858629226685,-0.007912087440490724,0,42
1596153570.7994366,74.17828416824341,-0.007912087440490724,0,42
1596153570.8094366,75.97729539871216,-0.007912087440490724,0,42
1596153570.8194366,77.77626371383667,-0.007912087440490724,0,42
1596153570.8294365,79.57647657394409,-0.007912087440490724,0,42
1596153570.8394365,81.37643194198608,-0.007912087440490724,0,42
1596153570.8494365,83.17724561691284,-0.007912087440490724,0,42
1596153570.8594365,84.97758722305298,-0.007912087440490724,0,42
1596153570.8694365,86.7763409614563,-0.007912087440490724,0,42
1596153570.8794365,88.57603883743286,-0.007912087440490724,0,42
1596153570.8894365,90.37698125839232,-0.007912087440490724,0,42
1596153570.8994365,92.17878198623656,-0.007912087440490724,0,42
1596153570.9094365,93.9789090156555,-0.007912087440490724,0,42
1596153570.9194365,95.77701902389525,-0.007912087440490724,0,42
1596153570.9294364,97.57851934432982,-0.007912087440490724,0,42
1596153570.9394364,99.37800264358519,-0.007912087440490724,0,42
1596153570.9494364,101.17825841903685,-0.007912087440490724,0,42
1596153570.9594364,102.97576761245726,-0.007912087440490724,0,42
1596153570.9694364,104.77628087997435,-0.007912087440490724,0,42
1596153570.9794364,106.57752370834349,-0.007912087440490724,0,42
1596153570.9894364,108.37726449966429,-0.007912087440490724,0,42
1596153570.9994364,110.17670488357543,-0.007912087440490724,0,42
1596153571.0094364,111.97837686538695,-0.007912087440490724,0,42
1596153571.0194364,113.77854681015013,-0.007912087440490724,0,42
1596153571.0294363,115.5760130882263,-0.007912087440490724,0,42
1596153571.0394363,117.37605428695677,-0.007912087440490724,0,42
1596153571.0494363,119.1777262687683,-0.007912087440490724,0,42
1596153571.0594363,120.97720956802367,-0.007912087440490724,0,42
1596153571.0694363,122.77840948104857,-0.007912087440490724,0,42
1596153571.0794363,124.57857942581175,-0.007912087440490724,0,42
1596153571.0894363,126.37896394729613,-0.007912087440490724,0,42
1596153571.0994363,128.1788763999939,-0.007912087440490724,0,42
1596153571.1094363,129.9769434928894,-0.007912087440490724,0,42
1596153571.1194363,131.77625513076782,-0.007912087440490724,0,42
1596153571.1294363,133.57672548294067,-0.007912087440490724,0,42
1596153571.1394362,135.37685251235962,-0.007912087440490724,0,42
1596153571.1494362,137.17693662643433,-0.007912087440490724,0,42
1596153571.1594362,138.97839403152466,-0.007912087440490724,0,42
1596153571.1694362,140.77633237838745,-0.007912087440490724,0,42
1596153571.1794362,142.57753229141235,-0.007912087440490724,0,42
1596153571.1894362,144.3764147758484,-0.007912087440490724,0,42
1596153571.1994362,146.17602682113647,-0.007912087440490724,0,42
1596153571.2094362,147.9756817817688,-0.007912087440490724,0,42
1596153571.2194362,149.77731084823608,-0.007912087440490724,0,42
1596153571.2294362,151.5777382850647,-0.007912087440490724,0,42
1596153571.2394361,153.37597703933716,-0.007912087440490724,0,42
1596153571.2494361,155.1788935661316,-0.007912087440490724,0,42
1596153571.2594361,156.97738981246948,-0.007912087440490724,0,42
1596153571.2694361,158.77820348739624,-0.007912087440490724,0,42
1596153571.279436,160.57661390304565,-0.007912087440490724,0,42
1596153571.289436,162.37738466262817,-0.007912087440490724,0,42
1596153571.299436,164.17819833755493,-0.007912087440490724,0,42
1596153571.309436,165.97596502304077,-0.007912087440490724,0,42
1596153571.319436,167.7778515815735,-0.007912087440490724,0,42
1596153571.329436,169.5769486427307,-0.007912087440490724,0,42
1596153571.339436,171.37771940231323,-0.007912087440490724,0,42
1596153571.349436,173.17677354812622,-0.007912087440490724,0,42
1596153571.359436,174.97818803787231,-0.007912087440490724,0,42
1596153571.369436,176.77818632125854,-0.007912087440490724,0,42
1596153571.379436,178.57835626602173,-0.007912087440490724,0,42
1596153571.389436,180.3770670890808,-0.007912087440490724,0,42
1596153571.399436,182.1768078804016,-0.007912087440490724,0,42
1596153571.409436,183.97744989395142,-0.007912087440490724,0,42
1596153571.419436,185.77903604507446,-0.007912087440490724,0,42
1596153571.429436,187.5762448310852,-0.007912087440490724,0,42
1596153571.439436,189.37705850601196,-0.007912087440490724,0,42
1596153571.449436,191.17903089523315,-0.007912087440490724,0,42
1596153571.459436,192.97563886642456,-0.007912087440490724,0,42
1596153571.469436,194.7770962715149,-0.007912087440490724,0,42
1596153571.479436,196.57812452316284,-0.007912087440490724,0,42
1596153571.489436,198.37765073776245,-0.007912087440490724,0,42
1596153571.499436,200.17863607406616,-0.007912087440490724,0,42
1596153571.509436,201.97880601882935,-0.007912087440490724,0,42
1596153571.519436,203.77897596359253,-0.007912087440490724,0,42
1596153571.5294359,205.5776867866516,-0.007912087440490724,0,42
1596153571.5394359,207.37686967849731,-0.007912087440490724,0,42
1596153571.5494359,209.17875623703003,-0.007912087440490724,0,42
1596153571.5594358,210.976909160614,-0.007912087440490724,0,42
1596153571.5694358,212.77901029586792,-0.007912087440490724,0,42
1596153571.5794358,214.57712030410767,-0.007912087440490724,0,42
1596153571.5894358,216.37583112716675,-0.007912087440490724,0,42
1596153571.5994358,218.1777606010437,-0.007912087440490724,0,42
1596153571.6094358,219.97685766220093,-0.007912087440490724,0,42
1596153571.6194358,221.77887296676636,-0.007912087440490724,0,42
1596153571.6294358,223.57762670516968,-0.007912087440490724,0,42
1596153571.6394358,225.37771081924438,-0.007912087440490724,0,42
1596153571.6494358,227.1764645576477,-0.007912087440490724,0,42
1596153571.6594357,228.97886610031128,-0.007912087440490724,0,42
1596153571.6694357,230.7756028175354,-0.007912087440490724,0,42
1596153571.6794357,232.57620191574097,-0.007912087440490724,0,42
1596153571.6894357,234.37847471237183,-0.007912087440490724,0,42
1596153571.6994357,236.17589807510376,-0.007912087440490724,0,42
1596153571.7094357,237.97752714157104,-0.007912087440490724,0,42
1596153571.7194357,239.77559423446655,-0.007912087440490724,0,42
1596153571.7294357,241.5768370628357,-0.007912087440490724,0,42
1596153571.7394357,243.37868070602417,-0.007912087440490724,0,42
1596153571.7494357,245.1784644126892,-0.007912087440490724,0,42
1596153571.7594357,246.9780764579773,-0.007912087440490724,0,42
1596153571.7694356,248.7760148048401,-0.007912087440490724,0,42
1596153571.7794356,250.57579851150513,-0.007912087440490724,0,42
1596153571.7894356,252.37635469436646,-0.007912087440490724,0,42
1596153571.7994356,254.17729711532593,-0.007912087440490724,0,42
1596153571.8094356,255.97592210769653,-0.007912087440490724,0,42
1596153571.8194356,257.77613496780396,-0.007912087440490724,0,42
1596153571.8294356,259.57677698135376,-0.007912087440490724,0,42
1596153571.8394356,261.37806272506714,-0.007912087440490724,0,42
1596153571.8494356,263.1784043312073,-0.007912087440490724,0,42
1596153571.8594356,264.9779734611511,-0.007912087440490724,0,42
1596153571.8694355,266.77895879745483,-0.007912087440490724,0,42
1596153571.8794355,268.57694005966187,-0.007912087440490724,0,42
1596153571.8894355,270.37835454940796,-0.007912087440490724,0,42
1596153571.8994355,272.1784815788269,-0.007912087440490724,0,42
1596153571.9094355,273.9771065711975,-0.007912087440490724,0,42
1596153571.9194355,275.7785210609436,-0.007912087440490724,0,42
1596153571.9294355,277.57697439193726,-0.007912087440490724,0,42
1596153571.9394355,279.3784317970276,-0.007912087440490724,0,42
1596153571.9494355,281.1778292655945,-0.007912087440490724,0,42
1596153571.9594355,282.97842836380005,-0.007912087440490724,0,42
1596153571.9694355,284.7774395942688,-0.007912087440490724,0,42
1596153571.9794354,286.578510761261,-0.007912087440490724,0,42
1596153571.9894354,288.37709283828735,-0.007912087440490724,0,42
1596153571.9994354,290.17696237564087,-0.007912087440490724,0,42
1596153572.0094354,291.97837686538696,-0.007912087440490724,0,42
1596153572.0194354,293.7779030799866,-0.007912087440490724,0,42
1596153572.0294354,295.57669973373413,-0.007912087440490724,0,42
1596153572.0394354,297.37880086898804,-0.007912087440490724,0,42
1596153572.0494354,299.17588090896606,-0.007912087440490724,0,42
1596153572.0594354,300.97763872146606,-0.007912087440490724,0,42
1596153572.0694354,302.7766070365906,-0.007912087440490724,0,42
1596153572.0794353,304.5767340660095,-0.007912087440490724,0,42
1596153572.0894353,306.3755736351013,-0.007912087440490724,0,42
1596153572.0994353,308.17870473861694,-0.007912087440490724,0,42
1596153572.1094353,309.97835969924927,-0.007912087440490724,0,42
1596153572.1194353,311.7785725593567,-0.007912087440490724,0,42
1596153572.1294353,313.57633924484253,-0.007912087440490724,0,42
1596153572.1394353,315.3773674964905,-0.007912087440490724,0,42
1596153572.1494353,317.17706537246704,-0.007912087440490724,0,42
1596153572.1594353,318.9756474494934,-0.007912087440490724,0,42
1596153572.1694353,320.7768044471741,-0.007912087440490724,0,42
1596153572.1794353,322.57572984695435,-0.007912087440490724,0,42
1596153572.1894352,324.37559938430786,-0.007912087440490724,0,42
1596153572.1994352,326.1783013343811,-0.007912087440490724,0,42
1596153572.2094352,327.97641134262085,-0.007912087440490724,0,42
1596153572.2194352,329.7758946418762,-0.007912087440490724,0,42
1596153572.2294352,331.5755925178528,-0.007912087440490724,0,42
1596153572.2394352,333.37571954727173,-0.007912087440490724,0,42
1596153572.2494352,335.17837858200073,-0.007912087440490724,0,42
1596153572.2594352,336.97601652145386,-0.007912087440490724,0,42
1596153572.2694352,338.77854681015015,-0.007912087440490724,0,42
1596153572.2794352,340.5770859718323,-0.007912087440490724,0,42
1596153572.2894351,342.376097202301,-0.007912087440490724,0,42
1596153572.2994351,344.1760096549988,-0.007912087440490724,0,42
1596153572.3094351,345.97772455215454,-0.007912087440490724,0,42
1596153572.3194351,347.77836656570435,-0.007912087440490724,0,42
1596153572.329435,349.57866525650024,-0.007912087440490724,0,42
1596153572.339435,351.3780198097229,-0.007912087440490724,0,42
1596153572.349435,353.17849016189575,-0.007912087440490724,0,42
1596153572.359435,354.97835969924927,-0.007912087440490724,0,42
1596153572.369435,356.77595472335815,-0.007912087440490724,0,42
1596153572.379435,358.57771253585815,-0.007912087440490724,0,42
1596153572.387355,360,-0.007912087440490724,1
1596153572.387355,0,0,0
1596153572.392089,0.8520841598510742,0,0
1596153572.392089,0.08520841598510742,-0.004260420799255371,0
1596153572.397355,1.0349249839782715,-0.004260420799255371,0,42
1596153572.407355,2.8356528282165527,-0.004260420799255371,0,42
1596153572.417355,4.635050296783447,-0.004260420799255371,0,42
1596153572.427355,6.434018611907959,-0.004260420799255371,0,42
1596153572.437355,8.23401689529419,-0.004260420799255371,0,42
1596153572.447355,10.033586025238037,-0.004260420799255371,0,42
1596153572.457355,11.835644245147705,-0.004260420799255371,0,42
1596153572.467355,13.634955883026123,-0.004260420799255371,0,42
1596153572.477355,15.43581247329712,-0.004260420799255371,0,42
1596153572.487355,17.234179973602295,-0.004260420799255371,0,42
1596153572.497355,19.0348219871521,-0.004260420799255371,0,42
1596153572.507355,20.834391117095947,-0.004260420799255371,0,42
1596153572.517355,22.63636350631714,-0.004260420799255371,0,42
1596153572.527355,24.434731006622314,-0.004260420799255371,0,42
1596153572.537355,26.23357057571411,-0.004260420799255371,0,42
1596153572.547355,28.036186695098877,-0.004260420799255371,0,42
1596153572.557355,29.83386754989624,-0.004260420799255371,0,42
1596153572.567355,31.635453701019287,-0.004260420799255371,0,42
1596153572.577355,33.434507846832275,-0.004260420799255371,0,42
1596153572.587355,35.2356219291687,-0.004260420799255371,0,42
1596153572.597355,37.033302783966064,-0.004260420799255371,0,42
1596153572.6073549,38.83643388748169,-0.004260420799255371,0,42
1596153572.6173549,40.63317060470581,-0.004260420799255371,0,42
1596153572.6273549,42.43351221084595,-0.004260420799255371,0,42
1596153572.6373549,44.23625707626343,-0.004260420799255371,0,42
1596153572.6473548,46.035869121551514,-0.004260420799255371,0,42
1596153572.6573548,47.834365367889404,-0.004260420799255371,0,42
1596153572.6673548,49.63620901107788,-0.004260420799255371,0,42
1596153572.6773548,51.433589458465576,-0.004260420799255371,0,42
1596153572.6873548,53.23607683181763,-0.004260420799255371,0,42
1596153572.6973548,55.03324270248413,-0.004260420799255371,0,42
1596153572.7073548,56.83354139328003,-0.004260420799255371,0,42
1596153572.7173548,58.63384008407593,-0.004260420799255371,0,42
1596153572.7273548,60.43452501296997,-0.004260420799255371,0,42
1596153572.7373548,62.23327875137329,-0.004260420799255371,0,42
1596153572.7473547,64.03383493423462,-0.004260420799255371,0,42
1596153572.7573547,65.83409070968628,-0.004260420799255371,0,42
1596153572.7673547,67.63602018356323,-0.004260420799255371,0,42
1596153572.7773547,69.43455934524536,-0.004260420799255371,0,42
1596153572.7873547,71.23541593551636,-0.004260420799255371,0,42
1596153572.7973547,73.03545713424683,-0.004260420799255371,0,42
1596153572.8073547,74.83524084091187,-0.004260420799255371,0,42
1596153572.8173547,76.63519620895386,-0.004260420799255371,0,42
1596153572.8273547,78.43575239181519,-0.004260420799255371,0,42
1596153572.8373547,80.23442029953003,-0.004260420799255371,0,42
1596153572.8473547,82.03523397445679,-0.004260420799255371,0,42
1596153572.8573546,83.83553266525269,-0.004260420799255371,0,42
1596153572.8673546,85.6330418586731,-0.004260420799255371,0,42
1596153572.8773546,87.43342638015747,-0.004260420799255371,0,42
1596153572.8873546,89.23561334609985,-0.004260420799255371,0,42
1596153572.8973546,91.03398084640503,-0.004260420799255371,0,42
1596153572.9073546,92.83363580703735,-0.004260420799255371,0,42
1596153572.9173546,94.63539361953735,-0.004260420799255371,0,42
1596153572.9273546,96.43414735794067,-0.004260420799255371,0,42
1596153572.9373546,98.23457479476929,-0.004260420799255371,0,42
1596153572.9473546,100.03311395645142,-0.004260420799255371,0,42
1596153572.9573545,101.83577299118042,-0.004260420799255371,0,42
1596153572.9673545,103.63577127456665,-0.004260420799255371,0,42
1596153572.9773545,105.43448209762573,-0.004260420799255371,0,42
1596153572.9873545,107.2350811958313,-0.004260420799255371,0,42
1596153572.9973545,109.03598070144653,-0.004260420799255371,0,42
